session_id,zone,sport,session_date,day_number,start_time,end_time,starts_at,ends_at,status,medal,schedule_version,venue_id,venue_name,exposure,region,loc_id,lat,lon,is_scorable,n_analog_days,athlete_wbgt_median_c,athlete_wbgt_p90_c,athlete_wbgt_max_c,arrival_wbgt_p90_c,peak_temp_median_c,p_yellow_or_worse,p_red_or_worse,p_black,p90_flag,p90_flag_rank,svi_overall_pctile,share_65_plus,share_hh_no_vehicle,est_population_3km,lst_500m_median_c,lst_anomaly_500m_c,ozone_aqi_p90,share_days_ozone_aqi_gt_100,score_athlete_heat,score_spectator_heat,score_community,score_surface_heat,score_air_quality,risk_score,weight_coverage
280ec3b75e4c8168af659d32f1f9540e,Inglewood Zone,Swimming,2028-07-27,13,18:00,20:00,2028-07-27 18:00:00-07,2028-07-27 20:00:00-07,scheduled,gold,3.1,sofi_stadium,SoFi Stadium,covered,la_metro,33.953_-118.339,33.9534074,-118.3390098,true,77,20.059979454587552,22.387423062975763,23.38332159958643,26.319867051558994,24.5,0.0,0.0,0.0,none,0,0.7949743701228478,0.1275460706213522,0.09863803257310466,134132.0,42.962126805734115,-2.661845745331796,46.0,0.0,19.56904149980134,51.802188947204876,79.49743701228478,23.38154254668204,0.0,38.0,1.0
3775f7ef11d8e28e256be9eb57150035,Long Beach Zone,Beach Volleyball,2028-07-18,4,14:00,18:00,2028-07-18 14:00:00-07,2028-07-18 18:00:00-07,scheduled,,3.1,alamitos_beach,Alamitos Beach Stadium,outdoor,la_metro,33.762_-118.178,33.7622,-118.178,true,77,24.72906173284028,25.86696754098172,27.7892392538435,25.803736805802316,25.8,0.0,0.0,0.0,none,0,0.722444167544943,0.09900287134830982,0.1447523855740016,119359.0,40.29293224720002,-3.915892902295056,44.0,0.0,48.089897876899336,47.57161316231407,72.2444167544943,10.84107097704944,0.0,44.3,1.0
364a48085ed0b5cd4a9348a5adb95727,Long Beach Zone,Beach Volleyball,2028-07-19,5,14:00,18:00,2028-07-19 14:00:00-07,2028-07-19 18:00:00-07,scheduled,,3.1,alamitos_beach,Alamitos Beach Stadium,outdoor,la_metro,33.762_-118.178,33.7622,-118.178,true,77,24.940047866284555,26.082301200105167,28.051568246028406,25.915554955055526,26.0,0.0,0.0,0.0,none,0,0.722444167544943,0.09900287134830982,0.1447523855740016,119359.0,40.29293224720002,-3.915892902295056,44.0,0.0,49.85492786971449,48.48815536930759,72.2444167544943,10.84107097704944,0.0,45.1,1.0
44a92b221f7f01b4cea5ccdbea759787,Long Beach Zone,Beach Volleyball,2028-07-23,9,13:00,15:00,2028-07-23 13:00:00-07,2028-07-23 15:00:00-07,scheduled,,3.1,alamitos_beach,Alamitos Beach Stadium,outdoor,la_metro,33.762_-118.178,33.7622,-118.178,true,77,25.337182831055607,27.396890129361108,28.580688639565835,27.274911547977506,26.7,0.0,0.0,0.0,green,1,0.722444167544943,0.09900287134830982,0.1447523855740016,119359.0,40.29293224720002,-3.915892902295056,44.0,0.0,60.6302469619763,59.63042252440579,72.2444167544943,10.84107097704944,0.0,51.7,1.0
759592ae0a74db7b58f95e151435a911,Long Beach Zone,Open Water Swimming,2028-07-18,4,13:30,16:30,2028-07-18 13:30:00-07,2028-07-18 16:30:00-07,scheduled,gold,3.1,belmont_shore,Belmont Shore,outdoor,la_metro,33.757_-118.137,33.7572435,-118.1370107,true,77,24.79851811843698,26.018818084466833,28.060076464339286,25.85088353109048,26.2,0.0,0.0,0.0,none,0,0.25663974898633546,0.16622647675774047,0.04377574088491976,63598.0,42.23614688798067,-0.7561596559308086,44.0,0.0,49.334574462842895,47.95806173024985,25.663974898633548,42.438403440691914,0.0,38.6,1.0
4503f607d25a527a3a9eb1a96ebb9874,Carson Zone,Tennis,2028-07-19,5,11:00,16:30,2028-07-19 11:00:00-07,2028-07-19 16:30:00-07,scheduled,,3.1,carson_tennis,Carson Tennis Center (Dignity Health Sports Park),outdoor,la_metro,33.862_-118.263,33.8623767,-118.2629113,true,77,26.293789632122202,27.50912681790991,29.36797470267799,26.289419700029388,28.6,0.0,0.0,0.0,green,1,0.6024817596311259,0.18387482189886747,0.036071101931309975,48804.0,43.99505605118883,-2.327804008098596,47.0,0.0,61.550219818933684,51.55262049204416,60.248175963112594,26.721959919014036,0.0,49.2,1.0
80da966c009e472244fa4569a012e625,Carson Zone,Tennis,2028-07-19,5,11:00,16:30,2028-07-19 11:00:00-07,2028-07-19 16:30:00-07,scheduled,,3.1,carson_tennis,Carson Tennis Center (Dignity Health Sports Park),outdoor,la_metro,33.862_-118.263,33.8623767,-118.2629113,true,77,26.293789632122202,27.50912681790991,29.36797470267799,26.289419700029388,28.6,0.0,0.0,0.0,green,1,0.6024817596311259,0.18387482189886747,0.036071101931309975,48804.0,43.99505605118883,-2.327804008098596,47.0,0.0,61.550219818933684,51.55262049204416,60.248175963112594,26.721959919014036,0.0,49.2,1.0
a70adb9c693d5a5c3ba6051428ed1da8,Carson Zone,Tennis,2028-07-19,5,11:00,16:30,2028-07-19 11:00:00-07,2028-07-19 16:30:00-07,scheduled,,3.1,carson_tennis,Carson Tennis Center (Dignity Health Sports Park),outdoor,la_metro,33.862_-118.263,33.8623767,-118.2629113,true,77,26.293789632122202,27.50912681790991,29.36797470267799,26.289419700029388,28.6,0.0,0.0,0.0,green,1,0.6024817596311259,0.18387482189886747,0.036071101931309975,48804.0,43.99505605118883,-2.327804008098596,47.0,0.0,61.550219818933684,51.55262049204416,60.248175963112594,26.721959919014036,0.0,49.2,1.0
a55391ad41667160eb1d8a202a460cb0,Carson Zone,Tennis,2028-07-25,11,18:30,23:30,2028-07-25 18:30:00-07,2028-07-25 23:30:00-07,scheduled,,3.1,carson_tennis,Carson Tennis Center (Dignity Health Sports Park),outdoor,la_metro,33.862_-118.263,33.8623767,-118.2629113,true,77,21.583746126899964,23.32544661956579,25.762170192527467,24.6669606638692,23.4,0.0,0.0,0.0,none,0,0.6024817596311259,0.18387482189886747,0.036071101931309975,48804.0,43.99505605118883,-2.327804008098596,47.0,0.0,27.257759176768758,38.253775933354106,60.248175963112594,26.721959919014036,0.0,33.8,1.0
7dbfe4b15b0175b8832df51765c87e36,Carson Zone,Hockey,2028-07-17,3,09:00,14:00,2028-07-17 09:00:00-07,2028-07-17 14:00:00-07,scheduled,,3.1,carson_field,Carson Field (hockey),outdoor,la_metro,33.862_-118.263,33.8623767,-118.2629113,true,77,26.10058611842507,27.283521864127692,31.95966743080922,22.448778086856564,28.2,0.012987012987012988,0.012987012987012988,0.0,green,1,0.6024817596311259,0.18387482189886747,0.036071101931309975,48804.0,43.99505605118883,-2.327804008098596,47.0,0.0,59.70099888629257,20.07195153161118,60.248175963112594,26.721959919014036,0.0,40.6,1.0
9eb1d7d0814f7613fa3abf28c33e50c7,Carson Zone,Rugby Sevens,2028-07-16,2,16:00,19:00,2028-07-16 16:00:00-07,2028-07-16 19:00:00-07,scheduled,,3.1,carson_stadium,Carson Stadium (Dignity Health Sports Park),outdoor,la_metro,33.862_-118.263,33.8623767,-118.2629113,true,77,24.706523609754147,25.748111648241615,27.17792950023292,26.364114884412263,26.8,0.0,0.0,0.0,none,0,0.6024817596311259,0.18387482189886747,0.036071101931309975,48804.0,43.99505605118883,-2.327804008098596,47.0,0.0,47.11566924788209,52.164876101739864,60.248175963112594,26.721959919014036,0.0,44.3,1.0
09abe3cfc58e04ea7139c8830a98c61d,Carson Zone,Rugby Sevens,2028-07-17,3,16:00,19:00,2028-07-17 16:00:00-07,2028-07-17 19:00:00-07,scheduled,,3.1,carson_stadium,Carson Stadium (Dignity Health Sports Park),outdoor,la_metro,33.862_-118.263,33.8623767,-118.2629113,true,77,24.73237787815977,25.77777746549838,27.17792950023292,26.45366276221029,26.8,0.0,0.0,0.0,none,0,0.6024817596311259,0.18387482189886747,0.036071101931309975,48804.0,43.99505605118883,-2.327804008098596,47.0,0.0,47.35883168441297,52.89887510008434,60.248175963112594,26.721959919014036,0.0,44.5,1.0
89c365516c0e20cce6cb2907caa2b7e8,Universal City Zone,Squash,2028-07-24,10,20:30,23:30,2028-07-24 20:30:00-07,2028-07-24 23:30:00-07,scheduled,gold,3.1,universal_squash,Comcast Squash Center at Universal Studios,indoor,la_metro,34.139_-118.354,34.1392322,-118.3543834,true,77,,,,22.350260421794495,21.2,0.0,0.0,0.0,indoor,,0.27314579213257967,0.13454548874799477,0.060475225266751254,57367.0,42.11921961330288,-0.5442844072706237,108.0,0.15053763440860216,,19.264429686840124,27.314579213257968,44.55715592729376,75.26881720430107,34.2,0.65
ff4ab271603523c7e4381516a5531978,DTLA Zone,Artistic Gymnastics,2028-07-15,1,19:30,22:00,2028-07-15 19:30:00-07,2028-07-15 22:00:00-07,scheduled,,3.1,crypto_arena,Crypto.com Arena,indoor,la_metro,34.043_-118.267,34.0429979,-118.2671352,true,77,,,,23.091399671173786,22.6,0.0,0.0,0.0,indoor,,0.8390710676842138,0.11034913662248746,0.3229660791465282,250992.0,44.956872521372205,-1.7580160159927765,74.0,0.021505376344086023,,25.339341566998247,83.90710676842139,32.419839840072235,10.75268817204301,42.2,0.65
8686f9b2002f705a6aeafd6d641588df,DTLA Zone,Artistic Gymnastics,2028-07-16,2,15:05,16:45,2028-07-16 15:05:00-07,2028-07-16 16:45:00-07,scheduled,,3.1,crypto_arena,Crypto.com Arena,indoor,la_metro,34.043_-118.267,34.0429979,-118.2671352,true,77,,,,27.36225063100701,29.0,0.0,0.0,0.0,indoor,,0.8390710676842138,0.11034913662248746,0.3229660791465282,250992.0,44.956872521372205,-1.7580160159927765,74.0,0.021505376344086023,,60.346316647598464,83.90710676842139,32.419839840072235,10.75268817204301,55.7,0.65
046912336d807b89e799034b45e94aa2,Exposition Park Zone,Flag Football,2028-07-16,2,14:00,17:15,2028-07-16 14:00:00-07,2028-07-16 17:15:00-07,scheduled,,3.1,bmo_stadium,BMO Stadium,outdoor,la_metro,34.013_-118.284,34.012814,-118.2840892,true,77,25.160769882062358,26.54403335191596,30.04565928839179,27.12920245229797,27.9,0.012987012987012988,0.0,0.0,none,0,0.889761315639675,0.08244607076326733,0.18066424292001207,227191.0,44.454678368927794,-2.33653947573314,71.0,0.021505376344086023,53.63961763865541,58.43608567457353,88.9761315639675,26.634605242668595,10.75268817204301,54.9,1.0
f6273b5ad098d371e9dc7af4c24b1a38,Exposition Park Zone,Flag Football,2028-07-22,8,12:30,15:40,2028-07-22 12:30:00-07,2028-07-22 15:40:00-07,scheduled,gold,3.1,bmo_stadium,BMO Stadium,outdoor,la_metro,34.013_-118.284,34.012814,-118.2840892,true,77,26.26093969977422,28.165720871079962,29.952528743980544,28.19173160574248,28.9,0.025974025974025976,0.0,0.0,green,1,0.889761315639675,0.08244607076326733,0.18066424292001207,227191.0,44.454678368927794,-2.33653947573314,71.0,0.021505376344086023,66.93213828754068,67.14534103067606,88.9761315639675,26.634605242668595,10.75268817204301,61.7,1.0
3d5d6c764ffc99684f826988f896ae3a,Pomona Zone,Cricket,2028-07-15,1,18:00,21:30,2028-07-15 18:00:00-07,2028-07-15 21:30:00-07,scheduled,,3.1,fairplex_cricket,Fairgrounds Cricket Stadium (Fairplex),outdoor,la_metro,34.087_-117.767,34.0870515,-117.7668542,true,77,24.29472958667734,25.43796986086359,26.12208704832434,26.70048987823807,28.9,0.0,0.0,0.0,none,0,0.7307144233518286,0.1444376036552249,0.06587964703957196,61516.0,47.23916496816421,1.1143602628049933,156.0,0.4327956989247312,44.573523449701554,54.92204818227927,73.07144233518285,61.14360262804993,100.0,60.1,1.0
8b12b5182a2dab73dbbf946715dc0c43,Exposition Park Zone,Badminton,2028-07-18,4,14:00,16:35,2028-07-18 14:00:00-07,2028-07-18 16:35:00-07,scheduled,,3.1,galen_center,Galen Center,indoor,la_metro,34.021_-118.28,34.020753,-118.2797965,true,77,,,,27.452038648063407,28.1,0.0,0.0,0.0,indoor,,0.880924266400335,0.08445838018839198,0.19996670316057882,219220.0,44.8627076408096,-2.06563381306729,71.0,0.021505376344086023,,61.082284000519735,88.09242664003351,29.343661869327097,10.75268817204301,56.8,0.65
6a0255dd039f8bcac8d7d2a0a6a093b8,Exposition Park Zone,Badminton,2028-07-23,9,08:00,11:35,2028-07-23 08:00:00-07,2028-07-23 11:35:00-07,scheduled,gold,3.1,galen_center,Galen Center,indoor,la_metro,34.021_-118.28,34.020753,-118.2797965,true,77,,,,20.56984358528998,27.2,0.0,0.0,0.0,indoor,,0.880924266400335,0.08445838018839198,0.19996670316057882,219220.0,44.8627076408096,-2.06563381306729,71.0,0.021505376344086023,,4.670849059753939,88.09242664003351,29.343661869327097,10.75268817204301,35.1,0.65
8ba1dd326c3d0a7dc29ac948f739ba74,Griffith Park Zone,Cycling Road (Road Race - Finish),2028-07-22,8,11:30,16:15,2028-07-22 11:30:00-07,2028-07-22 16:15:00-07,scheduled,gold,3.1,griffith_observatory,Griffith Observatory (road cycling finish),outdoor,la_metro,34.118_-118.3,34.1182187,-118.3002933,true,77,27.187439003450436,29.450718473535314,31.088767769519666,27.783828944670308,31.7,0.11688311688311688,0.0,0.0,yellow,2,0.5157286650884269,0.14890445432890007,0.1689954895258233,82788.0,37.95189406873433,-5.0247680641163335,74.0,0.021505376344086023,77.46490552078127,63.80187659565827,51.57286650884269,0.0,10.75268817204301,54.5,1.0
2a0581f98ddf8d1bd9b272671c0f3500,Griffith Park Zone,Cycling Road (Road Race - Finish),2028-07-23,9,09:00,16:15,2028-07-23 09:00:00-07,2028-07-23 16:15:00-07,scheduled,gold,3.1,griffith_observatory,Griffith Observatory (road cycling finish),outdoor,la_metro,34.118_-118.3,34.1182187,-118.3002933,true,77,27.187439003450436,29.543902465706957,31.088767769519666,24.0337924398398,31.2,0.12987012987012986,0.0,0.0,yellow,2,0.5157286650884269,0.14890445432890007,0.1689954895258233,82788.0,37.95189406873433,-5.0247680641163335,74.0,0.021505376344086023,78.22870873530293,33.06387245770328,51.57286650884269,0.0,10.75268817204301,47.0,1.0
6321d94dae2c4a53c44386379b787a60,Anaheim Zone,Volleyball,2028-07-15,1,13:00,15:30,2028-07-15 13:00:00-07,2028-07-15 15:30:00-07,scheduled,,3.1,honda_center,Honda Center,indoor,la_metro,33.808_-117.877,33.8078316,-117.876534,true,77,,,,27.04096961979908,28.2,0.0,0.0,0.0,indoor,,0.6492647210536929,0.10353301803233088,0.039734922549210024,65718.0,47.43342904084868,0.4938292016918844,50.0,0.008064516129032258,,57.71286573605803,64.9264721053693,54.938292016918844,4.032258064516129,51.2,0.65
d995b14a56310e9681cd2b47dd974650,Anaheim Zone,Volleyball,2028-07-23,9,17:00,19:30,2028-07-23 17:00:00-07,2028-07-23 19:30:00-07,scheduled,,3.1,honda_center,Honda Center,indoor,la_metro,33.808_-117.877,33.8078316,-117.876534,true,77,,,,27.344273995101616,26.8,0.0,0.0,0.0,indoor,,0.6492647210536929,0.10353301803233088,0.039734922549210024,65718.0,47.43342904084868,0.4938292016918844,50.0,0.008064516129032258,,60.19896717296407,64.9264721053693,54.938292016918844,4.032258064516129,52.2,0.65
0d9ef455bc775513fd80dc330f9bebe5,Inglewood Zone,Basketball,2028-07-13,-1,12:00,16:15,2028-07-13 12:00:00-07,2028-07-13 16:15:00-07,scheduled,,3.1,intuit_dome,Intuit Dome,indoor,la_metro,33.944_-118.342,33.9442586,-118.3421719,true,77,,,,26.928031099305887,28.1,0.0,0.0,0.0,indoor,,0.7865262445201856,0.12097864688174088,0.08769264672004806,126876.0,44.7527136597483,-0.683253233979471,46.0,0.0,,56.78714015824497,78.65262445201856,43.16746766020529,0.0,52.7,0.65
9d7cb4b890f8ee1a1f98ccb7e289bcb0,Inglewood Zone,Basketball,2028-07-15,1,18:00,19:45,2028-07-15 18:00:00-07,2028-07-15 19:45:00-07,scheduled,,3.1,intuit_dome,Intuit Dome,indoor,la_metro,33.944_-118.342,33.9442586,-118.3421719,true,77,,,,24.664927103186063,24.0,0.0,0.0,0.0,indoor,,0.7865262445201856,0.12097864688174088,0.08769264672004806,126876.0,44.7527136597483,-0.683253233979471,46.0,0.0,,38.23710740316445,78.65262445201856,43.16746766020529,0.0,45.5,0.65
132b4c8e7223f37ea336511c553ef1cd,Inglewood Zone,Basketball,2028-07-19,5,18:00,19:45,2028-07-19 18:00:00-07,2028-07-19 19:45:00-07,scheduled,,3.1,intuit_dome,Intuit Dome,indoor,la_metro,33.944_-118.342,33.9442586,-118.3421719,true,77,,,,25.193529489954898,24.3,0.0,0.0,0.0,indoor,,0.7865262445201856,0.12097864688174088,0.08769264672004806,126876.0,44.7527136597483,-0.683253233979471,46.0,0.0,,42.56991385208933,78.65262445201856,43.16746766020529,0.0,47.2,0.65
ceffc7397ddb180c1b23607dcdb8d31c,Inglewood Zone,Basketball,2028-07-27,13,21:30,23:30,2028-07-27 21:30:00-07,2028-07-27 23:30:00-07,scheduled,,3.1,intuit_dome,Intuit Dome,indoor,la_metro,33.944_-118.342,33.9442586,-118.3421719,true,77,,,,20.426757652025067,20.8,0.0,0.0,0.0,indoor,,0.7865262445201856,0.12097864688174088,0.08769264672004806,126876.0,44.7527136597483,-0.683253233979471,46.0,0.0,,3.4980135411890747,78.65262445201856,43.16746766020529,0.0,32.2,0.65
e3aa1b49eb91ce1f531add951c61608e,DTLA Zone,Fencing,2028-07-17,3,18:30,22:40,2028-07-17 18:30:00-07,2028-07-17 22:40:00-07,scheduled,gold,3.1,la_convention_center,Los Angeles Convention Center,indoor,la_metro,34.041_-118.269,34.0414677,-118.2689803,true,77,,,,25.026086309689884,24.8,0.0,0.0,0.0,indoor,,0.8429400714333551,0.10879754283099419,0.3231605710375201,251468.0,45.231211044975936,-1.3487515220421429,74.0,0.021505376344086023,,41.197428767949866,84.29400714333552,36.51248477957857,10.75268817204301,49.1,0.65
755a3932bcc01b96c410aeaa7b240a39,DTLA Zone,Taekwondo,2028-07-27,13,15:00,18:00,2028-07-27 15:00:00-07,2028-07-27 18:00:00-07,scheduled,,3.1,la_convention_center,Los Angeles Convention Center,indoor,la_metro,34.041_-118.269,34.0414677,-118.2689803,true,77,,,,29.0036991112603,30.4,0.0,0.0,0.0,indoor,,0.8429400714333551,0.10879754283099419,0.3231605710375201,251468.0,45.231211044975936,-1.3487515220421429,74.0,0.021505376344086023,,73.80081238737951,84.29400714333552,36.51248477957857,10.75268817204301,61.6,0.65
9dc5a4e426f794e27e1ddf90de156e6e,DTLA Zone,Taekwondo,2028-07-27,13,19:30,23:00,2028-07-27 19:30:00-07,2028-07-27 23:00:00-07,scheduled,gold,3.1,la_convention_center,Los Angeles Convention Center,indoor,la_metro,34.041_-118.269,34.0414677,-118.2689803,true,77,,,,23.98904072259317,23.2,0.0,0.0,0.0,indoor,,0.8429400714333551,0.10879754283099419,0.3231605710375201,251468.0,45.231211044975936,-1.3487515220421429,74.0,0.021505376344086023,,32.69705510322271,84.29400714333552,36.51248477957857,10.75268817204301,45.8,0.65
5a41e7161ca6568905461f2edfa8a91c,DTLA Zone,Table Tennis,2028-07-23,9,14:00,16:00,2028-07-23 14:00:00-07,2028-07-23 16:00:00-07,scheduled,,3.1,la_convention_center,Los Angeles Convention Center,indoor,la_metro,34.041_-118.269,34.0414677,-118.2689803,true,77,,,,29.224968020956542,31.3,0.0,0.0,0.0,indoor,,0.8429400714333551,0.10879754283099419,0.3231605710375201,251468.0,45.231211044975936,-1.3487515220421429,74.0,0.021505376344086023,,75.61449197505362,84.29400714333552,36.51248477957857,10.75268817204301,62.3,0.65
de1f52d9c88f7c6dad4f910d8fa3a292,Long Beach Zone,Artistic Swimming,2028-07-25,11,11:00,13:00,2028-07-25 11:00:00-07,2028-07-25 13:00:00-07,scheduled,,3.1,lb_aquatics,Long Beach Aquatics Center,outdoor,la_metro,33.765_-118.191,33.7647297,-118.1906881,true,77,24.983751952602073,27.376789323131906,28.495712639845497,25.84637375042976,25.6,0.0,0.0,0.0,green,1,0.7801262996131555,0.09415469660013052,0.16332926682508087,104578.0,41.78719308315273,-2.5038959552027364,44.0,0.0,60.465486255179556,47.92109631499803,78.01262996131555,24.961040447972636,0.0,51.2,1.0
fdf3f9c5e3778f97d6761097a446600c,Long Beach Zone,Artistic Swimming,2028-07-26,12,11:00,13:15,2028-07-26 11:00:00-07,2028-07-26 13:15:00-07,scheduled,gold,3.1,lb_aquatics,Long Beach Aquatics Center,outdoor,la_metro,33.765_-118.191,33.7647297,-118.1906881,true,77,24.95584531014459,27.376789323131906,28.495712639845497,25.934685855205238,25.5,0.0,0.0,0.0,green,1,0.7801262996131555,0.09415469660013052,0.16332926682508087,104578.0,41.78719308315273,-2.5038959552027364,44.0,0.0,60.465486255179556,48.64496602627245,78.01262996131555,24.961040447972636,0.0,51.4,1.0
56997018a387a0a45eb586004642ebed,Long Beach Zone,Artistic Swimming,2028-07-29,15,10:45,12:30,2028-07-29 10:45:00-07,2028-07-29 12:30:00-07,scheduled,gold,3.1,lb_aquatics,Long Beach Aquatics Center,outdoor,la_metro,33.765_-118.191,33.7647297,-118.1906881,true,77,24.828966992175527,26.586791641321142,27.65779521529628,25.704691480547982,25.1,0.0,0.0,0.0,none,0,0.7801262996131555,0.09415469660013052,0.16332926682508087,104578.0,41.78719308315273,-2.5038959552027364,44.0,0.0,53.9900954206651,46.759766233999855,78.01262996131555,24.961040447972636,0.0,48.7,1.0
59930cbf6fcfc6e20a4eafc550d14c9f,Long Beach Zone,Water Polo,2028-07-16,2,19:00,22:00,2028-07-16 19:00:00-07,2028-07-16 22:00:00-07,scheduled,,3.1,lb_aquatics,Long Beach Aquatics Center,outdoor,la_metro,33.765_-118.191,33.7647297,-118.1906881,true,77,21.027406474284533,22.336317253208115,23.43360708148704,23.471891063771817,22.0,0.0,0.0,0.0,none,0,0.7801262996131555,0.09415469660013052,0.16332926682508087,104578.0,41.78719308315273,-2.5038959552027364,44.0,0.0,19.15014141973865,28.458123473539487,78.01262996131555,24.961040447972636,0.0,31.9,1.0
1e273aee23b0f83f8eb29f4f56cea8bf,Long Beach Zone,Water Polo,2028-07-17,3,14:30,17:30,2028-07-17 14:30:00-07,2028-07-17 17:30:00-07,scheduled,,3.1,lb_aquatics,Long Beach Aquatics Center,outdoor,la_metro,33.765_-118.191,33.7647297,-118.1906881,true,77,24.296437264623382,25.7227283315665,27.649071639390026,25.739932097843546,25.7,0.0,0.0,0.0,none,0,0.7801262996131555,0.09415469660013052,0.16332926682508087,104578.0,41.78719308315273,-2.5038959552027364,44.0,0.0,46.90760927513525,47.048623752815956,78.01262996131555,24.961040447972636,0.0,46.3,1.0
948a706e0f615c2c6d29d185b8cd5033,Long Beach Zone,Water Polo,2028-07-18,4,14:30,17:30,2028-07-18 14:30:00-07,2028-07-18 17:30:00-07,scheduled,,3.1,lb_aquatics,Long Beach Aquatics Center,outdoor,la_metro,33.765_-118.191,33.7647297,-118.1906881,true,77,24.296437264623382,25.759575574178136,27.649071639390026,25.739932097843546,25.7,0.0,0.0,0.0,none,0,0.7801262996131555,0.09415469660013052,0.16332926682508087,104578.0,41.78719308315273,-2.5038959552027364,44.0,0.0,47.20963585391915,47.048623752815956,78.01262996131555,24.961040447972636,0.0,46.4,1.0
1b5a51fa766c0e04504e266d189844c0,Long Beach Zone,Water Polo,2028-07-21,7,17:00,20:00,2028-07-21 17:00:00-07,2028-07-21 20:00:00-07,scheduled,,3.1,lb_aquatics,Long Beach Aquatics Center,outdoor,la_metro,33.765_-118.191,33.7647297,-118.1906881,true,77,23.494569093635857,25.71976921941317,27.041653086456677,26.403419337800038,24.7,0.0,0.0,0.0,none,0,0.7801262996131555,0.09415469660013052,0.16332926682508087,104578.0,41.78719308315273,-2.5038959552027364,44.0,0.0,46.883354257484996,52.48704375245933,78.01262996131555,24.961040447972636,0.0,47.6,1.0
e88666e475b6e1353d1aedb6d438053e,Long Beach Zone,Water Polo,2028-07-22,8,15:00,17:00,2028-07-22 15:00:00-07,2028-07-22 17:00:00-07,scheduled,gold,3.1,lb_aquatics,Long Beach Aquatics Center,outdoor,la_metro,33.765_-118.191,33.7647297,-118.1906881,true,77,24.959920803003797,26.98903548252351,27.90958781760638,27.23818966342131,26.3,0.0,0.0,0.0,green,1,0.7801262996131555,0.09415469660013052,0.16332926682508087,104578.0,41.78719308315273,-2.5038959552027364,44.0,0.0,57.28717608625827,59.32942347066648,78.01262996131555,24.961040447972636,0.0,53.0,1.0
6bbcbafdc3cc7c8ae477c716822b458f,Long Beach Zone,Handball,2028-07-12,-2,19:00,22:30,2028-07-12 19:00:00-07,2028-07-12 22:30:00-07,scheduled,,3.1,lb_arena,Long Beach Arena,indoor,la_metro,33.764_-118.188,33.7640942,-118.1883741,true,77,,,,23.531093639748615,21.9,0.0,0.0,0.0,indoor,,0.7738358699694163,0.09577072861356313,0.16007091093644696,107248.0,41.9957896607921,-2.275732057342644,44.0,0.0,,28.943390489742747,77.38358699694163,27.242679426573556,0.0,39.1,0.65
78224f81017726dbc042ced8a8f8216f,Long Beach Zone,Handball,2028-07-21,7,09:00,12:30,2028-07-21 09:00:00-07,2028-07-21 12:30:00-07,scheduled,,3.1,lb_arena,Long Beach Arena,indoor,la_metro,33.764_-118.188,33.7640942,-118.1883741,true,77,,,,23.202459353630214,25.1,0.0,0.0,0.0,indoor,,0.7738358699694163,0.09577072861356313,0.16007091093644696,107248.0,41.9957896607921,-2.275732057342644,44.0,0.0,,26.249666833034546,77.38358699694163,27.242679426573556,0.0,38.1,0.65
c8e2c7b4c40cf0cf8533c18438b54808,Long Beach Zone,Handball,2028-07-25,11,09:30,11:30,2028-07-25 09:30:00-07,2028-07-25 11:30:00-07,scheduled,,3.1,lb_arena,Long Beach Arena,indoor,la_metro,33.764_-118.188,33.7640942,-118.1883741,true,77,,,,24.74927134728492,24.4,0.0,0.0,0.0,indoor,,0.7738358699694163,0.09577072861356313,0.16007091093644696,107248.0,41.9957896607921,-2.275732057342644,44.0,0.0,,38.928453666269846,77.38358699694163,27.242679426573556,0.0,43.0,0.65
7023017192edd7a685202a4599bc0daf,Long Beach Zone,Handball,2028-07-26,12,13:00,15:00,2028-07-26 13:00:00-07,2028-07-26 15:00:00-07,scheduled,,3.1,lb_arena,Long Beach Arena,indoor,la_metro,33.764_-118.188,33.7640942,-118.1883741,true,77,,,,27.240354170091965,25.9,0.0,0.0,0.0,indoor,,0.7738358699694163,0.09577072861356313,0.16007091093644696,107248.0,41.9957896607921,-2.275732057342644,44.0,0.0,,59.34716532862267,77.38358699694163,27.242679426573556,0.0,50.8,0.65
ab792915f6a0ee6169fe5bc7fe26bb1a,Long Beach Zone,Rowing,2028-07-21,7,10:00,11:30,2028-07-21 10:00:00-07,2028-07-21 11:30:00-07,scheduled,gold,3.1,marine_stadium,Marine Stadium,outdoor,la_metro,33.766_-118.127,33.7658713,-118.1268662,true,77,24.58771797097542,26.790274081470432,28.304997322760222,24.894381053372022,24.4,0.0,0.0,0.0,green,1,0.238919204098983,0.16645636928537386,0.03847797848994337,72741.0,39.278168418526626,-3.8697284565432284,44.0,0.0,55.657984274347804,40.11787748665592,23.8919204098983,11.302715434567716,0.0,35.4,1.0
19391867d150c30e8f210f39bf001e96,DTLA Zone,Weightlifting,2028-07-28,14,16:50,19:00,2028-07-28 16:50:00-07,2028-07-28 19:00:00-07,scheduled,gold,3.1,peacock_theater,Peacock Theater,indoor,la_metro,34.045_-118.267,34.0445026,-118.2670716,true,77,,,,27.567179606621945,28.5,0.0,0.0,0.0,indoor,,0.8362896053815339,0.11167189175274518,0.3209798271133104,255553.0,44.59364344327564,-2.0377940076130585,74.0,0.021505376344086023,,62.02606234936021,83.62896053815338,29.622059923869415,10.75268817204301,55.8,0.65
789dc7c71bbc88902d370a537f353017,Arcadia Zone,Equestrian,2028-07-15,1,09:00,11:30,2028-07-15 09:00:00-07,2028-07-15 11:30:00-07,scheduled,,3.1,santa_anita,Santa Anita Park,outdoor,la_metro,34.139_-118.046,34.1389561,-118.0458874,true,77,26.137597556313082,27.740104807331768,28.882099527095896,23.19247845807016,27.7,0.0,0.0,0.0,green,1,0.45412308101810017,0.18293394712012578,0.0417705268159025,64700.0,46.43810342368866,1.9522025554512332,126.0,0.22311827956989247,63.443482027309585,26.167856213689827,45.41230810181002,69.52202555451234,100.0,54.8,1.0
8f252d78d393a796c7136dcacb4ec1db,Arcadia Zone,Equestrian,2028-07-20,6,09:00,11:45,2028-07-20 09:00:00-07,2028-07-20 11:45:00-07,scheduled,,3.1,santa_anita,Santa Anita Park,outdoor,la_metro,34.139_-118.046,34.1389561,-118.0458874,true,77,26.52313805015622,28.112250638738104,30.992239813669595,23.517360551105746,28.1,0.025974025974025976,0.0,0.0,green,1,0.45412308101810017,0.18293394712012578,0.0417705268159025,64700.0,46.43810342368866,1.9522025554512332,126.0,0.22311827956989247,66.49385769457461,28.830824189391365,45.41230810181002,69.52202555451234,100.0,56.5,1.0
abcf071b5bb9ca6863716878e960163d,Arcadia Zone,Equestrian,2028-07-22,8,16:15,19:00,2028-07-22 16:15:00-07,2028-07-22 19:00:00-07,scheduled,gold,3.1,santa_anita,Santa Anita Park,outdoor,la_metro,34.139_-118.046,34.1389561,-118.0458874,true,77,26.07318733668435,27.789597526806965,30.103354841919607,28.632160260509597,30.3,0.025974025974025976,0.0,0.0,green,1,0.45412308101810017,0.18293394712012578,0.0417705268159025,64700.0,46.43810342368866,1.9522025554512332,126.0,0.22311827956989247,63.8491600557948,70.75541197139015,45.41230810181002,69.52202555451234,100.0,66.1,1.0
fcb4fd18650d4b0fc1a849171514c987,Valley Zone,BMX Freestyle,2028-07-29,15,10:30,13:50,2028-07-29 10:30:00-07,2028-07-29 13:50:00-07,scheduled,gold,3.1,sepulveda_basin_1,Valley Complex 1 (Sepulveda Basin),outdoor,la_metro,34.173_-118.487,34.1733026,-118.4868622,true,77,27.54400129523508,29.415628234031725,32.06635466861962,27.33673815787188,30.7,0.11688311688311688,0.012987012987012988,0.0,yellow,2,0.5125414368774284,0.1421575817408121,0.0671343166412166,66043.0,39.22821859281644,-6.8142964041277025,129.0,0.29838709677419356,77.17728060681742,60.137198015343294,51.25414368774284,0.0,100.0,62.3,1.0
6545dd3c3d9e928b9560d84b640e44f7,Valley Zone,Skateboarding (Street),2028-07-20,6,20:30,22:00,2028-07-20 20:30:00-07,2028-07-20 22:00:00-07,scheduled,gold,3.1,sepulveda_basin_1,Valley Complex 1 (Sepulveda Basin),outdoor,la_metro,34.173_-118.487,34.1733026,-118.4868622,true,77,18.104119401003764,20.60674870546623,22.934560400879533,22.831327549298454,21.0,0.0,0.0,0.0,none,0,0.5125414368774284,0.1421575817408121,0.0671343166412166,66043.0,39.22821859281644,-6.8142964041277025,129.0,0.29838709677419356,4.973350044805171,23.207602863102082,51.25414368774284,0.0,100.0,27.8,1.0
cd7280f23dadbe8faf539e7b7e1c4b95,Inglewood Zone,Swimming,2028-07-22,8,18:00,20:00,2028-07-22 18:00:00-07,2028-07-22 20:00:00-07,scheduled,gold,3.1,sofi_stadium,SoFi Stadium,covered,la_metro,33.953_-118.339,33.9534074,-118.3390098,true,77,20.267896661154726,22.6226193186907,24.961204845390554,26.198144986445158,24.5,0.0,0.0,0.0,none,0,0.7949743701228478,0.1275460706213522,0.09863803257310466,134132.0,42.962126805734115,-2.661845745331796,46.0,0.0,21.496879661399174,50.80446710200949,79.49743701228478,23.38154254668204,0.0,38.5,1.0
ce66f9beabb5a0c4774be4b28d602275,Inglewood Zone,Swimming,2028-07-28,14,09:30,11:30,2028-07-28 09:30:00-07,2028-07-28 11:30:00-07,scheduled,,3.1,sofi_stadium,SoFi Stadium,covered,la_metro,33.953_-118.339,33.9534074,-118.3390098,true,77,21.080433654130033,23.27530403629458,24.799298671423074,25.31360585093763,26.3,0.0,0.0,0.0,none,0,0.7949743701228478,0.1275460706213522,0.09863803257310466,134132.0,42.962126805734115,-2.661845745331796,46.0,0.0,26.846754395857197,43.55414631916091,79.49743701228478,23.38154254668204,0.0,38.5,1.0
f876209a17e263d3d20a1f7831ab7781,Long Beach Zone,Beach Volleyball,2028-07-23,9,17:00,19:00,2028-07-23 17:00:00-07,2028-07-23 19:00:00-07,scheduled,,3.1,alamitos_beach,Alamitos Beach Stadium,outdoor,la_metro,33.762_-118.178,33.7622,-118.178,true,77,23.657808853067415,25.80635206843999,27.12479854647758,26.519875474588606,24.7,0.0,0.0,0.0,none,0,0.722444167544943,0.09900287134830982,0.1447523855740016,119359.0,40.29293224720002,-3.915892902295056,44.0,0.0,47.59304974131138,53.441602250726284,72.2444167544943,10.84107097704944,0.0,45.6,1.0
23f29211a9411419a5156cc507e1366c,Long Beach Zone,Beach Volleyball,2028-07-24,10,21:00,23:00,2028-07-24 21:00:00-07,2028-07-24 23:00:00-07,scheduled,,3.1,alamitos_beach,Alamitos Beach Stadium,outdoor,la_metro,33.762_-118.178,33.7622,-118.178,true,77,18.545585044943664,20.234425186740634,21.835465454963735,21.4639931707175,20.3,0.0,0.0,0.0,none,0,0.722444167544943,0.09900287134830982,0.1447523855740016,119359.0,40.29293224720002,-3.915892902295056,44.0,0.0,1.9215179241035534,11.9999440222746,72.2444167544943,10.84107097704944,0.0,19.2,1.0
cf3430950dbdcafc1b40bd1c3a7976c9,Long Beach Zone,Beach Volleyball,2028-07-29,15,19:00,22:00,2028-07-29 19:00:00-07,2028-07-29 22:00:00-07,scheduled,gold,3.1,alamitos_beach,Alamitos Beach Stadium,outdoor,la_metro,33.762_-118.178,33.7622,-118.178,true,77,21.299656838577448,22.88701165695947,23.682803906383874,24.182060734284956,21.9,0.0,0.0,0.0,none,0,0.722444167544943,0.09900287134830982,0.1447523855740016,119359.0,40.29293224720002,-3.915892902295056,44.0,0.0,23.664029975077618,34.279186346598,72.2444167544943,10.84107097704944,0.0,32.4,1.0
191ac424828ca3070c18e313021f0367,Long Beach Zone,Sailing (Windsurfing & Kite),2028-07-20,6,14:00,17:00,2028-07-20 14:00:00-07,2028-07-20 17:00:00-07,scheduled,gold,3.1,belmont_shore,Belmont Shore,outdoor,la_metro,33.757_-118.137,33.7572435,-118.1370107,true,77,25.17632200576624,26.89663432586879,28.301712650612863,26.968190838731655,26.7,0.0,0.0,0.0,green,1,0.25663974898633546,0.16622647675774047,0.04377574088491976,63598.0,42.23614688798067,-0.7561596559308086,44.0,0.0,56.529789556301544,57.11631835025946,25.663974898633548,42.438403440691914,0.0,43.4,1.0
4cf19761d732e79a00804bbb8276da64,Carson Zone,Tennis,2028-07-28,14,11:00,16:30,2028-07-28 11:00:00-07,2028-07-28 16:30:00-07,scheduled,gold,3.1,carson_tennis,Carson Tennis Center (Dignity Health Sports Park),outdoor,la_metro,33.862_-118.263,33.8623767,-118.2629113,true,77,26.244097247287975,28.28803291688686,30.07128645736658,27.03913142381739,27.9,0.03896103896103896,0.0,0.0,green,1,0.6024817596311259,0.18387482189886747,0.036071101931309975,48804.0,43.99505605118883,-2.327804008098596,47.0,0.0,67.93469604005622,57.69779855588026,60.248175963112594,26.721959919014036,0.0,52.9,1.0
f2fcb707c495f1f96c882cc5baefd17d,Carson Zone,Hockey,2028-07-16,2,09:00,14:00,2028-07-16 09:00:00-07,2028-07-16 14:00:00-07,scheduled,,3.1,carson_field,Carson Field (hockey),outdoor,la_metro,33.862_-118.263,33.8623767,-118.2629113,true,77,25.96576625894997,27.250332886434908,31.95966743080922,22.332211591591484,28.2,0.012987012987012988,0.012987012987012988,0.0,green,1,0.6024817596311259,0.18387482189886747,0.036071101931309975,48804.0,43.99505605118883,-2.327804008098596,47.0,0.0,59.42895808553204,19.116488455667906,60.248175963112594,26.721959919014036,0.0,40.3,1.0
eb2454b5cccb2366169b4bb0c8c0001b,Carson Zone,Hockey,2028-07-18,4,17:30,22:30,2028-07-18 17:30:00-07,2028-07-18 22:30:00-07,scheduled,,3.1,carson_field,Carson Field (hockey),outdoor,la_metro,33.862_-118.263,33.8623767,-118.2629113,true,77,22.80523617515796,24.357345165077362,25.37953543811453,25.53779132408645,24.6,0.0,0.0,0.0,none,0,0.6024817596311259,0.18387482189886747,0.036071101931309975,48804.0,43.99505605118883,-2.327804008098596,47.0,0.0,35.71594397604395,45.391732164643024,60.248175963112594,26.721959919014036,0.0,38.6,1.0
72ea8b93ecfd926bd2ac54a2b0a79353,Carson Zone,Hockey,2028-07-22,8,17:00,22:00,2028-07-22 17:00:00-07,2028-07-22 22:00:00-07,scheduled,,3.1,carson_field,Carson Field (hockey),outdoor,la_metro,33.862_-118.263,33.8623767,-118.2629113,true,77,24.288823468654833,26.15584097161257,27.707568766761707,26.707223877272167,26.4,0.0,0.0,0.0,none,0,0.6024817596311259,0.18387482189886747,0.036071101931309975,48804.0,43.99505605118883,-2.327804008098596,47.0,0.0,50.45771288207025,54.97724489567351,60.248175963112594,26.721959919014036,0.0,46.1,1.0
4d1071569e91e54d7c9d181b0e6d764f,Carson Zone,Hockey,2028-07-28,14,21:00,23:30,2028-07-28 21:00:00-07,2028-07-28 23:30:00-07,scheduled,gold,3.1,carson_field,Carson Field (hockey),outdoor,la_metro,33.862_-118.263,33.8623767,-118.2629113,true,77,18.56413578226844,20.421521330898234,21.70645839823643,21.731815179407924,20.8,0.0,0.0,0.0,none,0,0.6024817596311259,0.18387482189886747,0.036071101931309975,48804.0,43.99505605118883,-2.327804008098596,47.0,0.0,3.455092876215029,14.195206388589543,60.248175963112594,26.721959919014036,0.0,19.5,1.0
8df29225432b77d5da2ad6ec44e81645,Carson Zone,Archery,2028-07-24,10,19:30,23:10,2028-07-24 19:30:00-07,2028-07-24 23:10:00-07,scheduled,gold,3.1,carson_stadium,Carson Stadium (Dignity Health Sports Park),outdoor,la_metro,33.862_-118.263,33.8623767,-118.2629113,true,77,19.935815716603617,21.677104846896032,24.109470988092188,23.362191220974847,21.7,0.0,0.0,0.0,none,0,0.6024817596311259,0.18387482189886747,0.036071101931309975,48804.0,43.99505605118883,-2.327804008098596,47.0,0.0,13.746761040131414,27.558944434220056,60.248175963112594,26.721959919014036,0.0,26.4,1.0
5659fdb752e710260c40dc117d89f5f7,Carson Zone,Cycling Track,2028-07-28,14,09:00,11:20,2028-07-28 09:00:00-07,2028-07-28 11:20:00-07,scheduled,,3.1,carson_velodrome,VELO Sports Center,indoor,la_metro,33.859_-118.26,33.8590663,-118.259801,true,77,,,,22.51879139534144,26.0,0.0,0.0,0.0,indoor,,0.5814854964957744,0.1835093155427191,0.03493403822842241,46738.0,45.287884775188154,-0.8750988628050465,47.0,0.0,,20.64583110935608,58.14854964957744,41.249011371949535,0.0,32.2,0.65
260e8d44de616c032b16027da7dd6718,DTLA Zone,Baseball,2028-07-17,3,19:00,22:00,2028-07-17 19:00:00-07,2028-07-17 22:00:00-07,scheduled,,3.1,dodger_stadium,Dodger Stadium,outdoor,la_metro,34.074_-118.24,34.0736255,-118.2398452,true,77,21.45281562256601,22.950606708333613,24.08662425013794,24.56836480998961,24.5,0.0,0.0,0.0,none,0,0.7157546100855401,0.12754781312621502,0.17472194450716344,136948.0,45.93319292054734,0.29604478539991064,74.0,0.021505376344086023,24.185300887980436,37.44561319663615,71.57546100855402,52.960447853999106,10.75268817204301,38.5,1.0
90774092b029aefde35cffb800671c5e,Exposition Park Zone,Flag Football,2028-07-16,2,19:00,22:15,2028-07-16 19:00:00-07,2028-07-16 22:15:00-07,scheduled,,3.1,bmo_stadium,BMO Stadium,outdoor,la_metro,34.013_-118.284,34.012814,-118.2840892,true,77,21.11975607510226,22.452107140121825,23.491544816557095,23.926957656585852,22.5,0.0,0.0,0.0,none,0,0.889761315639675,0.08244607076326733,0.18066424292001207,227191.0,44.454678368927794,-2.33653947573314,71.0,0.021505376344086023,20.099238853457585,32.18817751299879,88.9761315639675,26.634605242668595,10.75268817204301,36.6,1.0
9ac6cd4ba1f7aec0c2690df8ca2be6d3,Exposition Park Zone,Lacrosse,2028-07-26,12,18:30,22:00,2028-07-26 18:30:00-07,2028-07-26 22:00:00-07,scheduled,,3.1,bmo_stadium,BMO Stadium,outdoor,la_metro,34.013_-118.284,34.012814,-118.2840892,true,77,21.18761093539648,23.645158552839323,24.414783158121196,24.903360446873343,23.0,0.0,0.0,0.0,none,0,0.889761315639675,0.08244607076326733,0.18066424292001207,227191.0,44.454678368927794,-2.33653947573314,71.0,0.021505376344086023,29.878348793764946,40.19147907273232,88.9761315639675,26.634605242668595,10.75268817204301,42.0,1.0
1a554377f396b7e8db2bb845771e815c,Exposition Park Zone,Lacrosse,2028-07-29,15,13:30,16:15,2028-07-29 13:30:00-07,2028-07-29 16:15:00-07,scheduled,gold,3.1,bmo_stadium,BMO Stadium,outdoor,la_metro,34.013_-118.284,34.012814,-118.2840892,true,77,25.340004161047027,27.48017942940542,29.2471116521066,27.97703342781938,28.2,0.0,0.0,0.0,green,1,0.889761315639675,0.08244607076326733,0.18066424292001207,227191.0,44.454678368927794,-2.33653947573314,71.0,0.021505376344086023,61.31294614266739,65.38551990015885,88.9761315639675,26.634605242668595,10.75268817204301,59.3,1.0
717777819ea386a5a3c6c80e0530d867,Pomona Zone,Cricket,2028-07-18,4,18:00,21:30,2028-07-18 18:00:00-07,2028-07-18 21:30:00-07,scheduled,,3.1,fairplex_cricket,Fairgrounds Cricket Stadium (Fairplex),outdoor,la_metro,34.087_-117.767,34.0870515,-117.7668542,true,77,24.351495643906034,25.424884806236122,26.12208704832434,26.753976019352436,29.0,0.0,0.0,0.0,none,0,0.7307144233518286,0.1444376036552249,0.06587964703957196,61516.0,47.23916496816421,1.1143602628049933,156.0,0.4327956989247312,44.46626890357477,55.36045917501997,73.07144233518285,61.14360262804993,100.0,60.1,1.0
3143ff1f2ff1748b69443d2f45ad7b8c,Pomona Zone,Cricket,2028-07-24,10,18:00,21:30,2028-07-24 18:00:00-07,2028-07-24 21:30:00-07,scheduled,,3.1,fairplex_cricket,Fairgrounds Cricket Stadium (Fairplex),outdoor,la_metro,34.087_-117.767,34.0870515,-117.7668542,true,77,24.649492297964095,26.585813574093418,27.929964776298483,27.801383862742334,29.3,0.0,0.0,0.0,none,0,0.7307144233518286,0.1444376036552249,0.06587964703957196,61516.0,47.23916496816421,1.1143602628049933,156.0,0.4327956989247312,53.982078476175566,63.94576936674044,73.07144233518285,61.14360262804993,100.0,65.6,1.0
55133c0857dcb0892a1589fac58a438e,Exposition Park Zone,Badminton,2028-07-18,4,08:00,11:25,2028-07-18 08:00:00-07,2028-07-18 11:25:00-07,scheduled,,3.1,galen_center,Galen Center,indoor,la_metro,34.021_-118.28,34.020753,-118.2797965,true,77,,,,20.02201497601037,26.7,0.0,0.0,0.0,indoor,,0.880924266400335,0.08445838018839198,0.19996670316057882,219220.0,44.8627076408096,-2.06563381306729,71.0,0.021505376344086023,,0.1804506230358329,88.09242664003351,29.343661869327097,10.75268817204301,33.3,0.65
044ef46c71683d762a503340b14ccd7a,Exposition Park Zone,Badminton,2028-07-18,4,19:00,23:05,2028-07-18 19:00:00-07,2028-07-18 23:05:00-07,scheduled,,3.1,galen_center,Galen Center,indoor,la_metro,34.021_-118.28,34.020753,-118.2797965,true,77,,,,23.984844803092884,22.6,0.0,0.0,0.0,indoor,,0.880924266400335,0.08445838018839198,0.19996670316057882,219220.0,44.8627076408096,-2.06563381306729,71.0,0.021505376344086023,,32.66266232043347,88.09242664003351,29.343661869327097,10.75268817204301,45.8,0.65
d22375dd4f801ef37c4edc5ab0ff00b8,Anaheim Zone,Volleyball,2028-07-15,1,17:00,19:30,2028-07-15 17:00:00-07,2028-07-15 19:30:00-07,scheduled,,3.1,honda_center,Honda Center,indoor,la_metro,33.808_-117.877,33.8078316,-117.876534,true,77,,,,26.05955534789298,26.1,0.0,0.0,0.0,indoor,,0.6492647210536929,0.10353301803233088,0.039734922549210024,65718.0,47.43342904084868,0.4938292016918844,50.0,0.008064516129032258,,49.66848645813919,64.9264721053693,54.938292016918844,4.032258064516129,48.2,0.65
d25ab5132a0962597fd47e1538e7b275,Anaheim Zone,Volleyball,2028-07-22,8,21:00,23:30,2028-07-22 21:00:00-07,2028-07-22 23:30:00-07,scheduled,,3.1,honda_center,Honda Center,indoor,la_metro,33.808_-117.877,33.8078316,-117.876534,true,77,,,,22.011143870278797,21.4,0.0,0.0,0.0,indoor,,0.6492647210536929,0.10353301803233088,0.039734922549210024,65718.0,47.43342904084868,0.4938292016918844,50.0,0.008064516129032258,,16.484785821957352,64.9264721053693,54.938292016918844,4.032258064516129,35.4,0.65
ac230ad708a85fccdccac35a2eef98b4,Anaheim Zone,Volleyball,2028-07-23,9,13:00,15:30,2028-07-23 13:00:00-07,2028-07-23 15:30:00-07,scheduled,,3.1,honda_center,Honda Center,indoor,la_metro,33.808_-117.877,33.8078316,-117.876534,true,77,,,,28.291644794965222,29.5,0.0,0.0,0.0,indoor,,0.6492647210536929,0.10353301803233088,0.039734922549210024,65718.0,47.43342904084868,0.4938292016918844,50.0,0.008064516129032258,,67.9643015980756,64.9264721053693,54.938292016918844,4.032258064516129,55.2,0.65
94c6922d6b35b4b65b4f7d0c31a275ae,Inglewood Zone,Basketball,2028-07-20,6,12:00,16:15,2028-07-20 12:00:00-07,2028-07-20 16:15:00-07,scheduled,,3.1,intuit_dome,Intuit Dome,indoor,la_metro,33.944_-118.342,33.9442586,-118.3421719,true,77,,,,27.45937569434621,29.1,0.0,0.0,0.0,indoor,,0.7865262445201856,0.12097864688174088,0.08769264672004806,126876.0,44.7527136597483,-0.683253233979471,46.0,0.0,,61.14242372414927,78.65262445201856,43.16746766020529,0.0,54.4,0.65
a57ac43826207af5dc08d73612500821,DTLA Zone,Fencing,2028-07-15,1,09:00,15:40,2028-07-15 09:00:00-07,2028-07-15 15:40:00-07,scheduled,,3.1,la_convention_center,Los Angeles Convention Center,indoor,la_metro,34.041_-118.269,34.0414677,-118.2689803,true,77,,,,22.660839999656158,30.7,0.0,0.0,0.0,indoor,,0.8429400714333551,0.10879754283099419,0.3231605710375201,251468.0,45.231211044975936,-1.3487515220421429,74.0,0.021505376344086023,,21.810163931607853,84.29400714333552,36.51248477957857,10.75268817204301,41.6,0.65
f823d49890653827ff747f3e2709ac44,DTLA Zone,Fencing,2028-07-18,4,17:30,19:40,2028-07-18 17:30:00-07,2028-07-18 19:40:00-07,scheduled,gold,3.1,la_convention_center,Los Angeles Convention Center,indoor,la_metro,34.041_-118.269,34.0414677,-118.2689803,true,77,,,,26.172877426369784,26.7,0.0,0.0,0.0,indoor,,0.8429400714333551,0.10879754283099419,0.3231605710375201,251468.0,45.231211044975936,-1.3487515220421429,74.0,0.021505376344086023,,50.59735595385069,84.29400714333552,36.51248477957857,10.75268817204301,52.7,0.65
efdb6c54b883a62158cf6eba1c8a830b,DTLA Zone,Fencing,2028-07-22,8,09:00,14:30,2028-07-22 09:00:00-07,2028-07-22 14:30:00-07,scheduled,,3.1,la_convention_center,Los Angeles Convention Center,indoor,la_metro,34.041_-118.269,34.0414677,-118.2689803,true,77,,,,23.16065526897849,31.5,0.0,0.0,0.0,indoor,,0.8429400714333551,0.10879754283099419,0.3231605710375201,251468.0,45.231211044975936,-1.3487515220421429,74.0,0.021505376344086023,,25.907010401463044,84.29400714333552,36.51248477957857,10.75268817204301,43.2,0.65
bdabf3dfebc477da72420a34cd6db2ac,DTLA Zone,Table Tennis,2028-07-20,6,15:00,18:00,2028-07-20 15:00:00-07,2028-07-20 18:00:00-07,scheduled,,3.1,la_convention_center,Los Angeles Convention Center,indoor,la_metro,34.041_-118.269,34.0414677,-118.2689803,true,77,,,,28.260987464297475,30.5,0.0,0.0,0.0,indoor,,0.8429400714333551,0.10879754283099419,0.3231605710375201,251468.0,45.231211044975936,-1.3487515220421429,74.0,0.021505376344086023,,67.71301200243832,84.29400714333552,36.51248477957857,10.75268817204301,59.3,0.65
3b7c8b5188328a03cd7391312bcd2f9c,DTLA Zone,Table Tennis,2028-07-21,7,10:00,13:00,2028-07-21 10:00:00-07,2028-07-21 13:00:00-07,scheduled,,3.1,la_convention_center,Los Angeles Convention Center,indoor,la_metro,34.041_-118.269,34.0414677,-118.2689803,true,77,,,,25.18993487375803,31.0,0.0,0.0,0.0,indoor,,0.8429400714333551,0.10879754283099419,0.3231605710375201,251468.0,45.231211044975936,-1.3487515220421429,74.0,0.021505376344086023,,42.54044978490189,84.29400714333552,36.51248477957857,10.75268817204301,49.6,0.65
e137d130ad61bc289e7b148416b542b2,Exposition Park Zone,Athletics (Track & Field),2028-07-22,8,14:05,18:15,2028-07-22 14:05:00-07,2028-07-22 18:15:00-07,scheduled,gold,3.1,la_coliseum,Los Angeles Memorial Coliseum,outdoor,la_metro,34.014_-118.288,34.0139159,-118.2877996,true,77,25.05235550011207,27.431811081683698,29.37784601085827,27.56473534315184,27.8,0.0,0.0,0.0,green,1,0.8842784729266543,0.0861414204475082,0.1814579007213871,223828.0,43.448269839247956,-3.1241998908030304,71.0,0.021505376344086023,60.916484276095886,62.00602740288392,88.42784729266543,18.758001091969696,10.75268817204301,57.5,1.0
3ca02b24ea3b65c4fa995f2553b008ed,Long Beach Zone,Water Polo,2028-07-13,-1,10:00,13:00,2028-07-13 10:00:00-07,2028-07-13 13:00:00-07,scheduled,,3.1,lb_aquatics,Long Beach Aquatics Center,outdoor,la_metro,33.765_-118.191,33.7647297,-118.1906881,true,77,24.560141264389806,25.815493694555553,26.9036626769928,24.161590991022997,25.3,0.0,0.0,0.0,none,0,0.7801262996131555,0.09415469660013052,0.16332926682508087,104578.0,41.78719308315273,-2.5038959552027364,44.0,0.0,47.66798110291437,34.11140156576227,78.01262996131555,24.961040447972636,0.0,43.3,1.0
3a2d7a5d4590623a0c4f33684951d211,Long Beach Zone,Water Polo,2028-07-23,9,15:00,17:00,2028-07-23 15:00:00-07,2028-07-23 17:00:00-07,scheduled,gold,3.1,lb_aquatics,Long Beach Aquatics Center,outdoor,la_metro,33.765_-118.191,33.7647297,-118.1906881,true,77,24.880634961765928,26.979691620642146,27.90958781760638,27.23818966342131,26.3,0.0,0.0,0.0,green,1,0.7801262996131555,0.09415469660013052,0.16332926682508087,104578.0,41.78719308315273,-2.5038959552027364,44.0,0.0,57.21058705444383,59.32942347066648,78.01262996131555,24.961040447972636,0.0,53.0,1.0
82e79769096f0f5b68157ad2b83fa25d,Long Beach Zone,Handball,2028-07-12,-2,14:00,17:30,2028-07-12 14:00:00-07,2028-07-12 17:30:00-07,scheduled,,3.1,lb_arena,Long Beach Arena,indoor,la_metro,33.764_-118.188,33.7640942,-118.1883741,true,77,,,,25.79093602705501,25.8,0.0,0.0,0.0,indoor,,0.7738358699694163,0.09577072861356313,0.16007091093644696,107248.0,41.9957896607921,-2.275732057342644,44.0,0.0,,47.46668874635255,77.38358699694163,27.242679426573556,0.0,46.3,0.65
3e565105c35f426ab3bf5f3e37c90e6f,Long Beach Zone,Handball,2028-07-13,-1,09:00,12:30,2028-07-13 09:00:00-07,2028-07-13 12:30:00-07,scheduled,,3.1,lb_arena,Long Beach Arena,indoor,la_metro,33.764_-118.188,33.7640942,-118.1883741,true,77,,,,22.169040935663524,24.5,0.0,0.0,0.0,indoor,,0.7738358699694163,0.09577072861356313,0.16007091093644696,107248.0,41.9957896607921,-2.275732057342644,44.0,0.0,,17.779024062815772,77.38358699694163,27.242679426573556,0.0,34.8,0.65
dc7baae4ebba55b9f9c6143dca63b6ba,Long Beach Zone,Handball,2028-07-20,6,09:00,12:30,2028-07-20 09:00:00-07,2028-07-20 12:30:00-07,scheduled,,3.1,lb_arena,Long Beach Arena,indoor,la_metro,33.764_-118.188,33.7640942,-118.1883741,true,77,,,,23.202459353630214,24.8,0.0,0.0,0.0,indoor,,0.7738358699694163,0.09577072861356313,0.16007091093644696,107248.0,41.9957896607921,-2.275732057342644,44.0,0.0,,26.249666833034546,77.38358699694163,27.242679426573556,0.0,38.1,0.65
c22c4e5825bf0ca5cff468893882587b,Riviera Zone,Golf,2028-07-26,12,09:00,18:00,2028-07-26 09:00:00-07,2028-07-26 18:00:00-07,scheduled,,3.1,riviera_cc,Riviera Country Club,outdoor,la_metro,34.045_-118.502,34.0451645,-118.5024932,true,77,26.186128734523862,28.754217046386696,30.137714070385094,23.646051519942336,27.8,0.05194805194805195,0.0,0.0,green,1,0.2345785426721352,0.21841170872377855,0.05693533352717709,64796.0,34.28187011868873,-3.5074867709350173,46.0,0.0,71.75587742939915,29.88566819624866,23.45785426721352,14.92513229064983,0.0,38.8,1.0
6d8f24a0c148f7d6d56c402942f6583a,Pasadena Zone,Diving,2028-07-18,4,15:30,17:30,2028-07-18 15:30:00-07,2028-07-18 17:30:00-07,scheduled,,3.1,rose_bowl_aquatics,Rose Bowl Aquatics Center,outdoor,la_metro,34.151_-118.164,34.1512722,-118.1643208,true,77,26.500587873657977,27.733353584079353,30.105755325530517,28.584587764566233,30.7,0.012987012987012988,0.0,0.0,green,1,0.5243720253796974,0.17175720663632174,0.1118154541255828,66806.0,39.53865394650686,-2.5830604621436777,126.0,0.22043010752688172,63.38814413179797,70.3654734800511,52.43720253796974,24.169395378563223,100.0,62.7,1.0
6917eccc2cf68bbcaaa9df065f891257,Pasadena Zone,Football (Soccer) - Final Stages,2028-07-24,10,20:30,23:30,2028-07-24 20:30:00-07,2028-07-24 23:30:00-07,scheduled,,3.1,rose_bowl,Rose Bowl Stadium,outdoor,la_metro,34.161_-118.168,34.1613492,-118.1676674,true,77,18.778023700050948,21.20589039234036,23.32622406661075,23.23436051128169,22.6,0.0,0.0,0.0,none,0,0.5912465443947986,0.1668789224664589,0.10373286285397151,59559.0,42.076758266294206,0.38685025215099245,126.0,0.22043010752688172,9.884347478199683,26.51115173181713,59.12465443947986,53.86850252150992,100.0,37.3,1.0
ee940d4d6638af0f6a5a9385d69f7d99,Valley Zone,3x3 Basketball,2028-07-21,7,17:30,19:30,2028-07-21 17:30:00-07,2028-07-21 19:30:00-07,scheduled,,3.1,sepulveda_basin_3,Valley Complex 3 (Sepulveda Basin),outdoor,la_metro,34.173_-118.487,34.1733026,-118.4868622,true,77,24.383731655732177,26.86373463559273,28.794295381542348,27.781065751617216,27.9,0.0,0.0,0.0,green,1,0.5125414368774284,0.1421575817408121,0.0671343166412166,66043.0,39.22821859281644,-6.8142964041277025,129.0,0.29838709677419356,56.26011996387486,63.77922747227227,51.25414368774284,0.0,100.0,55.9,1.0
a39d45f83e7287d60ffdcf26e88b98a2,Venice Zone,Triathlon,2028-07-20,6,08:00,10:00,2028-07-20 08:00:00-07,2028-07-20 10:00:00-07,scheduled,gold,3.1,venice_beach,Venice Beach,outdoor,la_metro,33.98_-118.469,33.9799601,-118.468771,true,77,24.227830211261516,26.7016049284952,28.673535915406262,20.198024824148796,23.8,0.0,0.0,0.0,green,1,0.2487299651682867,0.14932179522434935,0.08497723941763283,56144.0,39.29333026391227,-2.0606573836956343,43.0,0.0,54.93118793848525,1.6231542963016037,24.872996516828668,29.393426163043657,0.0,27.5,1.0
ad3f574ba81e4f4586d6c719ee4a4a46,Whittier Narrows Zone,Shooting (Shotgun),2028-07-17,3,09:30,14:30,2028-07-17 09:30:00-07,2028-07-17 14:30:00-07,scheduled,,3.1,whittier_narrows,Whittier Narrows Clay Shooting Center,outdoor,la_metro,34.035_-118.051,34.03502,-118.0510434,true,77,27.606527234486784,28.775864582415615,29.389933522438206,25.07192376618015,31.9,0.0,0.0,0.0,green,1,0.737510568877609,0.15015709683397863,0.06567339261203715,40332.0,42.338014644481206,-3.0637092939680954,87.0,0.0456989247311828,71.93331624930832,41.57314562442745,73.7510568877609,19.362907060319046,22.849462365591396,54.5,1.0
bd8c6408b3b775ed91941bfe733516f6,Long Beach Zone,Beach Volleyball,2028-07-18,4,09:00,12:00,2028-07-18 09:00:00-07,2028-07-18 12:00:00-07,scheduled,,3.1,alamitos_beach,Alamitos Beach Stadium,outdoor,la_metro,33.762_-118.178,33.7622,-118.178,true,77,24.558464276385866,25.89072828022788,27.633126351840595,22.66675638753203,24.6,0.0,0.0,0.0,none,0,0.722444167544943,0.09900287134830982,0.1447523855740016,119359.0,40.29293224720002,-3.915892902295056,44.0,0.0,48.284658034654754,21.85865891419696,72.2444167544943,10.84107097704944,0.0,37.9,1.0
d41e9942c64193fbef4dbe544b98c2d8,Long Beach Zone,Beach Volleyball,2028-07-19,5,09:00,12:00,2028-07-19 09:00:00-07,2028-07-19 12:00:00-07,scheduled,,3.1,alamitos_beach,Alamitos Beach Stadium,outdoor,la_metro,33.762_-118.178,33.7622,-118.178,true,77,24.564483961458855,26.143097790849865,28.27111359556614,22.760418759065388,24.6,0.0,0.0,0.0,none,0,0.722444167544943,0.09900287134830982,0.1447523855740016,119359.0,40.29293224720002,-3.915892902295056,44.0,0.0,50.3532605807366,22.626383271027773,72.2444167544943,10.84107097704944,0.0,38.8,1.0
017f6709a99af6742ce6345e0c426fad,Long Beach Zone,Sailing (Windsurfing & Kite),2028-07-19,5,14:00,20:00,2028-07-19 14:00:00-07,2028-07-19 20:00:00-07,scheduled,gold,3.1,belmont_shore,Belmont Shore,outdoor,la_metro,33.757_-118.137,33.7572435,-118.1370107,true,77,25.04262219589225,26.276728566147852,28.22225418443241,25.995282244705056,26.6,0.0,0.0,0.0,none,0,0.25663974898633546,0.16622647675774047,0.04377574088491976,63598.0,42.23614688798067,-0.7561596559308086,44.0,0.0,51.4485948044906,49.14165774348407,25.663974898633548,42.438403440691914,0.0,39.7,1.0
1083267b160f74ed60a4d477cf2a4e19,Carson Zone,Tennis,2028-07-27,13,18:30,00:00,2028-07-27 18:30:00-07,2028-07-28 00:00:00-07,scheduled,gold,3.1,carson_tennis,Carson Tennis Center (Dignity Health Sports Park),outdoor,la_metro,33.862_-118.263,33.8623767,-118.2629113,true,77,21.583746126899964,23.44010581390598,25.032590585727082,24.781002423376943,22.9,0.0,0.0,0.0,none,0,0.6024817596311259,0.18387482189886747,0.036071101931309975,48804.0,43.99505605118883,-2.327804008098596,47.0,0.0,28.197588638573606,39.18854445390937,60.248175963112594,26.721959919014036,0.0,34.4,1.0
011f93fb51fc01e20b3db16466295e7c,Carson Zone,Hockey,2028-07-13,-1,17:00,22:00,2028-07-13 17:00:00-07,2028-07-13 22:00:00-07,scheduled,,3.1,carson_field,Carson Field (hockey),outdoor,la_metro,33.862_-118.263,33.8623767,-118.2629113,true,77,23.80031415063172,25.176899238234196,26.200400627162434,25.71594374427342,25.8,0.0,0.0,0.0,none,0,0.6024817596311259,0.18387482189886747,0.036071101931309975,48804.0,43.99505605118883,-2.327804008098596,47.0,0.0,42.43360031339505,46.8519979038805,60.248175963112594,26.721959919014036,0.0,41.3,1.0
63c2a3d2b7c028885ca9cf3d38eaa91a,Carson Zone,Archery,2028-07-19,5,09:30,12:00,2028-07-19 09:30:00-07,2028-07-19 12:00:00-07,scheduled,,3.1,carson_stadium,Carson Stadium (Dignity Health Sports Park),outdoor,la_metro,33.862_-118.263,33.8623767,-118.2629113,true,77,26.031477199457782,27.324822563096607,31.95966743080922,24.73429491284896,27.4,0.012987012987012988,0.012987012987012988,0.0,green,1,0.6024817596311259,0.18387482189886747,0.036071101931309975,48804.0,43.99505605118883,-2.327804008098596,47.0,0.0,60.0395292057099,38.805696006958684,60.248175963112594,26.721959919014036,0.0,45.4,1.0
bdd767742a4e04360f91eba82efb4cb8,Carson Zone,Archery,2028-07-28,14,20:30,22:50,2028-07-28 20:30:00-07,2028-07-28 22:50:00-07,scheduled,gold,3.1,carson_stadium,Carson Stadium (Dignity Health Sports Park),outdoor,la_metro,33.862_-118.263,33.8623767,-118.2629113,true,77,18.56413578226844,20.421521330898234,21.70645839823643,21.731815179407924,20.8,0.0,0.0,0.0,none,0,0.6024817596311259,0.18387482189886747,0.036071101931309975,48804.0,43.99505605118883,-2.327804008098596,47.0,0.0,3.455092876215029,14.195206388589543,60.248175963112594,26.721959919014036,0.0,19.5,1.0
94bd7f42b891054d1793cdae0f14e920,Carson Zone,Rugby Sevens,2028-07-18,4,19:00,21:30,2028-07-18 19:00:00-07,2028-07-18 21:30:00-07,scheduled,gold,3.1,carson_stadium,Carson Stadium (Dignity Health Sports Park),outdoor,la_metro,33.862_-118.263,33.8623767,-118.2629113,true,77,21.4358493936133,22.865566044503673,24.05849781560194,24.357345165077362,23.3,0.0,0.0,0.0,none,0,0.6024817596311259,0.18387482189886747,0.036071101931309975,48804.0,43.99505605118883,-2.327804008098596,47.0,0.0,23.488246266423552,35.71594397604395,60.248175963112594,26.721959919014036,0.0,31.9,1.0
24523d8b71495798aab61ffed6d9ec79,Carson Zone,Cycling Track,2028-07-26,12,08:45,12:15,2028-07-26 08:45:00-07,2028-07-26 12:15:00-07,scheduled,,3.1,carson_velodrome,VELO Sports Center,indoor,la_metro,33.859_-118.26,33.8590663,-118.259801,true,77,,,,22.73659212328638,26.9,0.0,0.0,0.0,indoor,,0.5814854964957744,0.1835093155427191,0.03493403822842241,46738.0,45.287884775188154,-0.8750988628050465,47.0,0.0,,22.4310829777572,58.14854964957744,41.249011371949535,0.0,32.9,0.65
42776fa6467ef3b5bacc17cf8cbe0e86,DTLA Zone,Artistic Gymnastics,2028-07-24,10,11:00,14:30,2028-07-24 11:00:00-07,2028-07-24 14:30:00-07,scheduled,gold,3.1,crypto_arena,Crypto.com Arena,indoor,la_metro,34.043_-118.267,34.0429979,-118.2671352,true,77,,,,26.99966862618026,31.1,0.0,0.0,0.0,indoor,,0.8390710676842138,0.11034913662248746,0.3229660791465282,250992.0,44.956872521372205,-1.7580160159927765,74.0,0.021505376344086023,,57.37433300147754,83.90710676842139,32.419839840072235,10.75268817204301,54.5,0.65
802199c9fb7d77378d807ab9037c4e86,DTLA Zone,Baseball,2028-07-15,1,19:00,22:00,2028-07-15 19:00:00-07,2028-07-15 22:00:00-07,scheduled,,3.1,dodger_stadium,Dodger Stadium,outdoor,la_metro,34.074_-118.24,34.0736255,-118.2398452,true,77,21.54289623580454,22.74849805286108,23.967308344015592,24.39226340462598,24.2,0.0,0.0,0.0,none,0,0.7157546100855401,0.12754781312621502,0.17472194450716344,136948.0,45.93319292054734,0.29604478539991064,74.0,0.021505376344086023,22.528672564435087,36.002159054311306,71.57546100855402,52.960447853999106,10.75268817204301,37.6,1.0
b9ad94dcf1fe4cfa9e747d55b6de581b,DTLA Zone,Baseball,2028-07-16,2,19:00,22:00,2028-07-16 19:00:00-07,2028-07-16 22:00:00-07,scheduled,,3.1,dodger_stadium,Dodger Stadium,outdoor,la_metro,34.074_-118.24,34.0736255,-118.2398452,true,77,21.530005992154013,22.816528162272554,23.967308344015592,24.39226340462598,24.5,0.0,0.0,0.0,none,0,0.7157546100855401,0.12754781312621502,0.17472194450716344,136948.0,45.93319292054734,0.29604478539991064,74.0,0.021505376344086023,23.08629641207012,36.002159054311306,71.57546100855402,52.960447853999106,10.75268817204301,37.8,1.0
931b6b6cec0cca49dcbc5531e88b571f,DTLA Zone,Baseball,2028-07-18,4,19:00,22:00,2028-07-18 19:00:00-07,2028-07-18 22:00:00-07,scheduled,,3.1,dodger_stadium,Dodger Stadium,outdoor,la_metro,34.074_-118.24,34.0736255,-118.2398452,true,77,21.530005992154013,22.950606708333613,24.337104343749175,24.573534447287507,24.4,0.0,0.0,0.0,none,0,0.7157546100855401,0.12754781312621502,0.17472194450716344,136948.0,45.93319292054734,0.29604478539991064,74.0,0.021505376344086023,24.185300887980436,37.48798727284842,71.57546100855402,52.960447853999106,10.75268817204301,38.5,1.0
91d4acf9e01eb7bfb142add6bfadb2a0,DTLA Zone,Baseball,2028-07-19,5,11:00,14:00,2028-07-19 11:00:00-07,2028-07-19 14:00:00-07,scheduled,bronze,3.1,dodger_stadium,Dodger Stadium,outdoor,la_metro,34.074_-118.24,34.0736255,-118.2398452,true,77,26.830883751921526,28.152246310603047,29.463832317961515,25.709157990769448,30.8,0.025974025974025976,0.0,0.0,green,1,0.7157546100855401,0.12754781312621502,0.17472194450716344,136948.0,45.93319292054734,0.29604478539991064,74.0,0.021505376344086023,66.82169107051679,46.79637697352007,71.57546100855402,52.960447853999106,10.75268817204301,55.8,1.0
b775bce8d0b4fc08f8653d8c174e7730,Exposition Park Zone,Flag Football,2028-07-18,4,19:00,22:15,2028-07-18 19:00:00-07,2028-07-18 22:15:00-07,scheduled,,3.1,bmo_stadium,BMO Stadium,outdoor,la_metro,34.013_-118.284,34.012814,-118.2840892,true,77,21.055415119222804,22.486270887183927,24.35195379618894,24.031509700539118,22.6,0.0,0.0,0.0,none,0,0.889761315639675,0.08244607076326733,0.18066424292001207,227191.0,44.454678368927794,-2.33653947573314,71.0,0.021505376344086023,20.379269567081373,33.04516147982884,88.9761315639675,26.634605242668595,10.75268817204301,36.9,1.0
2eff3877318fa751f382e63660b18f07,Exposition Park Zone,Flag Football,2028-07-21,7,17:30,20:40,2028-07-21 17:30:00-07,2028-07-21 20:40:00-07,scheduled,gold,3.1,bmo_stadium,BMO Stadium,outdoor,la_metro,34.013_-118.284,34.012814,-118.2840892,true,77,22.325564204934487,24.753879654494153,27.663223167204,25.91962927544431,24.4,0.0,0.0,0.0,none,0,0.889761315639675,0.08244607076326733,0.18066424292001207,227191.0,44.454678368927794,-2.33653947573314,71.0,0.021505376344086023,38.966226676181584,48.52155143806813,88.9761315639675,26.634605242668595,10.75268817204301,47.3,1.0
1c85b950aceef9739bacb52a9dc23fbd,Exposition Park Zone,Badminton,2028-07-19,5,08:00,11:45,2028-07-19 08:00:00-07,2028-07-19 11:45:00-07,scheduled,,3.1,galen_center,Galen Center,indoor,la_metro,34.021_-118.28,34.020753,-118.2797965,true,77,,,,20.006314036585092,27.0,0.0,0.0,0.0,indoor,,0.880924266400335,0.08445838018839198,0.19996670316057882,219220.0,44.8627076408096,-2.06563381306729,71.0,0.021505376344086023,,0.051754398238458996,88.09242664003351,29.343661869327097,10.75268817204301,33.3,0.65
36e83429410a0457e743301532bc6b4d,Exposition Park Zone,Badminton,2028-07-19,5,19:00,23:05,2028-07-19 19:00:00-07,2028-07-19 23:05:00-07,scheduled,,3.1,galen_center,Galen Center,indoor,la_metro,34.021_-118.28,34.020753,-118.2797965,true,77,,,,24.004365811812466,22.8,0.0,0.0,0.0,indoor,,0.880924266400335,0.08445838018839198,0.19996670316057882,219220.0,44.8627076408096,-2.06563381306729,71.0,0.021505376344086023,,32.82267058862677,88.09242664003351,29.343661869327097,10.75268817204301,45.9,0.65
0924fabdea19db7c2f421886cb15c74c,Exposition Park Zone,Badminton,2028-07-22,8,08:00,10:45,2028-07-22 08:00:00-07,2028-07-22 10:45:00-07,scheduled,gold,3.1,galen_center,Galen Center,indoor,la_metro,34.021_-118.28,34.020753,-118.2797965,true,77,,,,20.56984358528998,25.1,0.0,0.0,0.0,indoor,,0.880924266400335,0.08445838018839198,0.19996670316057882,219220.0,44.8627076408096,-2.06563381306729,71.0,0.021505376344086023,,4.670849059753939,88.09242664003351,29.343661869327097,10.75268817204301,35.1,0.65
17e1e8172ad3505ebb8da4e12fbcbdfb,Anaheim Zone,Volleyball,2028-07-19,5,17:00,19:30,2028-07-19 17:00:00-07,2028-07-19 19:30:00-07,scheduled,,3.1,honda_center,Honda Center,indoor,la_metro,33.808_-117.877,33.8078316,-117.876534,true,77,,,,26.498895632122252,26.6,0.0,0.0,0.0,indoor,,0.6492647210536929,0.10353301803233088,0.039734922549210024,65718.0,47.43342904084868,0.4938292016918844,50.0,0.008064516129032258,,53.26963632887093,64.9264721053693,54.938292016918844,4.032258064516129,49.5,0.65
857f5d6a8ff2ff7f7208de669aa3a6a7,Anaheim Zone,Volleyball,2028-07-20,6,09:00,11:30,2028-07-20 09:00:00-07,2028-07-20 11:30:00-07,scheduled,,3.1,honda_center,Honda Center,indoor,la_metro,33.808_-117.877,33.8078316,-117.876534,true,77,,,,22.893081302383152,26.6,0.0,0.0,0.0,indoor,,0.6492647210536929,0.10353301803233088,0.039734922549210024,65718.0,47.43342904084868,0.4938292016918844,50.0,0.008064516129032258,,23.713781167075016,64.9264721053693,54.938292016918844,4.032258064516129,38.2,0.65
5ecd3048bf2a323273b629354ebe1487,Inglewood Zone,Basketball,2028-07-20,6,18:00,19:45,2028-07-20 18:00:00-07,2028-07-20 19:45:00-07,scheduled,,3.1,intuit_dome,Intuit Dome,indoor,la_metro,33.944_-118.342,33.9442586,-118.3421719,true,77,,,,25.41792118192401,24.4,0.0,0.0,0.0,indoor,,0.7865262445201856,0.12097864688174088,0.08769264672004806,126876.0,44.7527136597483,-0.683253233979471,46.0,0.0,,44.40919001577059,78.65262445201856,43.16746766020529,0.0,47.9,0.65
a3e6c3b26134b9f819d07663cb76235c,DTLA Zone,Taekwondo,2028-07-26,12,15:00,18:00,2028-07-26 15:00:00-07,2028-07-26 18:00:00-07,scheduled,,3.1,la_convention_center,Los Angeles Convention Center,indoor,la_metro,34.041_-118.269,34.0414677,-118.2689803,true,77,,,,28.98424256240837,30.4,0.0,0.0,0.0,indoor,,0.8429400714333551,0.10879754283099419,0.3231605710375201,251468.0,45.231211044975936,-1.3487515220421429,74.0,0.021505376344086023,,73.64133247875712,84.29400714333552,36.51248477957857,10.75268817204301,61.5,0.65
13e859563fb4909b3c7201d7fb7fbf9b,DTLA Zone,Taekwondo,2028-07-26,12,19:30,23:00,2028-07-26 19:30:00-07,2028-07-26 23:00:00-07,scheduled,gold,3.1,la_convention_center,Los Angeles Convention Center,indoor,la_metro,34.041_-118.269,34.0414677,-118.2689803,true,77,,,,23.98904072259317,23.1,0.0,0.0,0.0,indoor,,0.8429400714333551,0.10879754283099419,0.3231605710375201,251468.0,45.231211044975936,-1.3487515220421429,74.0,0.021505376344086023,,32.69705510322271,84.29400714333552,36.51248477957857,10.75268817204301,45.8,0.65
0f3166788daeda56fbcd39dde3dff472,DTLA Zone,Judo,2028-07-15,1,10:00,14:00,2028-07-15 10:00:00-07,2028-07-15 14:00:00-07,scheduled,,3.1,la_convention_center,Los Angeles Convention Center,indoor,la_metro,34.041_-118.269,34.0414677,-118.2689803,true,77,,,,24.943689792072924,30.3,0.0,0.0,0.0,indoor,,0.8429400714333551,0.10879754283099419,0.3231605710375201,251468.0,45.231211044975936,-1.3487515220421429,74.0,0.021505376344086023,,40.52204747600757,84.29400714333552,36.51248477957857,10.75268817204301,48.8,0.65
9849148c6a6c521bd30d5b09fdfd60a5,DTLA Zone,Judo,2028-07-16,2,10:00,14:00,2028-07-16 10:00:00-07,2028-07-16 14:00:00-07,scheduled,,3.1,la_convention_center,Los Angeles Convention Center,indoor,la_metro,34.041_-118.269,34.0414677,-118.2689803,true,77,,,,24.943689792072924,30.7,0.0,0.0,0.0,indoor,,0.8429400714333551,0.10879754283099419,0.3231605710375201,251468.0,45.231211044975936,-1.3487515220421429,74.0,0.021505376344086023,,40.52204747600757,84.29400714333552,36.51248477957857,10.75268817204301,48.8,0.65
c618dcf833ebb7e3831a15c90885f863,DTLA Zone,Judo,2028-07-22,8,08:00,14:00,2028-07-22 08:00:00-07,2028-07-22 14:00:00-07,scheduled,,3.1,la_convention_center,Los Angeles Convention Center,indoor,la_metro,34.041_-118.269,34.0414677,-118.2689803,true,77,,,,20.57882705484814,31.5,0.0,0.0,0.0,indoor,,0.8429400714333551,0.10879754283099419,0.3231605710375201,251468.0,45.231211044975936,-1.3487515220421429,74.0,0.021505376344086023,,4.744484056132301,84.29400714333552,36.51248477957857,10.75268817204301,35.0,0.65
0dcba7cb8e6a52398b78fe1915d44f44,DTLA Zone,Wrestling,2028-07-25,11,11:00,13:30,2028-07-25 11:00:00-07,2028-07-25 13:30:00-07,scheduled,,3.1,la_convention_center,Los Angeles Convention Center,indoor,la_metro,34.041_-118.269,34.0414677,-118.2689803,true,77,,,,27.019099737461435,30.3,0.0,0.0,0.0,indoor,,0.8429400714333551,0.10879754283099419,0.3231605710375201,251468.0,45.231211044975936,-1.3487515220421429,74.0,0.021505376344086023,,57.5336044054216,84.29400714333552,36.51248477957857,10.75268817204301,55.3,0.65
2ee71fb6b2e4000a2811c4bb6c930d00,DTLA Zone,Table Tennis,2028-07-21,7,21:00,23:00,2028-07-21 21:00:00-07,2028-07-21 23:00:00-07,scheduled,,3.1,la_convention_center,Los Angeles Convention Center,indoor,la_metro,34.041_-118.269,34.0414677,-118.2689803,true,77,,,,22.138102239924756,21.9,0.0,0.0,0.0,indoor,,0.8429400714333551,0.10879754283099419,0.3231605710375201,251468.0,45.231211044975936,-1.3487515220421429,74.0,0.021505376344086023,,17.525428196104556,84.29400714333552,36.51248477957857,10.75268817204301,39.9,0.65
8d0d275ba8d8d4418bb5c7c799050755,Exposition Park Zone,Athletics (Track & Field),2028-07-21,7,09:35,12:25,2028-07-21 09:35:00-07,2028-07-21 12:25:00-07,scheduled,gold,3.1,la_coliseum,Los Angeles Memorial Coliseum,outdoor,la_metro,34.014_-118.288,34.0139159,-118.2877996,true,77,26.418217753087323,28.017949031184322,30.52164503045867,25.517733590675057,28.6,0.03896103896103896,0.0,0.0,green,1,0.8842784729266543,0.0861414204475082,0.1814579007213871,223828.0,43.448269839247956,-3.1241998908030304,71.0,0.021505376344086023,65.72089369823215,45.227324513729975,88.42784729266543,18.758001091969696,10.75268817204301,54.9,1.0
39625caa8053d969959b404a5065287f,Long Beach Zone,Water Polo,2028-07-13,-1,14:30,17:30,2028-07-13 14:30:00-07,2028-07-13 17:30:00-07,scheduled,,3.1,lb_aquatics,Long Beach Aquatics Center,outdoor,la_metro,33.765_-118.191,33.7647297,-118.1906881,true,77,24.324576973222392,25.333590020290615,26.674070162138758,25.503866561821958,25.5,0.0,0.0,0.0,none,0,0.7801262996131555,0.09415469660013052,0.16332926682508087,104578.0,41.78719308315273,-2.5038959552027364,44.0,0.0,43.717950985988644,45.113660342802945,78.01262996131555,24.961040447972636,0.0,44.7,1.0
210d797970f18cce7bd1fcb58a752231,Long Beach Zone,Handball,2028-07-13,-1,19:00,22:30,2028-07-13 19:00:00-07,2028-07-13 22:30:00-07,scheduled,,3.1,lb_arena,Long Beach Arena,indoor,la_metro,33.764_-118.188,33.7640942,-118.1883741,true,77,,,,23.483379335363324,21.8,0.0,0.0,0.0,indoor,,0.7738358699694163,0.09577072861356313,0.16007091093644696,107248.0,41.9957896607921,-2.275732057342644,44.0,0.0,,28.55228963412561,77.38358699694163,27.242679426573556,0.0,39.0,0.65
861fc99ecb42a867813d6403119f88b9,Long Beach Zone,Handball,2028-07-20,6,19:00,22:30,2028-07-20 19:00:00-07,2028-07-20 22:30:00-07,scheduled,,3.1,lb_arena,Long Beach Arena,indoor,la_metro,33.764_-118.188,33.7640942,-118.1883741,true,77,,,,24.277708339590752,22.4,0.0,0.0,0.0,indoor,,0.7738358699694163,0.09577072861356313,0.16007091093644696,107248.0,41.9957896607921,-2.275732057342644,44.0,0.0,,35.06318311139962,77.38358699694163,27.242679426573556,0.0,41.5,0.65
d49a48eb4b8344b6e5fb1b620fadcd02,Long Beach Zone,Handball,2028-07-21,7,14:00,17:30,2028-07-21 14:00:00-07,2028-07-21 17:30:00-07,scheduled,,3.1,lb_arena,Long Beach Arena,indoor,la_metro,33.764_-118.188,33.7640942,-118.1883741,true,77,,,,27.323004993711546,26.4,0.0,0.0,0.0,indoor,,0.7738358699694163,0.09577072861356313,0.16007091093644696,107248.0,41.9957896607921,-2.275732057342644,44.0,0.0,,60.024631095996284,77.38358699694163,27.242679426573556,0.0,51.1,0.65
b688e1573da19ee6a1b46a73b55a68cb,Long Beach Zone,Handball,2028-07-25,11,13:00,15:00,2028-07-25 13:00:00-07,2028-07-25 15:00:00-07,scheduled,,3.1,lb_arena,Long Beach Arena,indoor,la_metro,33.764_-118.188,33.7640942,-118.1883741,true,77,,,,27.122562049971982,26.1,0.0,0.0,0.0,indoor,,0.7738358699694163,0.09577072861356313,0.16007091093644696,107248.0,41.9957896607921,-2.275732057342644,44.0,0.0,,58.38165614731133,77.38358699694163,27.242679426573556,0.0,50.5,0.65
597013dfc549e3f9aa3430d6dc5b4c04,Long Beach Zone,Handball,2028-07-26,12,09:30,11:30,2028-07-26 09:30:00-07,2028-07-26 11:30:00-07,scheduled,,3.1,lb_arena,Long Beach Arena,indoor,la_metro,33.764_-118.188,33.7640942,-118.1883741,true,77,,,,24.74927134728492,24.4,0.0,0.0,0.0,indoor,,0.7738358699694163,0.09577072861356313,0.16007091093644696,107248.0,41.9957896607921,-2.275732057342644,44.0,0.0,,38.928453666269846,77.38358699694163,27.242679426573556,0.0,43.0,0.65
d83920262a334281b4947b0440a9e973,DTLA Zone,Boxing - Preliminary Stages,2028-07-18,4,12:00,15:00,2028-07-18 12:00:00-07,2028-07-18 15:00:00-07,scheduled,,3.1,peacock_theater,Peacock Theater,indoor,la_metro,34.045_-118.267,34.0445026,-118.2670716,true,77,,,,27.137171402828752,31.1,0.0,0.0,0.0,indoor,,0.8362896053815339,0.11167189175274518,0.3209798271133104,255553.0,44.59364344327564,-2.0377940076130585,74.0,0.021505376344086023,,58.501404941219285,83.62896053815338,29.622059923869415,10.75268817204301,54.4,0.65
1453639ee7f5e904063ad2a49b310d9e,DTLA Zone,Weightlifting,2028-07-29,15,16:50,19:00,2028-07-29 16:50:00-07,2028-07-29 19:00:00-07,scheduled,gold,3.1,peacock_theater,Peacock Theater,indoor,la_metro,34.045_-118.267,34.0445026,-118.2670716,true,77,,,,27.51123284575105,28.5,0.0,0.0,0.0,indoor,,0.8362896053815339,0.11167189175274518,0.3209798271133104,255553.0,44.59364344327564,-2.0377940076130585,74.0,0.021505376344086023,,61.56748234222172,83.62896053815338,29.622059923869415,10.75268817204301,55.6,0.65
b56ed1c3ef1668ca5606e5710a8cb840,Pasadena Zone,Diving,2028-07-22,8,10:00,12:00,2028-07-22 10:00:00-07,2028-07-22 12:00:00-07,scheduled,,3.1,rose_bowl_aquatics,Rose Bowl Aquatics Center,outdoor,la_metro,34.151_-118.164,34.1512722,-118.1643208,true,77,27.300556313467208,29.517158995441477,31.016468005963475,26.251653702286866,30.0,0.11688311688311688,0.0,0.0,yellow,2,0.5243720253796974,0.17175720663632174,0.1118154541255828,66806.0,39.53865394650686,-2.5830604621436777,126.0,0.22043010752688172,78.00949996263506,51.2430631334989,52.43720253796974,24.169395378563223,100.0,63.0,1.0
58dad5c752c0319d14dde14875c6c60a,Pasadena Zone,Diving,2028-07-28,14,16:00,17:00,2028-07-28 16:00:00-07,2028-07-28 17:00:00-07,scheduled,gold,3.1,rose_bowl_aquatics,Rose Bowl Aquatics Center,outdoor,la_metro,34.151_-118.164,34.1512722,-118.1643208,true,77,26.879154973974686,29.475685962888903,30.54033066870082,29.89194098449844,31.5,0.11688311688311688,0.0,0.0,yellow,2,0.5243720253796974,0.17175720663632174,0.1118154541255828,66806.0,39.53865394650686,-2.5830604621436777,126.0,0.22043010752688172,77.66955707285986,81.08148347949542,52.43720253796974,24.169395378563223,100.0,70.4,1.0
15a443d90745faab6d1f396e0079c3ce,Valley Zone,3x3 Basketball,2028-07-18,4,14:00,16:00,2028-07-18 14:00:00-07,2028-07-18 16:00:00-07,scheduled,,3.1,sepulveda_basin_3,Valley Complex 3 (Sepulveda Basin),outdoor,la_metro,34.173_-118.487,34.1733026,-118.4868622,true,77,26.799695223239304,28.48923345995315,29.25631381204223,28.622986925712794,30.7,0.0,0.0,0.0,green,1,0.5125414368774284,0.1421575817408121,0.0671343166412166,66043.0,39.22821859281644,-6.8142964041277025,129.0,0.29838709677419356,69.58388081928814,70.68022070256389,51.25414368774284,0.0,100.0,62.3,1.0
9da04fb09f4996302c6922adcebfa516,Valley Zone,3x3 Basketball,2028-07-19,5,14:00,16:00,2028-07-19 14:00:00-07,2028-07-19 16:00:00-07,scheduled,,3.1,sepulveda_basin_3,Valley Complex 3 (Sepulveda Basin),outdoor,la_metro,34.173_-118.487,34.1733026,-118.4868622,true,77,26.87707802905402,28.669954928302,30.617534812629934,28.622986925712794,30.8,0.012987012987012988,0.0,0.0,green,1,0.5125414368774284,0.1421575817408121,0.0671343166412166,66043.0,39.22821859281644,-6.8142964041277025,129.0,0.29838709677419356,71.06520433034427,70.68022070256389,51.25414368774284,0.0,100.0,62.8,1.0
121c9b2b0ed25b8cea07233e640da8d3,Valley Zone,3x3 Basketball,2028-07-21,7,21:00,23:00,2028-07-21 21:00:00-07,2028-07-21 23:00:00-07,scheduled,,3.1,sepulveda_basin_3,Valley Complex 3 (Sepulveda Basin),outdoor,la_metro,34.173_-118.487,34.1733026,-118.4868622,true,77,18.469124906992732,21.037335393189654,22.934560400879533,22.993574095193072,21.5,0.0,0.0,0.0,none,0,0.5125414368774284,0.1421575817408121,0.0671343166412166,66043.0,39.22821859281644,-6.8142964041277025,129.0,0.29838709677419356,8.50274912450536,24.53749258354977,51.25414368774284,0.0,100.0,29.4,1.0
5bf35031c36b874fd227395f54de2b7f,Valley Zone,3x3 Basketball,2028-07-22,8,17:00,19:00,2028-07-22 17:00:00-07,2028-07-22 19:00:00-07,scheduled,,3.1,sepulveda_basin_3,Valley Complex 3 (Sepulveda Basin),outdoor,la_metro,34.173_-118.487,34.1733026,-118.4868622,true,77,25.382678204044527,28.621105036910443,29.67497419969432,28.97390216761766,28.5,0.025974025974025976,0.0,0.0,green,1,0.5125414368774284,0.1421575817408121,0.0671343166412166,66043.0,39.22821859281644,-6.8142964041277025,129.0,0.29838709677419356,70.66479538451182,73.55657514440705,51.25414368774284,0.0,100.0,63.4,1.0
bfab4cc4598f7f9c21f79442be93a7e4,Valley Zone,BMX Racing,2028-07-15,1,10:30,12:50,2028-07-15 10:30:00-07,2028-07-15 12:50:00-07,scheduled,,3.1,sepulveda_basin_4,Valley Complex 4 (Sepulveda Basin),outdoor,la_metro,34.173_-118.487,34.1733026,-118.4868622,true,77,26.922349693617615,28.367828726687254,29.46787164074703,27.04727031015927,29.1,0.012987012987012988,0.0,0.0,green,1,0.5125414368774284,0.1421575817408121,0.0671343166412166,66043.0,39.22821859281644,-6.8142964041277025,129.0,0.29838709677419356,68.58876005481356,57.76451073901041,51.25414368774284,0.0,100.0,58.7,1.0
c25cc1f89aaec4fdf746e75354cae4ba,Inglewood Zone,Swimming,2028-07-22,8,09:30,11:30,2028-07-22 09:30:00-07,2028-07-22 11:30:00-07,scheduled,,3.1,sofi_stadium,SoFi Stadium,covered,la_metro,33.953_-118.339,33.9534074,-118.3390098,true,77,21.612768411805444,23.27025255596226,24.99647968611522,25.521680536481988,27.4,0.0,0.0,0.0,none,0,0.7949743701228478,0.1275460706213522,0.09863803257310466,134132.0,42.962126805734115,-2.661845745331796,46.0,0.0,26.805348819362777,45.259676528540886,79.49743701228478,23.38154254668204,0.0,38.9,1.0
e64746f611c7256f363fb8f6659a96d0,Inglewood Zone,Swimming,2028-07-28,14,18:00,20:00,2028-07-28 18:00:00-07,2028-07-28 20:00:00-07,scheduled,gold,3.1,sofi_stadium,SoFi Stadium,covered,la_metro,33.953_-118.339,33.9534074,-118.3390098,true,77,20.00686578112462,22.293896880897066,23.38332159958643,26.180654318327374,24.4,0.0,0.0,0.0,none,0,0.7949743701228478,0.1275460706213522,0.09863803257310466,134132.0,42.962126805734115,-2.661845745331796,46.0,0.0,18.80243344997595,50.66110096989651,79.49743701228478,23.38154254668204,0.0,37.5,1.0
a6df1212097d68c410bcba78ef5c8706,Long Beach Zone,Beach Volleyball,2028-07-15,1,20:00,23:00,2028-07-15 20:00:00-07,2028-07-15 23:00:00-07,scheduled,,3.1,alamitos_beach,Alamitos Beach Stadium,outdoor,la_metro,33.762_-118.178,33.7622,-118.178,true,77,19.315421372735464,20.448948540187324,22.251806147239208,22.154483970437678,20.5,0.0,0.0,0.0,none,0,0.722444167544943,0.09900287134830982,0.1447523855740016,119359.0,40.29293224720002,-3.915892902295056,44.0,0.0,3.6799060671092123,17.65970467571867,72.2444167544943,10.84107097704944,0.0,21.2,1.0
976b1eee4ae207da18a890be7a34cd83,Long Beach Zone,Beach Volleyball,2028-07-20,6,20:00,23:00,2028-07-20 20:00:00-07,2028-07-20 23:00:00-07,scheduled,,3.1,alamitos_beach,Alamitos Beach Stadium,outdoor,la_metro,33.762_-118.178,33.7622,-118.178,true,77,19.57509764479996,21.537616843836506,23.630977469328172,22.987414478345997,20.9,0.0,0.0,0.0,none,0,0.722444167544943,0.09900287134830982,0.1447523855740016,119359.0,40.29293224720002,-3.915892902295056,44.0,0.0,12.603416752758248,24.487003920868826,72.2444167544943,10.84107097704944,0.0,26.1,1.0
290ba28a05b57193f4cc03e1d1b31654,Long Beach Zone,Rowing Coastal Beach Sprints,2028-07-24,10,08:30,12:15,2028-07-24 08:30:00-07,2028-07-24 12:15:00-07,scheduled,,3.1,belmont_shore,Belmont Shore,outdoor,la_metro,33.757_-118.137,33.7572435,-118.1370107,true,77,24.83544562501207,27.0993342899467,28.607115367236304,23.166545561775038,25.2,0.0,0.0,0.0,green,1,0.25663974898633546,0.16622647675774047,0.04377574088491976,63598.0,42.23614688798067,-0.7561596559308086,44.0,0.0,58.19126467169426,25.955291489959333,25.663974898633548,42.438403440691914,0.0,36.2,1.0
cd7598723ccba16336c7ba8a668eac1d,Long Beach Zone,Sailing (Windsurfing & Kite),2028-07-16,2,14:00,20:00,2028-07-16 14:00:00-07,2028-07-16 20:00:00-07,scheduled,,3.1,belmont_shore,Belmont Shore,outdoor,la_metro,33.757_-118.137,33.7572435,-118.1370107,true,77,24.72684708225098,25.71804948166487,28.060076464339286,25.663282339907543,26.1,0.0,0.0,0.0,none,0,0.25663974898633546,0.16622647675774047,0.04377574088491976,63598.0,42.23614688798067,-0.7561596559308086,44.0,0.0,46.869258046433366,46.420347048422485,25.663974898633548,42.438403440691914,0.0,37.4,1.0
d387bdf9b1db1c745a19be2b4a465e01,Carson Zone,Tennis,2028-07-21,7,11:00,16:30,2028-07-21 11:00:00-07,2028-07-21 16:30:00-07,scheduled,,3.1,carson_tennis,Carson Tennis Center (Dignity Health Sports Park),outdoor,la_metro,33.862_-118.263,33.8623767,-118.2629113,true,77,26.506860645204526,28.335821559139532,29.70606054470153,27.091444357980894,28.8,0.025974025974025976,0.0,0.0,green,1,0.6024817596311259,0.18387482189886747,0.036071101931309975,48804.0,43.99505605118883,-2.327804008098596,47.0,0.0,68.32640622245518,58.12659309820405,60.248175963112594,26.721959919014036,0.0,53.2,1.0
39ff693c6524b96d84757ebebf4b338d,Carson Zone,Tennis,2028-07-21,7,11:00,20:00,2028-07-21 11:00:00-07,2028-07-21 20:00:00-07,scheduled,,3.1,carson_tennis,Carson Tennis Center (Dignity Health Sports Park),outdoor,la_metro,33.862_-118.263,33.8623767,-118.2629113,true,77,26.506860645204526,28.335821559139532,29.70606054470153,27.091444357980894,28.8,0.025974025974025976,0.0,0.0,green,1,0.6024817596311259,0.18387482189886747,0.036071101931309975,48804.0,43.99505605118883,-2.327804008098596,47.0,0.0,68.32640622245518,58.12659309820405,60.248175963112594,26.721959919014036,0.0,53.2,1.0
6544858953e1da9df69991e3e532a115,Carson Zone,Tennis,2028-07-21,7,11:00,20:00,2028-07-21 11:00:00-07,2028-07-21 20:00:00-07,scheduled,,3.1,carson_tennis,Carson Tennis Center (Dignity Health Sports Park),outdoor,la_metro,33.862_-118.263,33.8623767,-118.2629113,true,77,26.506860645204526,28.335821559139532,29.70606054470153,27.091444357980894,28.8,0.025974025974025976,0.0,0.0,green,1,0.6024817596311259,0.18387482189886747,0.036071101931309975,48804.0,43.99505605118883,-2.327804008098596,47.0,0.0,68.32640622245518,58.12659309820405,60.248175963112594,26.721959919014036,0.0,53.2,1.0
7ac2a53d308cbe677d92aa2641a49085,Carson Zone,Tennis,2028-07-21,7,11:00,20:00,2028-07-21 11:00:00-07,2028-07-21 20:00:00-07,scheduled,,3.1,carson_tennis,Carson Tennis Center (Dignity Health Sports Park),outdoor,la_metro,33.862_-118.263,33.8623767,-118.2629113,true,77,26.506860645204526,28.335821559139532,29.70606054470153,27.091444357980894,28.8,0.025974025974025976,0.0,0.0,green,1,0.6024817596311259,0.18387482189886747,0.036071101931309975,48804.0,43.99505605118883,-2.327804008098596,47.0,0.0,68.32640622245518,58.12659309820405,60.248175963112594,26.721959919014036,0.0,53.2,1.0
26b162646037e1a9f460a7042646d44a,Carson Zone,Hockey,2028-07-15,1,17:30,22:30,2028-07-15 17:30:00-07,2028-07-15 22:30:00-07,scheduled,,3.1,carson_field,Carson Field (hockey),outdoor,la_metro,33.862_-118.263,33.8623767,-118.2629113,true,77,22.726313880098367,23.950502110134124,25.193527437857295,25.10453536483313,24.2,0.0,0.0,0.0,none,0,0.6024817596311259,0.18387482189886747,0.036071101931309975,48804.0,43.99505605118883,-2.327804008098596,47.0,0.0,32.38116483716495,41.84045381010762,60.248175963112594,26.721959919014036,0.0,36.5,1.0
adbf3222965b6a8a85697459f9e32e10,Carson Zone,Hockey,2028-07-21,7,17:00,22:00,2028-07-21 17:00:00-07,2028-07-21 22:00:00-07,scheduled,,3.1,carson_field,Carson Field (hockey),outdoor,la_metro,33.862_-118.263,33.8623767,-118.2629113,true,77,24.235544175546345,25.956077050679028,27.707568766761707,26.616481467443162,26.3,0.0,0.0,0.0,none,0,0.6024817596311259,0.18387482189886747,0.036071101931309975,48804.0,43.99505605118883,-2.327804008098596,47.0,0.0,48.82030369409039,54.23345465117346,60.248175963112594,26.721959919014036,0.0,45.4,1.0
5f9386deb276cfdf2cefc9b52b4c638b,Carson Zone,Hockey,2028-07-25,11,09:00,14:00,2028-07-25 09:00:00-07,2028-07-25 14:00:00-07,scheduled,,3.1,carson_field,Carson Field (hockey),outdoor,la_metro,33.862_-118.263,33.8623767,-118.2629113,true,77,26.355170383869492,28.48541464180665,30.07128645736658,22.824418652423372,28.2,0.03896103896103896,0.0,0.0,green,1,0.6024817596311259,0.18387482189886747,0.036071101931309975,48804.0,43.99505605118883,-2.327804008098596,47.0,0.0,69.55257903120204,23.15097256084731,60.248175963112594,26.721959919014036,0.0,44.9,1.0
a94f29ef402dd105d43544bfa81bc40b,Carson Zone,Archery,2028-07-26,12,20:00,23:10,2028-07-26 20:00:00-07,2028-07-26 23:10:00-07,scheduled,gold,3.1,carson_stadium,Carson Stadium (Dignity Health Sports Park),outdoor,la_metro,33.862_-118.263,33.8623767,-118.2629113,true,77,19.849961364004,21.731815179407924,23.118439624480605,23.362191220974847,21.5,0.0,0.0,0.0,none,0,0.6024817596311259,0.18387482189886747,0.036071101931309975,48804.0,43.99505605118883,-2.327804008098596,47.0,0.0,14.195206388589543,27.558944434220056,60.248175963112594,26.721959919014036,0.0,26.6,1.0
8a26da43cdd6351e5e7cdf9707a0459a,Carson Zone,Archery,2028-07-28,14,09:30,11:15,2028-07-28 09:30:00-07,2028-07-28 11:15:00-07,scheduled,,3.1,carson_stadium,Carson Stadium (Dignity Health Sports Park),outdoor,la_metro,33.862_-118.263,33.8623767,-118.2629113,true,77,25.87830260051565,27.79766206807829,29.442969855357227,25.063788693964366,26.0,0.012987012987012988,0.0,0.0,green,1,0.6024817596311259,0.18387482189886747,0.036071101931309975,48804.0,43.99505605118883,-2.327804008098596,47.0,0.0,63.91526285310073,41.50646470462595,60.248175963112594,26.721959919014036,0.0,47.5,1.0
9bc9ee2431e180ec5313f506ff1a1c1f,Carson Zone,Rugby Sevens,2028-07-12,-2,16:00,19:00,2028-07-12 16:00:00-07,2028-07-12 19:00:00-07,scheduled,,3.1,carson_stadium,Carson Stadium (Dignity Health Sports Park),outdoor,la_metro,33.862_-118.263,33.8623767,-118.2629113,true,77,24.686103059430557,25.796968244932,27.082836224494812,26.255619490056727,27.0,0.0,0.0,0.0,none,0,0.6024817596311259,0.18387482189886747,0.036071101931309975,48804.0,43.99505605118883,-2.327804008098596,47.0,0.0,47.51613315518033,51.27556959062891,60.248175963112594,26.721959919014036,0.0,44.2,1.0
d6e33715e705b36ac8b1e47dd2361eb1,DTLA Zone,Boxing - Final Stages,2028-07-28,14,18:00,19:30,2028-07-28 18:00:00-07,2028-07-28 19:30:00-07,scheduled,gold,3.1,crypto_arena,Crypto.com Arena,indoor,la_metro,34.043_-118.267,34.0429979,-118.2671352,true,77,,,,26.598541832595167,26.9,0.0,0.0,0.0,indoor,,0.8390710676842138,0.11034913662248746,0.3229660791465282,250992.0,44.956872521372205,-1.7580160159927765,74.0,0.021505376344086023,,54.08640846389482,83.90710676842139,32.419839840072235,10.75268817204301,53.3,0.65
6e2d21b41a4b8f811192a1528230d2e0,Exposition Park Zone,Flag Football,2028-07-20,6,14:00,16:10,2028-07-20 14:00:00-07,2028-07-20 16:10:00-07,scheduled,,3.1,bmo_stadium,BMO Stadium,outdoor,la_metro,34.013_-118.284,34.012814,-118.2840892,true,77,25.530434005503782,27.22430562937333,30.04565928839179,27.60535983014777,28.2,0.012987012987012988,0.0,0.0,green,1,0.889761315639675,0.08244607076326733,0.18066424292001207,227191.0,44.454678368927794,-2.33653947573314,71.0,0.021505376344086023,59.215619912896145,62.33901500121123,88.9761315639675,26.634605242668595,10.75268817204301,57.8,1.0
b7f3c6e1d2cd9e62dc6dfb695f654df0,Exposition Park Zone,Flag Football,2028-07-21,7,13:30,15:40,2028-07-21 13:30:00-07,2028-07-21 15:40:00-07,scheduled,,3.1,bmo_stadium,BMO Stadium,outdoor,la_metro,34.013_-118.284,34.012814,-118.2840892,true,77,25.514160264694105,27.464208901081243,29.22638896497824,27.89656975413943,28.3,0.0,0.0,0.0,green,1,0.889761315639675,0.08244607076326733,0.18066424292001207,227191.0,44.454678368927794,-2.33653947573314,71.0,0.021505376344086023,61.18204017279707,64.72598159130682,88.9761315639675,26.634605242668595,10.75268817204301,59.1,1.0
b60a959e09b723c7d1a63cd93c381bde,Pomona Zone,Cricket,2028-07-16,2,18:00,21:30,2028-07-16 18:00:00-07,2028-07-16 21:30:00-07,scheduled,,3.1,fairplex_cricket,Fairgrounds Cricket Stadium (Fairplex),outdoor,la_metro,34.087_-117.767,34.0870515,-117.7668542,true,77,24.351495643906034,25.4113016218167,26.12208704832434,26.70048987823807,28.9,0.0,0.0,0.0,none,0,0.7307144233518286,0.1444376036552249,0.06587964703957196,61516.0,47.23916496816421,1.1143602628049933,156.0,0.4327956989247312,44.354931326366405,54.92204818227927,73.07144233518285,61.14360262804993,100.0,60.0,1.0
f89f9bf70965c1bd1280dea86bd5a175,Pomona Zone,Cricket,2028-07-25,11,18:00,21:30,2028-07-25 18:00:00-07,2028-07-25 21:30:00-07,scheduled,,3.1,fairplex_cricket,Fairgrounds Cricket Stadium (Fairplex),outdoor,la_metro,34.087_-117.767,34.0870515,-117.7668542,true,77,24.56328550492095,26.585813574093418,27.929964776298483,27.801383862742334,29.2,0.0,0.0,0.0,none,0,0.7307144233518286,0.1444376036552249,0.06587964703957196,61516.0,47.23916496816421,1.1143602628049933,156.0,0.4327956989247312,53.982078476175566,63.94576936674044,73.07144233518285,61.14360262804993,100.0,65.6,1.0
0f664e2a6ab8d47f40df32eff2e4f86e,Pomona Zone,Cricket,2028-07-26,12,09:00,12:30,2028-07-26 09:00:00-07,2028-07-26 12:30:00-07,scheduled,,3.1,fairplex_cricket,Fairgrounds Cricket Stadium (Fairplex),outdoor,la_metro,34.087_-117.767,34.0870515,-117.7668542,true,77,27.304649304674573,29.930413512208883,30.85718250976833,23.489261456149382,30.4,0.18181818181818182,0.0,0.0,yellow,2,0.7307144233518286,0.1444376036552249,0.06587964703957196,61516.0,47.23916496816421,1.1143602628049933,156.0,0.4327956989247312,81.39683206728593,28.600503738929362,73.07144233518285,61.14360262804993,100.0,66.4,1.0
3c7e9c7acc0ea2f90eb9726e3defba8b,Pomona Zone,Cricket,2028-07-27,13,18:00,21:30,2028-07-27 18:00:00-07,2028-07-27 21:30:00-07,scheduled,,3.1,fairplex_cricket,Fairgrounds Cricket Stadium (Fairplex),outdoor,la_metro,34.087_-117.767,34.0870515,-117.7668542,true,77,24.649492297964095,26.439859520981216,27.929964776298483,27.71794328509102,29.5,0.0,0.0,0.0,none,0,0.7307144233518286,0.1444376036552249,0.06587964703957196,61516.0,47.23916496816421,1.1143602628049933,156.0,0.4327956989247312,52.78573377853456,63.26183020566412,73.07144233518285,61.14360262804993,100.0,65.0,1.0
254dec4c5e0325d69068ebf63cdf8f7d,Exposition Park Zone,Badminton,2028-07-16,2,14:00,16:35,2028-07-16 14:00:00-07,2028-07-16 16:35:00-07,scheduled,,3.1,galen_center,Galen Center,indoor,la_metro,34.021_-118.28,34.020753,-118.2797965,true,77,,,,27.127514198495803,27.9,0.0,0.0,0.0,indoor,,0.880924266400335,0.08445838018839198,0.19996670316057882,219220.0,44.8627076408096,-2.06563381306729,71.0,0.021505376344086023,,58.422247528654125,88.09242664003351,29.343661869327097,10.75268817204301,55.7,0.65
c0ef146ba36f45233f17531fb6c491d9,Exposition Park Zone,Badminton,2028-07-21,7,08:00,13:05,2028-07-21 08:00:00-07,2028-07-21 13:05:00-07,scheduled,gold,3.1,galen_center,Galen Center,indoor,la_metro,34.021_-118.28,34.020753,-118.2797965,true,77,,,,20.49696243720268,28.9,0.0,0.0,0.0,indoor,,0.880924266400335,0.08445838018839198,0.19996670316057882,219220.0,44.8627076408096,-2.06563381306729,71.0,0.021505376344086023,,4.073462600021962,88.09242664003351,29.343661869327097,10.75268817204301,34.8,0.65
a490448f9ba22c52e0b5830ef6f2a647,Exposition Park Zone,Rhythmic Gymnastics,2028-07-27,13,17:30,20:45,2028-07-27 17:30:00-07,2028-07-27 20:45:00-07,scheduled,,3.1,galen_center,Galen Center,indoor,la_metro,34.021_-118.28,34.020753,-118.2797965,true,77,,,,26.248870159444802,24.5,0.0,0.0,0.0,indoor,,0.880924266400335,0.08445838018839198,0.19996670316057882,219220.0,44.8627076408096,-2.06563381306729,71.0,0.021505376344086023,,51.220247208563954,88.09242664003351,29.343661869327097,10.75268817204301,53.0,0.65
0ee5b55067a40210b4908a9093e97ad2,Exposition Park Zone,Rhythmic Gymnastics,2028-07-28,14,18:00,20:45,2028-07-28 18:00:00-07,2028-07-28 20:45:00-07,scheduled,gold,3.1,galen_center,Galen Center,indoor,la_metro,34.021_-118.28,34.020753,-118.2797965,true,77,,,,26.02020541169508,24.4,0.0,0.0,0.0,indoor,,0.880924266400335,0.08445838018839198,0.19996670316057882,219220.0,44.8627076408096,-2.06563381306729,71.0,0.021505376344086023,,49.345945997500664,88.09242664003351,29.343661869327097,10.75268817204301,52.3,0.65
d528b7b3371d6b517fb1dee1a2b3c766,Anaheim Zone,Volleyball,2028-07-18,4,13:00,15:30,2028-07-18 13:00:00-07,2028-07-18 15:30:00-07,scheduled,,3.1,honda_center,Honda Center,indoor,la_metro,33.808_-117.877,33.8078316,-117.876534,true,77,,,,27.24295440539039,28.7,0.0,0.0,0.0,indoor,,0.6492647210536929,0.10353301803233088,0.039734922549210024,65718.0,47.43342904084868,0.4938292016918844,50.0,0.008064516129032258,,59.368478732708105,64.9264721053693,54.938292016918844,4.032258064516129,51.9,0.65
0925229ad63d1b272725ea9274bae56c,Anaheim Zone,Volleyball,2028-07-21,7,17:00,19:30,2028-07-21 17:00:00-07,2028-07-21 19:30:00-07,scheduled,,3.1,honda_center,Honda Center,indoor,la_metro,33.808_-117.877,33.8078316,-117.876534,true,77,,,,27.17202827891151,26.8,0.0,0.0,0.0,indoor,,0.6492647210536929,0.10353301803233088,0.039734922549210024,65718.0,47.43342904084868,0.4938292016918844,50.0,0.008064516129032258,,58.787117040258295,64.9264721053693,54.938292016918844,4.032258064516129,51.7,0.65
0c1441da57c9449277e4708c639d86bf,Inglewood Zone,Basketball,2028-07-24,10,13:00,15:00,2028-07-24 13:00:00-07,2028-07-24 15:00:00-07,scheduled,,3.1,intuit_dome,Intuit Dome,indoor,la_metro,33.944_-118.342,33.9442586,-118.3421719,true,77,,,,28.357705966714327,28.7,0.0,0.0,0.0,indoor,,0.7865262445201856,0.12097864688174088,0.08769264672004806,126876.0,44.7527136597483,-0.683253233979471,46.0,0.0,,68.50578661241252,78.65262445201856,43.16746766020529,0.0,57.2,0.65
045493c1fe20181be15b21606d2536e9,Inglewood Zone,Basketball,2028-07-29,15,12:00,14:00,2028-07-29 12:00:00-07,2028-07-29 14:00:00-07,scheduled,bronze,3.1,intuit_dome,Intuit Dome,indoor,la_metro,33.944_-118.342,33.9442586,-118.3421719,true,77,,,,27.747621774952357,28.5,0.0,0.0,0.0,indoor,,0.7865262445201856,0.12097864688174088,0.08769264672004806,126876.0,44.7527136597483,-0.683253233979471,46.0,0.0,,63.505096516002936,78.65262445201856,43.16746766020529,0.0,55.3,0.65
1a8a5f4827a902a62eb41910af9528ab,Inglewood Zone,Basketball,2028-07-29,15,16:00,18:15,2028-07-29 16:00:00-07,2028-07-29 18:15:00-07,scheduled,gold,3.1,intuit_dome,Intuit Dome,indoor,la_metro,33.944_-118.342,33.9442586,-118.3421719,true,77,,,,26.95030829115122,26.8,0.0,0.0,0.0,indoor,,0.7865262445201856,0.12097864688174088,0.08769264672004806,126876.0,44.7527136597483,-0.683253233979471,46.0,0.0,,56.969740091403445,78.65262445201856,43.16746766020529,0.0,52.8,0.65
33a6c3b1f1bb1245e400bca25febd0a4,DTLA Zone,Fencing,2028-07-16,2,09:00,16:20,2028-07-16 09:00:00-07,2028-07-16 16:20:00-07,scheduled,,3.1,la_convention_center,Los Angeles Convention Center,indoor,la_metro,34.041_-118.269,34.0414677,-118.2689803,true,77,,,,22.444151455343803,30.8,0.0,0.0,0.0,indoor,,0.8429400714333551,0.10879754283099419,0.3231605710375201,251468.0,45.231211044975936,-1.3487515220421429,74.0,0.021505376344086023,,20.03402832249019,84.29400714333552,36.51248477957857,10.75268817204301,40.9,0.65
12568c6c0833ab43138ff64964c3b6b5,DTLA Zone,Fencing,2028-07-19,5,09:00,14:30,2028-07-19 09:00:00-07,2028-07-19 14:30:00-07,scheduled,,3.1,la_convention_center,Los Angeles Convention Center,indoor,la_metro,34.041_-118.269,34.0414677,-118.2689803,true,77,,,,22.858126872387764,31.5,0.0,0.0,0.0,indoor,,0.8429400714333551,0.10879754283099419,0.3231605710375201,251468.0,45.231211044975936,-1.3487515220421429,74.0,0.021505376344086023,,23.427269445801347,84.29400714333552,36.51248477957857,10.75268817204301,42.2,0.65
55edfd53cf48770fb950e7db4f287a1a,DTLA Zone,Judo,2028-07-18,4,16:00,19:00,2028-07-18 16:00:00-07,2028-07-18 19:00:00-07,scheduled,gold,3.1,la_convention_center,Los Angeles Convention Center,indoor,la_metro,34.041_-118.269,34.0414677,-118.2689803,true,77,,,,27.536461761515778,29.4,0.0,0.0,0.0,indoor,,0.8429400714333551,0.10879754283099419,0.3231605710375201,251468.0,45.231211044975936,-1.3487515220421429,74.0,0.021505376344086023,,61.77427673373589,84.29400714333552,36.51248477957857,10.75268817204301,57.0,0.65
60720ec857c3bb782250c9e28be7192d,DTLA Zone,Judo,2028-07-19,5,10:00,14:00,2028-07-19 10:00:00-07,2028-07-19 14:00:00-07,scheduled,,3.1,la_convention_center,Los Angeles Convention Center,indoor,la_metro,34.041_-118.269,34.0414677,-118.2689803,true,77,,,,24.591165167370054,31.5,0.0,0.0,0.0,indoor,,0.8429400714333551,0.10879754283099419,0.3231605710375201,251468.0,45.231211044975936,-1.3487515220421429,74.0,0.021505376344086023,,37.63250137188569,84.29400714333552,36.51248477957857,10.75268817204301,47.7,0.65
1972b3fd6d6b5b05a50cea25f655d769,DTLA Zone,Judo,2028-07-20,6,16:00,19:00,2028-07-20 16:00:00-07,2028-07-20 19:00:00-07,scheduled,gold,3.1,la_convention_center,Los Angeles Convention Center,indoor,la_metro,34.041_-118.269,34.0414677,-118.2689803,true,77,,,,27.730049004509954,29.5,0.0,0.0,0.0,indoor,,0.8429400714333551,0.10879754283099419,0.3231605710375201,251468.0,45.231211044975936,-1.3487515220421429,74.0,0.021505376344086023,,63.36105741401602,84.29400714333552,36.51248477957857,10.75268817204301,57.6,0.65
bd9fb66b70247f37355624966223d709,DTLA Zone,Wrestling,2028-07-29,15,19:00,22:45,2028-07-29 19:00:00-07,2028-07-29 22:45:00-07,scheduled,gold,3.1,la_convention_center,Los Angeles Convention Center,indoor,la_metro,34.041_-118.269,34.0414677,-118.2689803,true,77,,,,25.414846930377976,25.0,0.0,0.0,0.0,indoor,,0.8429400714333551,0.10879754283099419,0.3231605710375201,251468.0,45.231211044975936,-1.3487515220421429,74.0,0.021505376344086023,,44.38399123260637,84.29400714333552,36.51248477957857,10.75268817204301,50.3,0.65
0dfaf8e0e0c88d678d26cf95b0b09427,DTLA Zone,Table Tennis,2028-07-15,1,19:30,22:30,2028-07-15 19:30:00-07,2028-07-15 22:30:00-07,scheduled,,3.1,la_convention_center,Los Angeles Convention Center,indoor,la_metro,34.041_-118.269,34.0414677,-118.2689803,true,77,,,,23.09334502036603,22.6,0.0,0.0,0.0,indoor,,0.8429400714333551,0.10879754283099419,0.3231605710375201,251468.0,45.231211044975936,-1.3487515220421429,74.0,0.021505376344086023,,25.355287052180575,84.29400714333552,36.51248477957857,10.75268817204301,43.0,0.65
28625102cb63604913d7111d38c01405,DTLA Zone,Table Tennis,2028-07-17,3,15:00,18:00,2028-07-17 15:00:00-07,2028-07-17 18:00:00-07,scheduled,,3.1,la_convention_center,Los Angeles Convention Center,indoor,la_metro,34.041_-118.269,34.0414677,-118.2689803,true,77,,,,28.02788040231324,29.9,0.0,0.0,0.0,indoor,,0.8429400714333551,0.10879754283099419,0.3231605710375201,251468.0,45.231211044975936,-1.3487515220421429,74.0,0.021505376344086023,,65.80229837961673,84.29400714333552,36.51248477957857,10.75268817204301,58.5,0.65
c6fa20edb7efe3622e07546fe894ebcb,DTLA Zone,Table Tennis,2028-07-19,5,21:00,23:15,2028-07-19 21:00:00-07,2028-07-19 23:15:00-07,scheduled,gold,3.1,la_convention_center,Los Angeles Convention Center,indoor,la_metro,34.041_-118.269,34.0414677,-118.2689803,true,77,,,,21.757327635802113,21.4,0.0,0.0,0.0,indoor,,0.8429400714333551,0.10879754283099419,0.3231605710375201,251468.0,45.231211044975936,-1.3487515220421429,74.0,0.021505376344086023,,14.40432488362388,84.29400714333552,36.51248477957857,10.75268817204301,38.7,0.65
6787a7896eae50eda8796903a610d0d9,DTLA Zone,Table Tennis,2028-07-24,10,17:00,22:00,2028-07-24 17:00:00-07,2028-07-24 22:00:00-07,scheduled,,3.1,la_convention_center,Los Angeles Convention Center,indoor,la_metro,34.041_-118.269,34.0414677,-118.2689803,true,77,,,,27.652616062930136,28.5,0.0,0.0,0.0,indoor,,0.8429400714333551,0.10879754283099419,0.3231605710375201,251468.0,45.231211044975936,-1.3487515220421429,74.0,0.021505376344086023,,62.726361171558494,84.29400714333552,36.51248477957857,10.75268817204301,57.3,0.65
e86fe485180ab397706104635654bfab,DTLA Zone,Table Tennis,2028-07-27,13,10:00,15:00,2028-07-27 10:00:00-07,2028-07-27 15:00:00-07,scheduled,,3.1,la_convention_center,Los Angeles Convention Center,indoor,la_metro,34.041_-118.269,34.0414677,-118.2689803,true,77,,,,25.284917944512323,30.6,0.0,0.0,0.0,indoor,,0.8429400714333551,0.10879754283099419,0.3231605710375201,251468.0,45.231211044975936,-1.3487515220421429,74.0,0.021505376344086023,,43.318999545182976,84.29400714333552,36.51248477957857,10.75268817204301,49.9,0.65
3749d10771a9c7938fdd1a6a876f91b7,Exposition Park Zone,Athletics (Track & Field),2028-07-18,4,15:50,18:50,2028-07-18 15:50:00-07,2028-07-18 18:50:00-07,scheduled,gold,3.1,la_coliseum,Los Angeles Memorial Coliseum,outdoor,la_metro,34.014_-118.288,34.0139159,-118.2877996,true,77,24.24503639484376,25.85445995653456,30.21040543677582,26.198780963813682,26.7,0.012987012987012988,0.0,0.0,none,0,0.8842784729266543,0.0861414204475082,0.1814579007213871,223828.0,43.448269839247956,-3.1241998908030304,71.0,0.021505376344086023,47.98737669290622,50.809680031259695,88.42784729266543,18.758001091969696,10.75268817204301,50.1,1.0
9411cda4b9d639c8b646c8219d4fae26,Long Beach Zone,Water Polo,2028-07-16,2,10:00,13:00,2028-07-16 10:00:00-07,2028-07-16 13:00:00-07,scheduled,,3.1,lb_aquatics,Long Beach Aquatics Center,outdoor,la_metro,33.765_-118.191,33.7647297,-118.1906881,true,77,24.56437713227671,25.713510941976114,27.546749189463746,24.092713619514665,25.3,0.0,0.0,0.0,none,0,0.7801262996131555,0.09415469660013052,0.16332926682508087,104578.0,41.78719308315273,-2.5038959552027364,44.0,0.0,46.832056901443565,33.54683294684152,78.01262996131555,24.961040447972636,0.0,42.9,1.0
5141b550e61c7ae737729621fd911802,Long Beach Zone,Handball,2028-07-17,3,19:00,22:30,2028-07-17 19:00:00-07,2028-07-17 22:30:00-07,scheduled,,3.1,lb_arena,Long Beach Arena,indoor,la_metro,33.764_-118.188,33.7640942,-118.1883741,true,77,,,,23.567429197321275,22.3,0.0,0.0,0.0,indoor,,0.7738358699694163,0.09577072861356313,0.16007091093644696,107248.0,41.9957896607921,-2.275732057342644,44.0,0.0,,29.24122292886291,77.38358699694163,27.242679426573556,0.0,39.2,0.65
5a4c7e39cb082dbba1af4a2606abaa94,Long Beach Zone,Handball,2028-07-22,8,14:00,17:30,2028-07-22 14:00:00-07,2028-07-22 17:30:00-07,scheduled,,3.1,lb_arena,Long Beach Arena,indoor,la_metro,33.764_-118.188,33.7640942,-118.1883741,true,77,,,,27.36444372429457,26.7,0.0,0.0,0.0,indoor,,0.7738358699694163,0.09577072861356313,0.16007091093644696,107248.0,41.9957896607921,-2.275732057342644,44.0,0.0,,60.364292822086654,77.38358699694163,27.242679426573556,0.0,51.2,0.65
c06a390466e8be49ae5f1953f31df8e0,Long Beach Zone,Handball,2028-07-24,10,09:00,11:00,2028-07-24 09:00:00-07,2028-07-24 11:00:00-07,scheduled,,3.1,lb_arena,Long Beach Arena,indoor,la_metro,33.764_-118.188,33.7640942,-118.1883741,true,77,,,,23.017679039743165,24.4,0.0,0.0,0.0,indoor,,0.7738358699694163,0.09577072861356313,0.16007091093644696,107248.0,41.9957896607921,-2.275732057342644,44.0,0.0,,24.73507409625545,77.38358699694163,27.242679426573556,0.0,37.5,0.65
0151c1e4a1fe1689812f9f9dfc514cc5,Long Beach Zone,Handball,2028-07-28,14,13:00,15:30,2028-07-28 13:00:00-07,2028-07-28 15:30:00-07,scheduled,gold,3.1,lb_arena,Long Beach Arena,indoor,la_metro,33.764_-118.188,33.7640942,-118.1883741,true,77,,,,26.705033906594547,25.7,0.0,0.0,0.0,indoor,,0.7738358699694163,0.09577072861356313,0.16007091093644696,107248.0,41.9957896607921,-2.275732057342644,44.0,0.0,,54.95929431634875,77.38358699694163,27.242679426573556,0.0,49.1,0.65
40360f3d8619131b6d2887d2d83ad549,Long Beach Zone,Shooting (Rifle & Pistol),2028-07-23,9,09:30,21:00,2028-07-23 09:30:00-07,2028-07-23 21:00:00-07,scheduled,gold,3.1,lb_shooting_hall,Long Beach Target Shooting Hall,indoor,la_metro,33.765_-118.191,33.7647297,-118.1906881,true,77,,,,24.895721275234802,26.7,0.0,0.0,0.0,indoor,,0.7801262996131555,0.09415469660013052,0.16332926682508087,104578.0,41.78719308315273,-2.5038959552027364,44.0,0.0,,40.12886291176068,78.01262996131555,24.961040447972636,0.0,43.3,0.65
9dfb3502b0aa83eb5ea65a93f1ff9289,Long Beach Zone,Canoe Sprint,2028-07-26,12,09:00,12:40,2028-07-26 09:00:00-07,2028-07-26 12:40:00-07,scheduled,gold,3.1,marine_stadium,Marine Stadium,outdoor,la_metro,33.766_-118.127,33.7658713,-118.1268662,true,77,24.995617382494885,27.03377485755126,28.607392782116868,23.198316562050294,25.1,0.0,0.0,0.0,green,1,0.238919204098983,0.16645636928537386,0.03847797848994337,72741.0,39.278168418526626,-3.8697284565432284,44.0,0.0,57.65389227501034,26.215709525002417,23.8919204098983,11.302715434567716,0.0,32.6,1.0
8db8a7dad5ba666a0a39e31f5b76e823,DTLA Zone,Boxing - Preliminary Stages,2028-07-16,2,12:00,15:00,2028-07-16 12:00:00-07,2028-07-16 15:00:00-07,scheduled,,3.1,peacock_theater,Peacock Theater,indoor,la_metro,34.045_-118.267,34.0445026,-118.2670716,true,77,,,,27.25215072877598,30.8,0.0,0.0,0.0,indoor,,0.8362896053815339,0.11167189175274518,0.3209798271133104,255553.0,44.59364344327564,-2.0377940076130585,74.0,0.021505376344086023,,59.443858432590005,83.62896053815338,29.622059923869415,10.75268817204301,54.8,0.65
3fa4d34aedbbe09b9021c4b80bb802e2,DTLA Zone,Boxing - Preliminary Stages,2028-07-22,8,19:00,22:00,2028-07-22 19:00:00-07,2028-07-22 22:00:00-07,scheduled,,3.1,peacock_theater,Peacock Theater,indoor,la_metro,34.045_-118.267,34.0445026,-118.2670716,true,77,,,,25.522447939035793,25.2,0.0,0.0,0.0,indoor,,0.8362896053815339,0.11167189175274518,0.3209798271133104,255553.0,44.59364344327564,-2.0377940076130585,74.0,0.021505376344086023,,45.26596671340814,83.62896053815338,29.622059923869415,10.75268817204301,49.4,0.65
8a5bace1bde539aae9d4cc8405e30698,DTLA Zone,Weightlifting,2028-07-29,15,20:50,23:00,2028-07-29 20:50:00-07,2028-07-29 23:00:00-07,scheduled,gold,3.1,peacock_theater,Peacock Theater,indoor,la_metro,34.045_-118.267,34.0445026,-118.2670716,true,77,,,,21.99550377442022,21.7,0.0,0.0,0.0,indoor,,0.8362896053815339,0.11167189175274518,0.3209798271133104,255553.0,44.59364344327564,-2.0377940076130585,74.0,0.021505376344086023,,16.356588314919847,83.62896053815338,29.622059923869415,10.75268817204301,38.2,0.65
82de48b98d865c55af16e83bf4d1fd77,Pasadena Zone,Diving,2028-07-17,3,15:30,16:45,2028-07-17 15:30:00-07,2028-07-17 16:45:00-07,scheduled,gold,3.1,rose_bowl_aquatics,Rose Bowl Aquatics Center,outdoor,la_metro,34.151_-118.164,34.1512722,-118.1643208,true,77,26.329686125502626,27.670029922033457,30.105755325530517,28.232848525470263,30.7,0.012987012987012988,0.0,0.0,green,1,0.5243720253796974,0.17175720663632174,0.1118154541255828,66806.0,39.53865394650686,-2.5830604621436777,126.0,0.22043010752688172,62.86909772158572,67.48236496287102,52.43720253796974,24.169395378563223,100.0,61.8,1.0
1c29bbc8b87c401937a67c96231f8bc7,Pasadena Zone,Diving,2028-07-20,6,15:30,17:30,2028-07-20 15:30:00-07,2028-07-20 17:30:00-07,scheduled,,3.1,rose_bowl_aquatics,Rose Bowl Aquatics Center,outdoor,la_metro,34.151_-118.164,34.1512722,-118.1643208,true,77,26.647427263677898,28.041587637976022,30.56273200734508,28.684462327451786,30.9,0.05194805194805195,0.0,0.0,green,1,0.5243720253796974,0.17175720663632174,0.1118154541255828,66806.0,39.53865394650686,-2.5830604621436777,126.0,0.22043010752688172,65.91465277029526,71.1841174381294,52.43720253796974,24.169395378563223,100.0,63.8,1.0
4642cc1935b4dee44f08ea539bba1b88,Pasadena Zone,Football (Soccer) - Final Stages,2028-07-28,14,18:00,21:00,2028-07-28 18:00:00-07,2028-07-28 21:00:00-07,scheduled,gold,3.1,rose_bowl,Rose Bowl Stadium,outdoor,la_metro,34.161_-118.168,34.1613492,-118.1676674,true,77,24.478746873801928,27.00408671630752,28.722085920923295,28.44906500749221,28.2,0.0,0.0,0.0,green,1,0.5912465443947986,0.1668789224664589,0.10373286285397151,59559.0,42.076758266294206,0.38685025215099245,126.0,0.22043010752688172,57.41054685497967,69.25463120895253,59.12465443947986,53.86850252150992,100.0,64.6,1.0
d93afba64ecaaa383184241af3701417,Valley Zone,3x3 Basketball,2028-07-18,4,21:00,23:00,2028-07-18 21:00:00-07,2028-07-18 23:00:00-07,scheduled,,3.1,sepulveda_basin_3,Valley Complex 3 (Sepulveda Basin),outdoor,la_metro,34.173_-118.487,34.1733026,-118.4868622,true,77,18.29086009994329,20.238810103395227,21.639113192434877,22.26024921574444,20.9,0.0,0.0,0.0,none,0,0.5125414368774284,0.1421575817408121,0.0671343166412166,66043.0,39.22821859281644,-6.8142964041277025,129.0,0.29838709677419356,1.9574598638953074,18.52663291593804,51.25414368774284,0.0,100.0,25.6,1.0
6eee480350353b265ff8d981ddcf2d52,Valley Zone,3x3 Basketball,2028-07-19,5,21:00,23:00,2028-07-19 21:00:00-07,2028-07-19 23:00:00-07,scheduled,,3.1,sepulveda_basin_3,Valley Complex 3 (Sepulveda Basin),outdoor,la_metro,34.173_-118.487,34.1733026,-118.4868622,true,77,18.29086009994329,20.32009482731493,22.934560400879533,22.60461666306139,21.0,0.0,0.0,0.0,none,0,0.5125414368774284,0.1421575817408121,0.0671343166412166,66043.0,39.22821859281644,-6.8142964041277025,129.0,0.29838709677419356,2.623728092745317,21.349316910339255,51.25414368774284,0.0,100.0,26.5,1.0
94461c4eadea12ade32f99ad75ece755,Valley Zone,3x3 Basketball,2028-07-21,7,14:00,16:00,2028-07-21 14:00:00-07,2028-07-21 16:00:00-07,scheduled,,3.1,sepulveda_basin_3,Valley Complex 3 (Sepulveda Basin),outdoor,la_metro,34.173_-118.487,34.1733026,-118.4868622,true,77,26.961432991388882,29.24581044239654,33.13337776397215,29.538258325157535,31.1,0.1038961038961039,0.012987012987012988,0.012987012987012988,green,1,0.5125414368774284,0.1421575817408121,0.0671343166412166,66043.0,39.22821859281644,-6.8142964041277025,129.0,0.29838709677419356,75.78533149505361,78.18244528817652,51.25414368774284,0.0,100.0,66.3,1.0
329bf9020a2f3049f9123c98959a7fd1,Inglewood Zone,Swimming,2028-07-29,15,09:30,11:30,2028-07-29 09:30:00-07,2028-07-29 11:30:00-07,scheduled,,3.1,sofi_stadium,SoFi Stadium,covered,la_metro,33.953_-118.339,33.9534074,-118.3390098,true,77,21.178032604005086,23.213886028125504,24.694017491124786,25.600046830047695,26.8,0.0,0.0,0.0,none,0,0.7949743701228478,0.1275460706213522,0.09863803257310466,134132.0,42.962126805734115,-2.661845745331796,46.0,0.0,26.343328099389378,45.90202319711226,79.49743701228478,23.38154254668204,0.0,38.9,1.0
2b3dddf736a4b19b0a23586b3d9ec869,Long Beach Zone,Beach Volleyball,2028-07-16,2,14:00,18:00,2028-07-16 14:00:00-07,2028-07-16 18:00:00-07,scheduled,,3.1,alamitos_beach,Alamitos Beach Stadium,outdoor,la_metro,33.762_-118.178,33.7622,-118.178,true,77,24.72117153567125,25.704764898616883,27.7892392538435,25.55890289259075,25.8,0.0,0.0,0.0,none,0,0.722444167544943,0.09900287134830982,0.1447523855740016,119359.0,40.29293224720002,-3.915892902295056,44.0,0.0,46.760368021449864,45.564777808120915,72.2444167544943,10.84107097704944,0.0,43.3,1.0
5b263416be845926de4ba98f47a8e7b8,Long Beach Zone,Beach Volleyball,2028-07-17,3,14:00,18:00,2028-07-17 14:00:00-07,2028-07-17 18:00:00-07,scheduled,,3.1,alamitos_beach,Alamitos Beach Stadium,outdoor,la_metro,33.762_-118.178,33.7622,-118.178,true,77,24.6283858041297,25.86696754098172,27.7892392538435,25.803736805802316,25.8,0.0,0.0,0.0,none,0,0.722444167544943,0.09900287134830982,0.1447523855740016,119359.0,40.29293224720002,-3.915892902295056,44.0,0.0,48.089897876899336,47.57161316231407,72.2444167544943,10.84107097704944,0.0,44.3,1.0
135faa1b6326f04f90127072b93877fe,Long Beach Zone,Beach Volleyball,2028-07-22,8,19:00,23:00,2028-07-22 19:00:00-07,2028-07-22 23:00:00-07,scheduled,,3.1,alamitos_beach,Alamitos Beach Stadium,outdoor,la_metro,33.762_-118.178,33.7622,-118.178,true,77,21.385893161068136,23.46717909643396,25.19902978745904,24.856711361137812,22.6,0.0,0.0,0.0,none,0,0.722444167544943,0.09900287134830982,0.1447523855740016,119359.0,40.29293224720002,-3.915892902295056,44.0,0.0,28.419500790442292,39.80910951752305,72.2444167544943,10.84107097704944,0.0,35.4,1.0
61a4a689ba1d60953ac66fd8a790d8c0,Long Beach Zone,Beach Volleyball,2028-07-23,9,09:00,11:00,2028-07-23 09:00:00-07,2028-07-23 11:00:00-07,scheduled,,3.1,alamitos_beach,Alamitos Beach Stadium,outdoor,la_metro,33.762_-118.178,33.7622,-118.178,true,77,24.6183855157447,26.853954067274152,28.22806706893582,23.03852045640848,24.5,0.0,0.0,0.0,green,1,0.722444167544943,0.09900287134830982,0.1447523855740016,119359.0,40.29293224720002,-3.915892902295056,44.0,0.0,56.17995137109961,24.905905380397385,72.2444167544943,10.84107097704944,0.0,41.4,1.0
df1ff0abea125bd012c8a181bdfba146,Carson Zone,Tennis,2028-07-28,14,18:30,00:00,2028-07-28 18:30:00-07,2028-07-29 00:00:00-07,scheduled,gold,3.1,carson_tennis,Carson Tennis Center (Dignity Health Sports Park),outdoor,la_metro,33.862_-118.263,33.8623767,-118.2629113,true,77,21.393476307184976,23.298506576570475,25.032590585727082,24.641472980581806,22.9,0.0,0.0,0.0,none,0,0.6024817596311259,0.18387482189886747,0.036071101931309975,48804.0,43.99505605118883,-2.327804008098596,47.0,0.0,27.036939152217005,38.044860496572184,60.248175963112594,26.721959919014036,0.0,33.7,1.0
bc1ce2dc9fcbee3f23b1bcf3e41daa48,Carson Zone,Hockey,2028-07-16,2,17:00,22:00,2028-07-16 17:00:00-07,2028-07-16 22:00:00-07,scheduled,,3.1,carson_field,Carson Field (hockey),outdoor,la_metro,33.862_-118.263,33.8623767,-118.2629113,true,77,23.78845995124007,25.219133684271622,26.335862628518754,25.72813411845178,25.8,0.0,0.0,0.0,none,0,0.6024817596311259,0.18387482189886747,0.036071101931309975,48804.0,43.99505605118883,-2.327804008098596,47.0,0.0,42.779784297308375,46.951919003703125,60.248175963112594,26.721959919014036,0.0,41.4,1.0
9899092d6a74cbf28767f22666c1dfb5,Carson Zone,Hockey,2028-07-22,8,09:00,14:00,2028-07-22 09:00:00-07,2028-07-22 14:00:00-07,scheduled,,3.1,carson_field,Carson Field (hockey),outdoor,la_metro,33.862_-118.263,33.8623767,-118.2629113,true,77,26.54341645304201,28.61050676083624,31.95966743080922,23.111399738630045,29.1,0.05194805194805195,0.012987012987012988,0.0,green,1,0.6024817596311259,0.18387482189886747,0.036071101931309975,48804.0,43.99505605118883,-2.327804008098596,47.0,0.0,70.57792426914952,25.50327654614791,60.248175963112594,26.721959919014036,0.0,45.8,1.0
9c32e8d58d297940f95d62d20dfb6410,DTLA Zone,Boxing - Final Stages,2028-07-27,13,18:00,20:00,2028-07-27 18:00:00-07,2028-07-27 20:00:00-07,scheduled,gold,3.1,crypto_arena,Crypto.com Arena,indoor,la_metro,34.043_-118.267,34.0429979,-118.2671352,true,77,,,,26.7690230632256,26.9,0.0,0.0,0.0,indoor,,0.8390710676842138,0.11034913662248746,0.3229660791465282,250992.0,44.956872521372205,-1.7580160159927765,74.0,0.021505376344086023,,55.48379560020984,83.90710676842139,32.419839840072235,10.75268817204301,53.8,0.65
087e30149e48e8b7e17b6c462f4d2f9d,Pomona Zone,Cricket,2028-07-17,3,18:00,21:30,2028-07-17 18:00:00-07,2028-07-17 21:30:00-07,scheduled,,3.1,fairplex_cricket,Fairgrounds Cricket Stadium (Fairplex),outdoor,la_metro,34.087_-117.767,34.0870515,-117.7668542,true,77,24.306007627800497,25.424884806236122,26.12208704832434,26.753976019352436,28.9,0.0,0.0,0.0,none,0,0.7307144233518286,0.1444376036552249,0.06587964703957196,61516.0,47.23916496816421,1.1143602628049933,156.0,0.4327956989247312,44.46626890357477,55.36045917501997,73.07144233518285,61.14360262804993,100.0,60.1,1.0
7a6918bcc228d74b46ca735091dccd4a,Pomona Zone,Cricket,2028-07-22,8,18:00,21:30,2028-07-22 18:00:00-07,2028-07-22 21:30:00-07,scheduled,,3.1,fairplex_cricket,Fairgrounds Cricket Stadium (Fairplex),outdoor,la_metro,34.087_-117.767,34.0870515,-117.7668542,true,77,24.649492297964095,26.388530191888943,27.929964776298483,27.70513759529702,29.3,0.0,0.0,0.0,none,0,0.7307144233518286,0.1444376036552249,0.06587964703957196,61516.0,47.23916496816421,1.1143602628049933,156.0,0.4327956989247312,52.365001572860194,63.156865535221485,73.07144233518285,61.14360262804993,100.0,64.8,1.0
09b92ab8bdcb4df4e75b1a1c2fbaf0ee,Pomona Zone,Cricket,2028-07-23,9,18:00,21:30,2028-07-23 18:00:00-07,2028-07-23 21:30:00-07,scheduled,,3.1,fairplex_cricket,Fairgrounds Cricket Stadium (Fairplex),outdoor,la_metro,34.087_-117.767,34.0870515,-117.7668542,true,77,24.67148257350953,26.388530191888943,27.929964776298483,27.7020747299683,29.2,0.0,0.0,0.0,none,0,0.7307144233518286,0.1444376036552249,0.06587964703957196,61516.0,47.23916496816421,1.1143602628049933,156.0,0.4327956989247312,52.365001572860194,63.13176008170737,73.07144233518285,61.14360262804993,100.0,64.8,1.0
7913112823bcb0fa7135a2ff12f1c202,Pomona Zone,Cricket,2028-07-29,15,09:00,13:00,2028-07-29 09:00:00-07,2028-07-29 13:00:00-07,scheduled,gold,3.1,fairplex_cricket,Fairgrounds Cricket Stadium (Fairplex),outdoor,la_metro,34.087_-117.767,34.0870515,-117.7668542,true,77,27.978790920380767,29.811935411649436,32.39072417775952,23.439545444496375,32.5,0.19480519480519481,0.025974025974025976,0.012987012987012988,yellow,2,0.7307144233518286,0.1444376036552249,0.06587964703957196,61516.0,47.23916496816421,1.1143602628049933,156.0,0.4327956989247312,80.42570009548719,28.192995446691597,73.07144233518285,61.14360262804993,100.0,65.9,1.0
05abc08af41d91d33c3f2ddda576cd18,Exposition Park Zone,Badminton,2028-07-15,1,14:00,16:35,2028-07-15 14:00:00-07,2028-07-15 16:35:00-07,scheduled,,3.1,galen_center,Galen Center,indoor,la_metro,34.021_-118.28,34.020753,-118.2797965,true,77,,,,27.083445643707687,27.9,0.0,0.0,0.0,indoor,,0.880924266400335,0.08445838018839198,0.19996670316057882,219220.0,44.8627076408096,-2.06563381306729,71.0,0.021505376344086023,,58.06102986645646,88.09242664003351,29.343661869327097,10.75268817204301,55.6,0.65
ff8acdd46dfc2c47898977c698675c89,Exposition Park Zone,Rhythmic Gymnastics,2028-07-27,13,12:30,15:45,2028-07-27 12:30:00-07,2028-07-27 15:45:00-07,scheduled,,3.1,galen_center,Galen Center,indoor,la_metro,34.021_-118.28,34.020753,-118.2797965,true,77,,,,28.154667533414823,28.2,0.0,0.0,0.0,indoor,,0.880924266400335,0.08445838018839198,0.19996670316057882,219220.0,44.8627076408096,-2.06563381306729,71.0,0.021505376344086023,,66.8415371591379,88.09242664003351,29.343661869327097,10.75268817204301,59.0,0.65
a7713ddeb1092b01aaa66f5a2e5f3c7e,Anaheim Zone,Volleyball,2028-07-15,1,09:00,11:30,2028-07-15 09:00:00-07,2028-07-15 11:30:00-07,scheduled,,3.1,honda_center,Honda Center,indoor,la_metro,33.808_-117.877,33.8078316,-117.876534,true,77,,,,21.754550964814957,25.5,0.0,0.0,0.0,indoor,,0.6492647210536929,0.10353301803233088,0.039734922549210024,65718.0,47.43342904084868,0.4938292016918844,50.0,0.008064516129032258,,14.3815652853685,64.9264721053693,54.938292016918844,4.032258064516129,34.6,0.65
7b870c51bcf02b7db2104fcc745651df,Anaheim Zone,Volleyball,2028-07-18,4,21:00,23:30,2028-07-18 21:00:00-07,2028-07-18 23:30:00-07,scheduled,,3.1,honda_center,Honda Center,indoor,la_metro,33.808_-117.877,33.8078316,-117.876534,true,77,,,,21.234582353413163,20.6,0.0,0.0,0.0,indoor,,0.6492647210536929,0.10353301803233088,0.039734922549210024,65718.0,47.43342904084868,0.4938292016918844,50.0,0.008064516129032258,,10.119527486993142,64.9264721053693,54.938292016918844,4.032258064516129,32.9,0.65
d2dc3d150caa5d160ec00c38e556975b,Anaheim Zone,Volleyball,2028-07-27,13,11:00,13:30,2028-07-27 11:00:00-07,2028-07-27 13:30:00-07,scheduled,,3.1,honda_center,Honda Center,indoor,la_metro,33.808_-117.877,33.8078316,-117.876534,true,77,,,,26.206317239698762,28.3,0.0,0.0,0.0,indoor,,0.6492647210536929,0.10353301803233088,0.039734922549210024,65718.0,47.43342904084868,0.4938292016918844,50.0,0.008064516129032258,,50.87145278441609,64.9264721053693,54.938292016918844,4.032258064516129,48.6,0.65
5624f6f6c6b9d4fbd5ed54962ba4de40,Anaheim Zone,Volleyball,2028-07-29,15,14:45,17:15,2028-07-29 14:45:00-07,2028-07-29 17:15:00-07,scheduled,bronze,3.1,honda_center,Honda Center,indoor,la_metro,33.808_-117.877,33.8078316,-117.876534,true,77,,,,27.797373216573483,28.9,0.0,0.0,0.0,indoor,,0.6492647210536929,0.10353301803233088,0.039734922549210024,65718.0,47.43342904084868,0.4938292016918844,50.0,0.008064516129032258,,63.91289521781543,64.9264721053693,54.938292016918844,4.032258064516129,53.6,0.65
9c32901e4df17cdf03e6267edcd4c3ef,Inglewood Zone,Basketball,2028-07-20,6,21:30,23:15,2028-07-20 21:30:00-07,2028-07-20 23:15:00-07,scheduled,,3.1,intuit_dome,Intuit Dome,indoor,la_metro,33.944_-118.342,33.9442586,-118.3421719,true,77,,,,20.270244480249765,20.5,0.0,0.0,0.0,indoor,,0.7865262445201856,0.12097864688174088,0.08769264672004806,126876.0,44.7527136597483,-0.683253233979471,46.0,0.0,,2.2151186905718463,78.65262445201856,43.16746766020529,0.0,31.7,0.65
a0a5caeb080e96959b3cd74575384e5b,DTLA Zone,Fencing,2028-07-21,7,18:30,21:20,2028-07-21 18:30:00-07,2028-07-21 21:20:00-07,scheduled,gold,3.1,la_convention_center,Los Angeles Convention Center,indoor,la_metro,34.041_-118.269,34.0414677,-118.2689803,true,77,,,,25.401905390986414,25.1,0.0,0.0,0.0,indoor,,0.8429400714333551,0.10879754283099419,0.3231605710375201,251468.0,45.231211044975936,-1.3487515220421429,74.0,0.021505376344086023,,44.27791304087225,84.29400714333552,36.51248477957857,10.75268817204301,50.2,0.65
eba812d4a2a8eefc3ece0fe83f490f28,DTLA Zone,Taekwondo,2028-07-29,15,09:00,13:00,2028-07-29 09:00:00-07,2028-07-29 13:00:00-07,scheduled,,3.1,la_convention_center,Los Angeles Convention Center,indoor,la_metro,34.041_-118.269,34.0414677,-118.2689803,true,77,,,,22.98056955547032,30.7,0.0,0.0,0.0,indoor,,0.8429400714333551,0.10879754283099419,0.3231605710375201,251468.0,45.231211044975936,-1.3487515220421429,74.0,0.021505376344086023,,24.430897995658373,84.29400714333552,36.51248477957857,10.75268817204301,42.6,0.65
73bf496eb0619838d65692e558d649ad,DTLA Zone,Table Tennis,2028-07-16,2,15:30,18:30,2028-07-16 15:30:00-07,2028-07-16 18:30:00-07,scheduled,,3.1,la_convention_center,Los Angeles Convention Center,indoor,la_metro,34.041_-118.269,34.0414677,-118.2689803,true,77,,,,27.36466847777346,29.0,0.0,0.0,0.0,indoor,,0.8429400714333551,0.10879754283099419,0.3231605710375201,251468.0,45.231211044975936,-1.3487515220421429,74.0,0.021505376344086023,,60.36613506371688,84.29400714333552,36.51248477957857,10.75268817204301,56.4,0.65
54f530a559466286eac3e58f90fe355b,Exposition Park Zone,Athletics (Track & Field),2028-07-21,7,16:15,19:20,2028-07-21 16:15:00-07,2028-07-21 19:20:00-07,scheduled,gold,3.1,la_coliseum,Los Angeles Memorial Coliseum,outdoor,la_metro,34.014_-118.288,34.0139159,-118.2877996,true,77,23.354562332163045,26.0978362074364,28.715394363670033,27.00867389881329,25.6,0.0,0.0,0.0,none,0,0.8842784729266543,0.0861414204475082,0.1814579007213871,223828.0,43.448269839247956,-3.1241998908030304,71.0,0.021505376344086023,49.98226399538034,57.448146711584336,88.42784729266543,18.758001091969696,10.75268817204301,52.5,1.0
249cd77e18007f50056f4284e2ef5116,Long Beach Zone,Artistic Swimming,2028-07-27,13,11:00,12:30,2028-07-27 11:00:00-07,2028-07-27 12:30:00-07,scheduled,,3.1,lb_aquatics,Long Beach Aquatics Center,outdoor,la_metro,33.765_-118.191,33.7647297,-118.1906881,true,77,24.55092521626622,27.027919375461895,28.06511880181149,25.78760536459355,24.9,0.0,0.0,0.0,green,1,0.7801262996131555,0.09415469660013052,0.16332926682508087,104578.0,41.78719308315273,-2.5038959552027364,44.0,0.0,57.60589652017947,47.43938823437336,78.01262996131555,24.961040447972636,0.0,50.1,1.0
6fbf02732468a333954fa4f01bc67283,Long Beach Zone,Water Polo,2028-07-15,1,19:00,22:00,2028-07-15 19:00:00-07,2028-07-15 22:00:00-07,scheduled,,3.1,lb_aquatics,Long Beach Aquatics Center,outdoor,la_metro,33.765_-118.191,33.7647297,-118.1906881,true,77,20.980030387122312,22.117375220190997,23.43360708148704,23.354302923955217,21.9,0.0,0.0,0.0,none,0,0.7801262996131555,0.09415469660013052,0.16332926682508087,104578.0,41.78719308315273,-2.5038959552027364,44.0,0.0,17.355534591729484,27.494286261928007,78.01262996131555,24.961040447972636,0.0,31.0,1.0
cdf464ffefca932cfd45876f9cebd6e9,Long Beach Zone,Handball,2028-07-16,2,19:00,22:30,2028-07-16 19:00:00-07,2028-07-16 22:30:00-07,scheduled,,3.1,lb_arena,Long Beach Arena,indoor,la_metro,33.764_-118.188,33.7640942,-118.1883741,true,77,,,,23.472113600243716,22.0,0.0,0.0,0.0,indoor,,0.7738358699694163,0.09577072861356313,0.16007091093644696,107248.0,41.9957896607921,-2.275732057342644,44.0,0.0,,28.459947542981283,77.38358699694163,27.242679426573556,0.0,38.9,0.65
59ee47a8d32b1221a4e2d2ecc1d8554e,Long Beach Zone,Handball,2028-07-18,4,19:00,22:30,2028-07-18 19:00:00-07,2028-07-18 22:30:00-07,scheduled,,3.1,lb_arena,Long Beach Arena,indoor,la_metro,33.764_-118.188,33.7640942,-118.1883741,true,77,,,,23.59461748000085,22.3,0.0,0.0,0.0,indoor,,0.7738358699694163,0.09577072861356313,0.16007091093644696,107248.0,41.9957896607921,-2.275732057342644,44.0,0.0,,29.464077704924996,77.38358699694163,27.242679426573556,0.0,39.3,0.65
eb0d85b60d7c287c676b2b9c776f3e1e,Long Beach Zone,Handball,2028-07-19,5,14:00,17:30,2028-07-19 14:00:00-07,2028-07-19 17:30:00-07,scheduled,,3.1,lb_arena,Long Beach Arena,indoor,la_metro,33.764_-118.188,33.7640942,-118.1883741,true,77,,,,25.913934912904192,26.0,0.0,0.0,0.0,indoor,,0.7738358699694163,0.09577072861356313,0.16007091093644696,107248.0,41.9957896607921,-2.275732057342644,44.0,0.0,,48.47487633528027,77.38358699694163,27.242679426573556,0.0,46.6,0.65
6e65f0e36a5d9a651c1fa003ac1cd404,Long Beach Zone,Handball,2028-07-24,10,16:00,18:00,2028-07-24 16:00:00-07,2028-07-24 18:00:00-07,scheduled,,3.1,lb_arena,Long Beach Arena,indoor,la_metro,33.764_-118.188,33.7640942,-118.1883741,true,77,,,,26.999697633026855,25.7,0.0,0.0,0.0,indoor,,0.7738358699694163,0.09577072861356313,0.16007091093644696,107248.0,41.9957896607921,-2.275732057342644,44.0,0.0,,57.37457076251521,77.38358699694163,27.242679426573556,0.0,50.1,0.65
3f9d972a4837095fc50a1e5da7f0a5a9,Long Beach Zone,Climbing,2028-07-25,11,09:15,11:25,2028-07-25 09:15:00-07,2028-07-25 11:25:00-07,scheduled,,3.1,lb_climbing,Long Beach Climbing Theater,outdoor,la_metro,33.765_-118.191,33.7647297,-118.1906881,true,77,24.459263954980226,26.629610800995135,28.06511880181149,24.749241162599414,24.4,0.0,0.0,0.0,none,0,0.7801262996131555,0.09415469660013052,0.16332926682508087,104578.0,41.78719308315273,-2.5038959552027364,44.0,0.0,54.34107213930438,38.928206250814874,78.01262996131555,24.961040447972636,0.0,46.9,1.0
89551bcf300dab650f9d0a4ffdd2f0c4,Long Beach Zone,Climbing,2028-07-27,13,09:00,10:55,2028-07-27 09:00:00-07,2028-07-27 10:55:00-07,scheduled,gold,3.1,lb_climbing,Long Beach Climbing Theater,outdoor,la_metro,33.765_-118.191,33.7647297,-118.1906881,true,77,23.987211468829095,25.84637375042976,27.579244897384093,22.74399729283971,23.2,0.0,0.0,0.0,none,0,0.7801262996131555,0.09415469660013052,0.16332926682508087,104578.0,41.78719308315273,-2.5038959552027364,44.0,0.0,47.92109631499803,22.491781088850068,78.01262996131555,24.961040447972636,0.0,40.5,1.0
cc3c137f88e4b81f14c725837e2aeae7,Long Beach Zone,Shooting (Rifle & Pistol),2028-07-19,5,09:30,14:00,2028-07-19 09:30:00-07,2028-07-19 14:00:00-07,scheduled,gold,3.1,lb_shooting_hall,Long Beach Target Shooting Hall,indoor,la_metro,33.765_-118.191,33.7647297,-118.1906881,true,77,,,,24.213829212271488,26.0,0.0,0.0,0.0,indoor,,0.7801262996131555,0.09415469660013052,0.16332926682508087,104578.0,41.78719308315273,-2.5038959552027364,44.0,0.0,,34.53958370714334,78.01262996131555,24.961040447972636,0.0,41.1,0.65
9e4eeecbf01daa497e2bcf66f3554632,DTLA Zone,Boxing - Preliminary Stages,2028-07-21,7,12:00,15:00,2028-07-21 12:00:00-07,2028-07-21 15:00:00-07,scheduled,,3.1,peacock_theater,Peacock Theater,indoor,la_metro,34.045_-118.267,34.0445026,-118.2670716,true,77,,,,28.080552352972834,31.5,0.0,0.0,0.0,indoor,,0.8362896053815339,0.11167189175274518,0.3209798271133104,255553.0,44.59364344327564,-2.0377940076130585,74.0,0.021505376344086023,,66.2340356801052,83.62896053815338,29.622059923869415,10.75268817204301,57.4,0.65
eb14eab820afe51b280ea2e7e021de53,DTLA Zone,Boxing - Preliminary Stages,2028-07-23,9,12:00,14:30,2028-07-23 12:00:00-07,2028-07-23 14:30:00-07,scheduled,,3.1,peacock_theater,Peacock Theater,indoor,la_metro,34.045_-118.267,34.0445026,-118.2670716,true,77,,,,28.180793169318314,31.3,0.0,0.0,0.0,indoor,,0.8362896053815339,0.11167189175274518,0.3209798271133104,255553.0,44.59364344327564,-2.0377940076130585,74.0,0.021505376344086023,,67.05568171572388,83.62896053815338,29.622059923869415,10.75268817204301,57.7,0.65
813da5a0e25bf797cede47e2be03bb46,Port of Los Angeles Zone,"Sailing (Dinghy, Skiff & Multihull)",2028-07-23,9,14:00,20:00,2028-07-23 14:00:00-07,2028-07-23 20:00:00-07,scheduled,,3.1,port_of_la,Port of Los Angeles (sailing),outdoor,la_metro,33.724_-118.283,33.7239147,-118.2825205,true,77,25.16819861160543,26.823257015357733,28.228756691312128,26.883464430633296,25.5,0.0,0.0,0.0,green,1,0.6237465795178386,0.13942373275072925,0.1003758026912893,62846.0,42.343694402334236,-0.8761665694736465,44.0,0.0,55.92833619145683,56.421839595354896,62.37465795178386,41.238334305263535,0.0,50.3,1.0
1eb19ac64d76779574e634c325d676d8,Pasadena Zone,Diving,2028-07-21,7,10:00,12:30,2028-07-21 10:00:00-07,2028-07-21 12:30:00-07,scheduled,,3.1,rose_bowl_aquatics,Rose Bowl Aquatics Center,outdoor,la_metro,34.151_-118.164,34.1512722,-118.1643208,true,77,27.28600901162486,29.197299481494394,31.016468005963475,26.033339700529517,30.0,0.07792207792207792,0.0,0.0,green,1,0.5243720253796974,0.17175720663632174,0.1118154541255828,66806.0,39.53865394650686,-2.5830604621436777,126.0,0.22043010752688172,75.38770066798683,49.45360410270096,52.43720253796974,24.169395378563223,100.0,61.7,1.0
78adec1431090313c9680ed8a5ec9276,Arcadia Zone,Equestrian,2028-07-18,4,16:30,22:00,2028-07-18 16:30:00-07,2028-07-18 22:00:00-07,scheduled,gold,3.1,santa_anita,Santa Anita Park,outdoor,la_metro,34.139_-118.046,34.1389561,-118.0458874,true,77,25.686747976771446,27.160744568196478,27.759745080947788,28.061251909630627,29.8,0.0,0.0,0.0,green,1,0.45412308101810017,0.18293394712012578,0.0417705268159025,64700.0,46.43810342368866,1.9522025554512332,126.0,0.22311827956989247,58.69462760816785,66.07583532484121,45.41230810181002,69.52202555451234,100.0,63.1,1.0
de1d4e4012584a4a411c8e1921375bbb,Valley Zone,Skateboarding (Street),2028-07-18,4,17:00,20:10,2028-07-18 17:00:00-07,2028-07-18 20:10:00-07,scheduled,,3.1,sepulveda_basin_1,Valley Complex 1 (Sepulveda Basin),outdoor,la_metro,34.173_-118.487,34.1733026,-118.4868622,true,77,25.39671684519923,26.54198945519065,27.62485762718053,27.59238800927128,28.3,0.0,0.0,0.0,none,0,0.5125414368774284,0.1421575817408121,0.0671343166412166,66043.0,39.22821859281644,-6.8142964041277025,129.0,0.29838709677419356,53.6228643868086,62.232688600584254,51.25414368774284,0.0,100.0,54.6,1.0
1168634e6c16ee9ea5bb0c094836d645,Inglewood Zone,Swimming,2028-07-23,9,18:00,20:00,2028-07-23 18:00:00-07,2028-07-23 20:00:00-07,scheduled,gold,3.1,sofi_stadium,SoFi Stadium,covered,la_metro,33.953_-118.339,33.9534074,-118.3390098,true,77,20.267896661154726,22.547882598907837,24.961204845390554,26.24042826558476,24.5,0.0,0.0,0.0,none,0,0.7949743701228478,0.1275460706213522,0.09863803257310466,134132.0,42.962126805734115,-2.661845745331796,46.0,0.0,20.88428359760522,51.15105135725214,79.49743701228478,23.38154254668204,0.0,38.3,1.0
1c4178c29fabf7c578a3c1e7bcf4ccbd,Inglewood Zone,Swimming,2028-07-25,11,09:30,11:30,2028-07-25 09:30:00-07,2028-07-25 11:30:00-07,scheduled,,3.1,sofi_stadium,SoFi Stadium,covered,la_metro,33.953_-118.339,33.9534074,-118.3390098,true,77,21.166349126445304,23.38252537049239,24.99647968611522,25.560281934972753,26.8,0.0,0.0,0.0,none,0,0.7949743701228478,0.1275460706213522,0.09863803257310466,134132.0,42.962126805734115,-2.661845745331796,46.0,0.0,27.72561779092124,45.5760814342029,79.49743701228478,23.38154254668204,0.0,39.3,1.0
06ff6600c735670f40a8dce8363ae69e,Long Beach Zone,Beach Volleyball,2028-07-25,11,13:00,15:00,2028-07-25 13:00:00-07,2028-07-25 15:00:00-07,scheduled,,3.1,alamitos_beach,Alamitos Beach Stadium,outdoor,la_metro,33.762_-118.178,33.7622,-118.178,true,77,25.30199816550012,27.365319130483122,28.580688639565835,27.122967510797356,26.1,0.0,0.0,0.0,green,1,0.722444167544943,0.09900287134830982,0.1447523855740016,119359.0,40.29293224720002,-3.915892902295056,44.0,0.0,60.37146828264854,58.38497959669964,72.2444167544943,10.84107097704944,0.0,51.3,1.0
4c2dad7e2e7cefe8a62e075538283432,Long Beach Zone,Beach Volleyball,2028-07-26,12,13:00,15:00,2028-07-26 13:00:00-07,2028-07-26 15:00:00-07,scheduled,,3.1,alamitos_beach,Alamitos Beach Stadium,outdoor,la_metro,33.762_-118.178,33.7622,-118.178,true,77,24.899410950834795,27.379107772375395,28.580688639565835,27.274911547977506,26.0,0.0,0.0,0.0,green,1,0.722444167544943,0.09900287134830982,0.1447523855740016,119359.0,40.29293224720002,-3.915892902295056,44.0,0.0,60.48448993750324,59.63042252440579,72.2444167544943,10.84107097704944,0.0,51.6,1.0
0d2e7ef8945468e39233b101d25c5232,Long Beach Zone,Open Water Swimming,2028-07-17,3,13:30,16:30,2028-07-17 13:30:00-07,2028-07-17 16:30:00-07,scheduled,gold,3.1,belmont_shore,Belmont Shore,outdoor,la_metro,33.757_-118.137,33.7572435,-118.1370107,true,77,24.73935182141201,26.018818084466833,28.060076464339286,25.85088353109048,26.2,0.0,0.0,0.0,none,0,0.25663974898633546,0.16622647675774047,0.04377574088491976,63598.0,42.23614688798067,-0.7561596559308086,44.0,0.0,49.334574462842895,47.95806173024985,25.663974898633548,42.438403440691914,0.0,38.6,1.0
6157ee528f31ffe0df569b2815854e17,Carson Zone,Tennis,2028-07-26,12,18:30,23:30,2028-07-26 18:30:00-07,2028-07-26 23:30:00-07,scheduled,,3.1,carson_tennis,Carson Tennis Center (Dignity Health Sports Park),outdoor,la_metro,33.862_-118.263,33.8623767,-118.2629113,true,77,21.591850005417385,23.362191220974847,25.032590585727082,24.7730783788111,23.3,0.0,0.0,0.0,none,0,0.6024817596311259,0.18387482189886747,0.036071101931309975,48804.0,43.99505605118883,-2.327804008098596,47.0,0.0,27.558944434220056,39.12359326894344,60.248175963112594,26.721959919014036,0.0,34.1,1.0
a9990d7d3964f70c0397bd97852825f2,Carson Zone,Hockey,2028-07-20,6,09:00,14:00,2028-07-20 09:00:00-07,2028-07-20 14:00:00-07,scheduled,,3.1,carson_field,Carson Field (hockey),outdoor,la_metro,33.862_-118.263,33.8623767,-118.2629113,true,77,26.474781850774015,28.111541349571358,31.95966743080922,22.872901586232246,28.6,0.025974025974025976,0.012987012987012988,0.0,green,1,0.6024817596311259,0.18387482189886747,0.036071101931309975,48804.0,43.99505605118883,-2.327804008098596,47.0,0.0,66.48804384894555,23.54837365764136,60.248175963112594,26.721959919014036,0.0,43.9,1.0
aac45a45dd103f3c09da132054a483f3,Carson Zone,Hockey,2028-07-23,9,09:00,14:00,2028-07-23 09:00:00-07,2028-07-23 14:00:00-07,scheduled,,3.1,carson_field,Carson Field (hockey),outdoor,la_metro,33.862_-118.263,33.8623767,-118.2629113,true,77,26.61460929858657,28.48541464180665,30.07128645736658,23.111399738630045,29.1,0.03896103896103896,0.0,0.0,green,1,0.6024817596311259,0.18387482189886747,0.036071101931309975,48804.0,43.99505605118883,-2.327804008098596,47.0,0.0,69.55257903120204,25.50327654614791,60.248175963112594,26.721959919014036,0.0,45.4,1.0
067dbd35e31251d1170dba91631408a7,Carson Zone,Hockey,2028-07-29,15,21:00,23:30,2028-07-29 21:00:00-07,2028-07-29 23:30:00-07,scheduled,gold,3.1,carson_field,Carson Field (hockey),outdoor,la_metro,33.862_-118.263,33.8623767,-118.2629113,true,77,18.56413578226844,20.421521330898234,21.164737522172498,21.67338362746793,20.8,0.0,0.0,0.0,none,0,0.6024817596311259,0.18387482189886747,0.036071101931309975,48804.0,43.99505605118883,-2.327804008098596,47.0,0.0,3.455092876215029,13.71625924154042,60.248175963112594,26.721959919014036,0.0,19.4,1.0
0d8991f3cd2540141a07111b50ce3ecb,Carson Zone,Archery,2028-07-21,7,19:30,23:15,2028-07-21 19:30:00-07,2028-07-21 23:15:00-07,scheduled,gold,3.1,carson_stadium,Carson Stadium (Dignity Health Sports Park),outdoor,la_metro,33.862_-118.263,33.8623767,-118.2629113,true,77,20.113782130154195,21.795154122999392,24.109470988092188,23.348318309138197,21.8,0.0,0.0,0.0,none,0,0.6024817596311259,0.18387482189886747,0.036071101931309975,48804.0,43.99505605118883,-2.327804008098596,47.0,0.0,14.714378057372068,27.44523204211637,60.248175963112594,26.721959919014036,0.0,26.7,1.0
3b4c1cb6252516e5d2436d1c96f747c7,Carson Zone,Rugby Sevens,2028-07-12,-2,10:00,13:00,2028-07-12 10:00:00-07,2028-07-12 13:00:00-07,scheduled,,3.1,carson_stadium,Carson Stadium (Dignity Health Sports Park),outdoor,la_metro,33.862_-118.263,33.8623767,-118.2629113,true,77,25.997720503954724,27.845294354470546,28.567521214535105,24.684992775431805,28.0,0.0,0.0,0.0,green,1,0.6024817596311259,0.18387482189886747,0.036071101931309975,48804.0,43.99505605118883,-2.327804008098596,47.0,0.0,64.30569143008645,38.40158012649021,60.248175963112594,26.721959919014036,0.0,46.8,1.0
1569d2a7650b64f592cd4baa0fe1f843,Carson Zone,Cycling Track,2028-07-25,11,12:00,15:00,2028-07-25 12:00:00-07,2028-07-25 15:00:00-07,scheduled,gold,3.1,carson_velodrome,VELO Sports Center,indoor,la_metro,33.859_-118.26,33.8590663,-118.259801,true,77,,,,27.820058483625992,28.2,0.0,0.0,0.0,indoor,,0.5814854964957744,0.1835093155427191,0.03493403822842241,46738.0,45.287884775188154,-0.8750988628050465,47.0,0.0,,64.09884002972125,58.14854964957744,41.249011371949535,0.0,48.9,0.65
3ff790cb6cf7c6b63490cc0355af0521,Universal City Zone,Squash,2028-07-17,3,19:30,23:15,2028-07-17 19:30:00-07,2028-07-17 23:15:00-07,scheduled,,3.1,universal_squash,Comcast Squash Center at Universal Studios,indoor,la_metro,34.139_-118.354,34.1392322,-118.3543834,true,77,,,,23.59859373242194,22.4,0.0,0.0,0.0,indoor,,0.27314579213257967,0.13454548874799477,0.060475225266751254,57367.0,42.11921961330288,-0.5442844072706237,108.0,0.15053763440860216,,29.49666993788475,27.314579213257968,44.55715592729376,75.26881720430107,38.2,0.65
385897acded3e35dd91aed2e36135932,Universal City Zone,Squash,2028-07-20,6,19:30,23:15,2028-07-20 19:30:00-07,2028-07-20 23:15:00-07,scheduled,,3.1,universal_squash,Comcast Squash Center at Universal Studios,indoor,la_metro,34.139_-118.354,34.1392322,-118.3543834,true,77,,,,24.221640356444983,22.6,0.0,0.0,0.0,indoor,,0.27314579213257967,0.13454548874799477,0.060475225266751254,57367.0,42.11921961330288,-0.5442844072706237,108.0,0.15053763440860216,,34.60360947905723,27.314579213257968,44.55715592729376,75.26881720430107,40.1,0.65
72a397069e112ff75449138f32e86034,DTLA Zone,Artistic Gymnastics,2028-07-16,2,18:15,19:55,2028-07-16 18:15:00-07,2028-07-16 19:55:00-07,scheduled,,3.1,crypto_arena,Crypto.com Arena,indoor,la_metro,34.043_-118.267,34.0429979,-118.2671352,true,77,,,,24.910381358215034,24.7,0.0,0.0,0.0,indoor,,0.8390710676842138,0.11034913662248746,0.3229660791465282,250992.0,44.956872521372205,-1.7580160159927765,74.0,0.021505376344086023,,40.24902752635274,83.90710676842139,32.419839840072235,10.75268817204301,47.9,0.65
afa21e92f65ff5e420593526ad66d265,DTLA Zone,Artistic Gymnastics,2028-07-18,4,18:00,20:30,2028-07-18 18:00:00-07,2028-07-18 20:30:00-07,scheduled,gold,3.1,crypto_arena,Crypto.com Arena,indoor,la_metro,34.043_-118.267,34.0429979,-118.2671352,true,77,,,,26.124957696613752,26.7,0.0,0.0,0.0,indoor,,0.8390710676842138,0.11034913662248746,0.3229660791465282,250992.0,44.956872521372205,-1.7580160159927765,74.0,0.021505376344086023,,50.20457128371928,83.90710676842139,32.419839840072235,10.75268817204301,51.8,0.65
d0645be84e5b374e139a83b461283993,DTLA Zone,Trampoline Gymnastics,2028-07-21,7,12:30,15:15,2028-07-21 12:30:00-07,2028-07-21 15:15:00-07,scheduled,gold,3.1,crypto_arena,Crypto.com Arena,indoor,la_metro,34.043_-118.267,34.0429979,-118.2671352,true,77,,,,28.65033090522727,31.4,0.0,0.0,0.0,indoor,,0.8390710676842138,0.11034913662248746,0.3229660791465282,250992.0,44.956872521372205,-1.7580160159927765,74.0,0.021505376344086023,,70.90435168219075,83.90710676842139,32.419839840072235,10.75268817204301,59.7,0.65
753b43e2da46807e17ffec635b968cdf,DTLA Zone,Baseball,2028-07-15,1,11:00,14:00,2028-07-15 11:00:00-07,2028-07-15 14:00:00-07,scheduled,,3.1,dodger_stadium,Dodger Stadium,outdoor,la_metro,34.074_-118.24,34.0736255,-118.2398452,true,77,26.500226509303747,27.69664648335738,29.445732530131284,25.18931691532121,30.3,0.012987012987012988,0.0,0.0,green,1,0.7157546100855401,0.12754781312621502,0.17472194450716344,136948.0,45.93319292054734,0.29604478539991064,74.0,0.021505376344086023,63.08726625702771,42.5353845518132,71.57546100855402,52.960447853999106,10.75268817204301,53.4,1.0
1d015b532ab833d065544703b6d107d9,DTLA Zone,Baseball,2028-07-16,2,11:00,14:00,2028-07-16 11:00:00-07,2028-07-16 14:00:00-07,scheduled,,3.1,dodger_stadium,Dodger Stadium,outdoor,la_metro,34.074_-118.24,34.0736255,-118.2398452,true,77,26.429350961339644,27.851171380883244,29.445732530131284,25.589194658260805,30.6,0.012987012987012988,0.0,0.0,green,1,0.7157546100855401,0.12754781312621502,0.17472194450716344,136948.0,45.93319292054734,0.29604478539991064,74.0,0.021505376344086023,64.35386377773152,45.81307096935086,71.57546100855402,52.960447853999106,10.75268817204301,54.7,1.0
6d49fccadd3d2ee1931552feaa16b6cd,DTLA Zone,Baseball,2028-07-18,4,11:00,14:00,2028-07-18 11:00:00-07,2028-07-18 14:00:00-07,scheduled,,3.1,dodger_stadium,Dodger Stadium,outdoor,la_metro,34.074_-118.24,34.0736255,-118.2398452,true,77,26.728286145280006,28.132179862742795,29.445732530131284,25.526175258004454,30.8,0.012987012987012988,0.0,0.0,green,1,0.7157546100855401,0.12754781312621502,0.17472194450716344,136948.0,45.93319292054734,0.29604478539991064,74.0,0.021505376344086023,66.65721198969504,45.29651850823323,71.57546100855402,52.960447853999106,10.75268817204301,55.3,1.0
36d1b169f3d9725bf2c721b1f91f0cab,DTLA Zone,Baseball,2028-07-19,5,19:00,22:30,2028-07-19 19:00:00-07,2028-07-19 22:30:00-07,scheduled,gold,3.1,dodger_stadium,Dodger Stadium,outdoor,la_metro,34.074_-118.24,34.0736255,-118.2398452,true,77,21.54289623580454,22.950606708333613,26.723082255403487,24.640828004564543,24.4,0.0,0.0,0.0,none,0,0.7157546100855401,0.12754781312621502,0.17472194450716344,136948.0,45.93319292054734,0.29604478539991064,74.0,0.021505376344086023,24.185300887980436,38.039573807906095,71.57546100855402,52.960447853999106,10.75268817204301,38.7,1.0
db33e6caa7c77ff0dc0ca7080754cb35,Exposition Park Zone,Flag Football,2028-07-15,1,14:00,17:15,2028-07-15 14:00:00-07,2028-07-15 17:15:00-07,scheduled,,3.1,bmo_stadium,BMO Stadium,outdoor,la_metro,34.013_-118.284,34.012814,-118.2840892,true,77,25.164000585856908,26.54403335191596,30.04565928839179,27.084685779210382,27.9,0.012987012987012988,0.0,0.0,none,0,0.889761315639675,0.08244607076326733,0.18066424292001207,227191.0,44.454678368927794,-2.33653947573314,71.0,0.021505376344086023,53.63961763865541,58.07119491156051,88.9761315639675,26.634605242668595,10.75268817204301,54.8,1.0
5ea8343a98f0d8a7f1357eef58f81c31,Exposition Park Zone,Lacrosse,2028-07-27,13,18:30,22:00,2028-07-27 18:30:00-07,2028-07-27 22:00:00-07,scheduled,,3.1,bmo_stadium,BMO Stadium,outdoor,la_metro,34.013_-118.284,34.012814,-118.2840892,true,77,21.073907818932902,23.645158552839323,24.414783158121196,24.95998271357209,23.0,0.0,0.0,0.0,none,0,0.889761315639675,0.08244607076326733,0.18066424292001207,227191.0,44.454678368927794,-2.33653947573314,71.0,0.021505376344086023,29.878348793764946,40.65559601288597,88.9761315639675,26.634605242668595,10.75268817204301,42.2,1.0
7d17d868cdae43436030cc5317987efb,Pomona Zone,Cricket,2028-07-15,1,09:00,12:30,2028-07-15 09:00:00-07,2028-07-15 12:30:00-07,scheduled,,3.1,fairplex_cricket,Fairgrounds Cricket Stadium (Fairplex),outdoor,la_metro,34.087_-117.767,34.0870515,-117.7668542,true,77,26.659726519350475,28.278830189681155,28.970865822753623,22.454303060233094,30.1,0.0,0.0,0.0,green,1,0.7307144233518286,0.1444376036552249,0.06587964703957196,61516.0,47.23916496816421,1.1143602628049933,156.0,0.4327956989247312,67.85926384984555,20.117238198631924,73.07144233518285,61.14360262804993,100.0,59.5,1.0
bc7628c0d7945662fd0556ae3a3e4116,Exposition Park Zone,Badminton,2028-07-20,6,08:00,12:25,2028-07-20 08:00:00-07,2028-07-20 12:25:00-07,scheduled,,3.1,galen_center,Galen Center,indoor,la_metro,34.021_-118.28,34.020753,-118.2797965,true,77,,,,20.392045849221883,27.9,0.0,0.0,0.0,indoor,,0.880924266400335,0.08445838018839198,0.19996670316057882,219220.0,44.8627076408096,-2.06563381306729,71.0,0.021505376344086023,,3.2134905673924874,88.09242664003351,29.343661869327097,10.75268817204301,34.5,0.65
60c4bac7d4800005798d14d0f0191358,Exposition Park Zone,Rhythmic Gymnastics,2028-07-29,15,13:00,14:45,2028-07-29 13:00:00-07,2028-07-29 14:45:00-07,scheduled,gold,3.1,galen_center,Galen Center,indoor,la_metro,34.021_-118.28,34.020753,-118.2797965,true,77,,,,28.102083998370265,28.6,0.0,0.0,0.0,indoor,,0.880924266400335,0.08445838018839198,0.19996670316057882,219220.0,44.8627076408096,-2.06563381306729,71.0,0.021505376344086023,,66.41052457680546,88.09242664003351,29.343661869327097,10.75268817204301,58.8,0.65
51284c786b192a00cbf52c4c082c95e5,Anaheim Zone,Volleyball,2028-07-17,3,09:00,11:30,2028-07-17 09:00:00-07,2028-07-17 11:30:00-07,scheduled,,3.1,honda_center,Honda Center,indoor,la_metro,33.808_-117.877,33.8078316,-117.876534,true,77,,,,22.079909023541497,25.8,0.0,0.0,0.0,indoor,,0.6492647210536929,0.10353301803233088,0.039734922549210024,65718.0,47.43342904084868,0.4938292016918844,50.0,0.008064516129032258,,17.048434619192594,64.9264721053693,54.938292016918844,4.032258064516129,35.6,0.65
fa2186ae50f8e015cc2b6b3d524ba9c8,Anaheim Zone,Volleyball,2028-07-19,5,21:00,23:30,2028-07-19 21:00:00-07,2028-07-19 23:30:00-07,scheduled,,3.1,honda_center,Honda Center,indoor,la_metro,33.808_-117.877,33.8078316,-117.876534,true,77,,,,21.409390319526985,20.9,0.0,0.0,0.0,indoor,,0.6492647210536929,0.10353301803233088,0.039734922549210024,65718.0,47.43342904084868,0.4938292016918844,50.0,0.008064516129032258,,11.552379668253973,64.9264721053693,54.938292016918844,4.032258064516129,33.5,0.65
a2ddaf1e75e025e45d6c051ef9420109,Anaheim Zone,Volleyball,2028-07-24,10,13:00,15:30,2028-07-24 13:00:00-07,2028-07-24 15:30:00-07,scheduled,,3.1,honda_center,Honda Center,indoor,la_metro,33.808_-117.877,33.8078316,-117.876534,true,77,,,,28.384123789488623,29.2,0.0,0.0,0.0,indoor,,0.6492647210536929,0.10353301803233088,0.039734922549210024,65718.0,47.43342904084868,0.4938292016918844,50.0,0.008064516129032258,,68.72232614334936,64.9264721053693,54.938292016918844,4.032258064516129,55.5,0.65
134b025140e48b9c35fa5c319d463943,Anaheim Zone,Volleyball,2028-07-26,12,16:00,18:30,2028-07-26 16:00:00-07,2028-07-26 18:30:00-07,scheduled,,3.1,honda_center,Honda Center,indoor,la_metro,33.808_-117.877,33.8078316,-117.876534,true,77,,,,27.850731939898534,27.6,0.0,0.0,0.0,indoor,,0.6492647210536929,0.10353301803233088,0.039734922549210024,65718.0,47.43342904084868,0.4938292016918844,50.0,0.008064516129032258,,64.35026180244701,64.9264721053693,54.938292016918844,4.032258064516129,53.8,0.65
1b28b95b2be630a1f600944c8326930a,Anaheim Zone,Volleyball,2028-07-28,14,20:30,23:00,2028-07-28 20:30:00-07,2028-07-28 23:00:00-07,scheduled,bronze,3.1,honda_center,Honda Center,indoor,la_metro,33.808_-117.877,33.8078316,-117.876534,true,77,,,,21.16495954785913,20.8,0.0,0.0,0.0,indoor,,0.6492647210536929,0.10353301803233088,0.039734922549210024,65718.0,47.43342904084868,0.4938292016918844,50.0,0.008064516129032258,,9.548848752943691,64.9264721053693,54.938292016918844,4.032258064516129,32.7,0.65
5cba99885dfffc8efdce4d3af91f2a8b,Inglewood Zone,Basketball,2028-07-16,2,18:00,19:45,2028-07-16 18:00:00-07,2028-07-16 19:45:00-07,scheduled,,3.1,intuit_dome,Intuit Dome,indoor,la_metro,33.944_-118.342,33.9442586,-118.3421719,true,77,,,,24.922594854247393,24.2,0.0,0.0,0.0,indoor,,0.7865262445201856,0.12097864688174088,0.08769264672004806,126876.0,44.7527136597483,-0.683253233979471,46.0,0.0,,40.349138149568795,78.65262445201856,43.16746766020529,0.0,46.4,0.65
ac34b62a14f460df627728f4734e1cf5,Inglewood Zone,Basketball,2028-07-18,4,21:30,23:15,2028-07-18 21:30:00-07,2028-07-18 23:15:00-07,scheduled,,3.1,intuit_dome,Intuit Dome,indoor,la_metro,33.944_-118.342,33.9442586,-118.3421719,true,77,,,,20.081752600981044,20.2,0.0,0.0,0.0,indoor,,0.7865262445201856,0.12097864688174088,0.08769264672004806,126876.0,44.7527136597483,-0.683253233979471,46.0,0.0,,0.6701032867298715,78.65262445201856,43.16746766020529,0.0,31.1,0.65
e2b525dcf3eaaa324964f0bd86f6f5df,Inglewood Zone,Basketball,2028-07-21,7,18:00,19:45,2028-07-21 18:00:00-07,2028-07-21 19:45:00-07,scheduled,,3.1,intuit_dome,Intuit Dome,indoor,la_metro,33.944_-118.342,33.9442586,-118.3421719,true,77,,,,26.158124242635758,24.5,0.0,0.0,0.0,indoor,,0.7865262445201856,0.12097864688174088,0.08769264672004806,126876.0,44.7527136597483,-0.683253233979471,46.0,0.0,,50.476428218325886,78.65262445201856,43.16746766020529,0.0,50.3,0.65
f085ce2a0f446cc15e28495fa99d812a,DTLA Zone,Fencing,2028-07-21,7,09:00,14:30,2028-07-21 09:00:00-07,2028-07-21 14:30:00-07,scheduled,,3.1,la_convention_center,Los Angeles Convention Center,indoor,la_metro,34.041_-118.269,34.0414677,-118.2689803,true,77,,,,23.19925721388608,31.5,0.0,0.0,0.0,indoor,,0.8429400714333551,0.10879754283099419,0.3231605710375201,251468.0,45.231211044975936,-1.3487515220421429,74.0,0.021505376344086023,,26.223419785951492,84.29400714333552,36.51248477957857,10.75268817204301,43.3,0.65
27a4d2ce94dd619dba8683f30ad934b0,DTLA Zone,Taekwondo,2028-07-27,13,09:00,13:00,2028-07-27 09:00:00-07,2028-07-27 13:00:00-07,scheduled,,3.1,la_convention_center,Los Angeles Convention Center,indoor,la_metro,34.041_-118.269,34.0414677,-118.2689803,true,77,,,,23.215182924284473,30.3,0.0,0.0,0.0,indoor,,0.8429400714333551,0.10879754283099419,0.3231605710375201,251468.0,45.231211044975936,-1.3487515220421429,74.0,0.021505376344086023,,26.353958395774374,84.29400714333552,36.51248477957857,10.75268817204301,43.3,0.65
84c918476071612b8b0a628f2a37280f,DTLA Zone,Judo,2028-07-18,4,10:00,14:00,2028-07-18 10:00:00-07,2028-07-18 14:00:00-07,scheduled,,3.1,la_convention_center,Los Angeles Convention Center,indoor,la_metro,34.041_-118.269,34.0414677,-118.2689803,true,77,,,,24.50935687704508,31.1,0.0,0.0,0.0,indoor,,0.8429400714333551,0.10879754283099419,0.3231605710375201,251468.0,45.231211044975936,-1.3487515220421429,74.0,0.021505376344086023,,36.9619416151236,84.29400714333552,36.51248477957857,10.75268817204301,47.4,0.65
4fcc95e67c06ce16e5b3a6488496cef1,DTLA Zone,Judo,2028-07-19,5,16:00,19:00,2028-07-19 16:00:00-07,2028-07-19 19:00:00-07,scheduled,gold,3.1,la_convention_center,Los Angeles Convention Center,indoor,la_metro,34.041_-118.269,34.0414677,-118.2689803,true,77,,,,27.57302189479627,29.4,0.0,0.0,0.0,indoor,,0.8429400714333551,0.10879754283099419,0.3231605710375201,251468.0,45.231211044975936,-1.3487515220421429,74.0,0.021505376344086023,,62.07394995734647,84.29400714333552,36.51248477957857,10.75268817204301,57.1,0.65
98f1ffe019685ed6e97a39a33cad88ec,DTLA Zone,Judo,2028-07-20,6,10:00,14:00,2028-07-20 10:00:00-07,2028-07-20 14:00:00-07,scheduled,,3.1,la_convention_center,Los Angeles Convention Center,indoor,la_metro,34.041_-118.269,34.0414677,-118.2689803,true,77,,,,24.68449287421053,31.5,0.0,0.0,0.0,indoor,,0.8429400714333551,0.10879754283099419,0.3231605710375201,251468.0,45.231211044975936,-1.3487515220421429,74.0,0.021505376344086023,,38.39748257549615,84.29400714333552,36.51248477957857,10.75268817204301,48.0,0.65
9dedc5b698d71d325fd778c39bb7576c,DTLA Zone,Wrestling,2028-07-25,11,19:00,22:45,2028-07-25 19:00:00-07,2028-07-25 22:45:00-07,scheduled,gold,3.1,la_convention_center,Los Angeles Convention Center,indoor,la_metro,34.041_-118.269,34.0414677,-118.2689803,true,77,,,,25.56373357408916,24.9,0.0,0.0,0.0,indoor,,0.8429400714333551,0.10879754283099419,0.3231605710375201,251468.0,45.231211044975936,-1.3487515220421429,74.0,0.021505376344086023,,45.604373558107866,84.29400714333552,36.51248477957857,10.75268817204301,50.7,0.65
ac408ad3bc061ccc8f3fb1e9a533dc17,DTLA Zone,Wrestling,2028-07-30,16,11:00,14:30,2028-07-30 11:00:00-07,2028-07-30 14:30:00-07,scheduled,gold,3.1,la_convention_center,Los Angeles Convention Center,indoor,la_metro,34.041_-118.269,34.0414677,-118.2689803,true,77,,,,26.401581020824725,31.0,0.0,0.0,0.0,indoor,,0.8429400714333551,0.10879754283099419,0.3231605710375201,251468.0,45.231211044975936,-1.3487515220421429,74.0,0.021505376344086023,,52.47197558053054,84.29400714333552,36.51248477957857,10.75268817204301,53.4,0.65
4088b4b5a162dd77b5266abe727d1839,DTLA Zone,Table Tennis,2028-07-15,1,14:30,17:30,2028-07-15 14:30:00-07,2028-07-15 17:30:00-07,scheduled,,3.1,la_convention_center,Los Angeles Convention Center,indoor,la_metro,34.041_-118.269,34.0414677,-118.2689803,true,77,,,,27.97992654658914,29.7,0.0,0.0,0.0,indoor,,0.8429400714333551,0.10879754283099419,0.3231605710375201,251468.0,45.231211044975936,-1.3487515220421429,74.0,0.021505376344086023,,65.40923398843559,84.29400714333552,36.51248477957857,10.75268817204301,58.4,0.65
54bdb0cb18dfcc6e7ccf7ba7f986aba0,DTLA Zone,Table Tennis,2028-07-17,3,21:00,23:15,2028-07-17 21:00:00-07,2028-07-17 23:15:00-07,scheduled,gold,3.1,la_convention_center,Los Angeles Convention Center,indoor,la_metro,34.041_-118.269,34.0414677,-118.2689803,true,77,,,,21.524853868369554,21.3,0.0,0.0,0.0,indoor,,0.8429400714333551,0.10879754283099419,0.3231605710375201,251468.0,45.231211044975936,-1.3487515220421429,74.0,0.021505376344086023,,12.498802199750445,84.29400714333552,36.51248477957857,10.75268817204301,38.0,0.65
ab25f8641b6b1f9164e9a413bdcc529f,DTLA Zone,Table Tennis,2028-07-19,5,15:00,18:00,2028-07-19 15:00:00-07,2028-07-19 18:00:00-07,scheduled,,3.1,la_convention_center,Los Angeles Convention Center,indoor,la_metro,34.041_-118.269,34.0414677,-118.2689803,true,77,,,,28.13187104243147,30.3,0.0,0.0,0.0,indoor,,0.8429400714333551,0.10879754283099419,0.3231605710375201,251468.0,45.231211044975936,-1.3487515220421429,74.0,0.021505376344086023,,66.65468067566779,84.29400714333552,36.51248477957857,10.75268817204301,58.8,0.65
4e6e4516c7f9ecff263d9734418a29d6,DTLA Zone,Table Tennis,2028-07-20,6,20:00,22:00,2028-07-20 20:00:00-07,2028-07-20 22:00:00-07,scheduled,,3.1,la_convention_center,Los Angeles Convention Center,indoor,la_metro,34.041_-118.269,34.0414677,-118.2689803,true,77,,,,23.51852933161502,23.0,0.0,0.0,0.0,indoor,,0.8429400714333551,0.10879754283099419,0.3231605710375201,251468.0,45.231211044975936,-1.3487515220421429,74.0,0.021505376344086023,,28.84040435750017,84.29400714333552,36.51248477957857,10.75268817204301,44.3,0.65
d894d3c08ef64249caa2250b87a14984,DTLA Zone,Table Tennis,2028-07-29,15,20:00,22:45,2028-07-29 20:00:00-07,2028-07-29 22:45:00-07,scheduled,gold,3.1,la_convention_center,Los Angeles Convention Center,indoor,la_metro,34.041_-118.269,34.0414677,-118.2689803,true,77,,,,23.941271162280852,23.1,0.0,0.0,0.0,indoor,,0.8429400714333551,0.10879754283099419,0.3231605710375201,251468.0,45.231211044975936,-1.3487515220421429,74.0,0.021505376344086023,,32.30550133017092,84.29400714333552,36.51248477957857,10.75268817204301,45.6,0.65
039ff6e0afdccfe98c72839bed1b9a1c,Exposition Park Zone,Athletics (Track & Field),2028-07-16,2,09:00,12:00,2028-07-16 09:00:00-07,2028-07-16 12:00:00-07,scheduled,,3.1,la_coliseum,Los Angeles Memorial Coliseum,outdoor,la_metro,34.014_-118.288,34.0139159,-118.2877996,true,77,25.936783327325585,27.1560812136724,28.788331632368315,22.503551816466555,27.6,0.0,0.0,0.0,green,1,0.8842784729266543,0.0861414204475082,0.1814579007213871,223828.0,43.448269839247956,-3.1241998908030304,71.0,0.021505376344086023,58.65640339075738,20.520916528414386,88.42784729266543,18.758001091969696,10.75268817204301,46.3,1.0
e82d22e28b40cf1033865f1504e0d2c3,Long Beach Zone,Water Polo,2028-07-12,-2,10:00,13:00,2028-07-12 10:00:00-07,2028-07-12 13:00:00-07,scheduled,,3.1,lb_aquatics,Long Beach Aquatics Center,outdoor,la_metro,33.765_-118.191,33.7647297,-118.1906881,true,77,24.75287820890103,25.985941069325598,26.9036626769928,24.333173245605003,25.3,0.0,0.0,0.0,none,0,0.7801262996131555,0.09415469660013052,0.16332926682508087,104578.0,41.78719308315273,-2.5038959552027364,44.0,0.0,49.06509073217703,35.5178134885656,78.01262996131555,24.961040447972636,0.0,44.2,1.0
e9975c5049c57fc9910803686c83ae31,Long Beach Zone,Water Polo,2028-07-15,1,14:30,17:30,2028-07-15 14:30:00-07,2028-07-15 17:30:00-07,scheduled,,3.1,lb_aquatics,Long Beach Aquatics Center,outdoor,la_metro,33.765_-118.191,33.7647297,-118.1906881,true,77,24.312847916142715,25.241465964820406,26.975475945140406,25.44311055670989,25.5,0.0,0.0,0.0,none,0,0.7801262996131555,0.09415469660013052,0.16332926682508087,104578.0,41.78719308315273,-2.5038959552027364,44.0,0.0,42.962835777216455,44.61566030090074,78.01262996131555,24.961040447972636,0.0,44.3,1.0
af192ecf184feedc3a8fa6b0febe0910,Long Beach Zone,Handball,2028-07-15,1,19:00,22:30,2028-07-15 19:00:00-07,2028-07-15 22:30:00-07,scheduled,,3.1,lb_arena,Long Beach Arena,indoor,la_metro,33.764_-118.188,33.7640942,-118.1883741,true,77,,,,23.406843995819923,21.9,0.0,0.0,0.0,indoor,,0.7738358699694163,0.09577072861356313,0.16007091093644696,107248.0,41.9957896607921,-2.275732057342644,44.0,0.0,,27.9249507854092,77.38358699694163,27.242679426573556,0.0,38.7,0.65
45ee9028692a63d6c3d277ffa2b79f50,Long Beach Zone,Handball,2028-07-24,10,12:30,14:30,2028-07-24 12:30:00-07,2028-07-24 14:30:00-07,scheduled,,3.1,lb_arena,Long Beach Arena,indoor,la_metro,33.764_-118.188,33.7640942,-118.1883741,true,77,,,,27.240354170091965,26.0,0.0,0.0,0.0,indoor,,0.7738358699694163,0.09577072861356313,0.16007091093644696,107248.0,41.9957896607921,-2.275732057342644,44.0,0.0,,59.34716532862267,77.38358699694163,27.242679426573556,0.0,50.8,0.65
cd245b9eed4279729a3e500ed73fc0c2,Long Beach Zone,Climbing,2028-07-24,10,09:30,11:40,2028-07-24 09:30:00-07,2028-07-24 11:40:00-07,scheduled,,3.1,lb_climbing,Long Beach Climbing Theater,outdoor,la_metro,33.765_-118.191,33.7647297,-118.1906881,true,77,24.584613166625726,26.756304910178365,28.06511880181149,24.810627165343618,24.4,0.0,0.0,0.0,green,1,0.7801262996131555,0.09415469660013052,0.16332926682508087,104578.0,41.78719308315273,-2.5038959552027364,44.0,0.0,55.37954844408496,39.43137020773458,78.01262996131555,24.961040447972636,0.0,47.3,1.0
78721dd1e981d389b40a297fb34f6efe,Long Beach Zone,Shooting (Rifle & Pistol),2028-07-16,2,13:45,21:00,2028-07-16 13:45:00-07,2028-07-16 21:00:00-07,scheduled,gold,3.1,lb_shooting_hall,Long Beach Target Shooting Hall,indoor,la_metro,33.765_-118.191,33.7647297,-118.1906881,true,77,,,,25.557524887309402,25.7,0.0,0.0,0.0,indoor,,0.7801262996131555,0.09415469660013052,0.16332926682508087,104578.0,41.78719308315273,-2.5038959552027364,44.0,0.0,,45.55348268286396,78.01262996131555,24.961040447972636,0.0,45.4,0.65
7e48424848e6a72888d77c23c725d9a9,Long Beach Zone,Rowing,2028-07-16,2,12:00,14:30,2028-07-16 12:00:00-07,2028-07-16 14:30:00-07,scheduled,,3.1,marine_stadium,Marine Stadium,outdoor,la_metro,33.766_-118.127,33.7658713,-118.1268662,true,77,24.762885950237415,25.878740058239774,27.78820682656897,25.274154478384304,25.8,0.0,0.0,0.0,none,0,0.238919204098983,0.16645636928537386,0.03847797848994337,72741.0,39.278168418526626,-3.8697284565432284,44.0,0.0,48.18639391999815,43.2307744129861,23.8919204098983,11.302715434567716,0.0,33.6,1.0
6cfa6d54db6ff1bb88e05fff15038ee6,Pasadena Zone,Diving,2028-07-16,2,10:00,12:30,2028-07-16 10:00:00-07,2028-07-16 12:30:00-07,scheduled,,3.1,rose_bowl_aquatics,Rose Bowl Aquatics Center,outdoor,la_metro,34.151_-118.164,34.1512722,-118.1643208,true,77,26.944447517806577,28.320518956491668,29.541048251248498,25.131472360114962,30.2,0.012987012987012988,0.0,0.0,green,1,0.5243720253796974,0.17175720663632174,0.1118154541255828,66806.0,39.53865394650686,-2.5830604621436777,126.0,0.22043010752688172,68.2009750532104,42.06124885340133,52.43720253796974,24.169395378563223,100.0,57.3,1.0
a9566c89057536af524deb92150de97b,Pasadena Zone,Diving,2028-07-17,3,10:00,12:00,2028-07-17 10:00:00-07,2028-07-17 12:00:00-07,scheduled,,3.1,rose_bowl_aquatics,Rose Bowl Aquatics Center,outdoor,la_metro,34.151_-118.164,34.1512722,-118.1643208,true,77,26.944447517806577,28.320518956491668,29.541048251248498,25.087915548944807,30.2,0.012987012987012988,0.0,0.0,green,1,0.5243720253796974,0.17175720663632174,0.1118154541255828,66806.0,39.53865394650686,-2.5830604621436777,126.0,0.22043010752688172,68.2009750532104,41.70422581102301,52.43720253796974,24.169395378563223,100.0,57.2,1.0
317868d12e7d6a6392dc9e953cd76b26,Pasadena Zone,Diving,2028-07-20,6,10:00,12:30,2028-07-20 10:00:00-07,2028-07-20 12:30:00-07,scheduled,,3.1,rose_bowl_aquatics,Rose Bowl Aquatics Center,outdoor,la_metro,34.151_-118.164,34.1512722,-118.1643208,true,77,27.157249132978706,28.55468862306641,30.82984959854167,25.29083781494219,30.0,0.05194805194805195,0.0,0.0,green,1,0.5243720253796974,0.17175720663632174,0.1118154541255828,66806.0,39.53865394650686,-2.5830604621436777,126.0,0.22043010752688172,70.12039854972468,43.367523073296645,52.43720253796974,24.169395378563223,100.0,58.3,1.0
7445bbb9bba0fb4eda95041753c4cfe3,Valley Zone,Skateboarding (Park),2028-07-27,13,20:00,21:15,2028-07-27 20:00:00-07,2028-07-27 21:15:00-07,scheduled,gold,3.1,sepulveda_basin_2,Valley Complex 2 (Sepulveda Basin),outdoor,la_metro,34.173_-118.487,34.1733026,-118.4868622,true,77,20.62785426884803,23.40282791559496,24.300515639256552,25.577552893548805,23.2,0.0,0.0,0.0,none,0,0.5125414368774284,0.1421575817408121,0.0671343166412166,66043.0,39.22821859281644,-6.8142964041277025,129.0,0.29838709677419356,27.89203209504064,45.717646668432835,51.25414368774284,0.0,100.0,41.4,1.0
dfac0456fa0a45068b2b08dc1e0908c9,Valley Zone,3x3 Basketball,2028-07-20,6,21:00,23:00,2028-07-20 21:00:00-07,2028-07-20 23:00:00-07,scheduled,,3.1,sepulveda_basin_3,Valley Complex 3 (Sepulveda Basin),outdoor,la_metro,34.173_-118.487,34.1733026,-118.4868622,true,77,18.29086009994329,20.60674870546623,22.934560400879533,22.831327549298454,21.0,0.0,0.0,0.0,none,0,0.5125414368774284,0.1421575817408121,0.0671343166412166,66043.0,39.22821859281644,-6.8142964041277025,129.0,0.29838709677419356,4.973350044805171,23.207602863102082,51.25414368774284,0.0,100.0,27.8,1.0
37ca5748a5520f4d73ac33513e5f56e4,Valley Zone,3x3 Basketball,2028-07-22,8,21:00,23:30,2028-07-22 21:00:00-07,2028-07-22 23:30:00-07,scheduled,gold,3.1,sepulveda_basin_3,Valley Complex 3 (Sepulveda Basin),outdoor,la_metro,34.173_-118.487,34.1733026,-118.4868622,true,77,18.469124906992732,21.029021144977108,22.934560400879533,23.07204948813307,21.6,0.0,0.0,0.0,none,0,0.5125414368774284,0.1421575817408121,0.0671343166412166,66043.0,39.22821859281644,-6.8142964041277025,129.0,0.29838709677419356,8.434599548992688,25.180733509287474,51.25414368774284,0.0,100.0,29.5,1.0
5c71d67d6e0aa3925be7aaa926f7931e,Venice Zone,Triathlon,2028-07-15,1,07:30,10:10,2028-07-15 07:30:00-07,2028-07-15 10:10:00-07,scheduled,gold,3.1,venice_beach,Venice Beach,outdoor,la_metro,33.98_-118.469,33.9799601,-118.468771,true,77,23.70538255916617,25.197000659412108,28.24321240430628,19.62128371738375,23.4,0.0,0.0,0.0,none,0,0.2487299651682867,0.14932179522434935,0.08497723941763283,56144.0,39.29333026391227,-2.0606573836956343,43.0,0.0,42.59836606075499,0.0,24.872996516828668,29.393426163043657,0.0,22.8,1.0
0952846bdb3c7b0568a352382351b55a,Venice Zone,Triathlon,2028-07-16,2,07:30,10:00,2028-07-16 07:30:00-07,2028-07-16 10:00:00-07,scheduled,gold,3.1,venice_beach,Venice Beach,outdoor,la_metro,33.98_-118.469,33.9799601,-118.468771,true,77,23.81742367336402,25.476928911698078,28.24321240430628,19.705974905380454,23.6,0.0,0.0,0.0,none,0,0.2487299651682867,0.14932179522434935,0.08497723941763283,56144.0,39.29333026391227,-2.0606573836956343,43.0,0.0,44.89285993195146,0.0,24.872996516828668,29.393426163043657,0.0,23.6,1.0
6c84b9596f62adf0c34fb2e4121b6a96,Whittier Narrows Zone,Shooting (Shotgun),2028-07-21,7,09:30,14:30,2028-07-21 09:30:00-07,2028-07-21 14:30:00-07,scheduled,,3.1,whittier_narrows,Whittier Narrows Clay Shooting Center,outdoor,la_metro,34.035_-118.051,34.03502,-118.0510434,true,77,27.71196917428238,29.3800589273366,31.254107693655445,25.594191648802866,32.1,0.09090909090909091,0.012987012987012988,0.0,green,1,0.737510568877609,0.15015709683397863,0.06567339261203715,40332.0,42.338014644481206,-3.0637092939680954,87.0,0.0456989247311828,76.88572891259507,45.85402990822022,73.7510568877609,19.362907060319046,22.849462365591396,57.3,1.0
0b9556afae4197266e3d1e38e84394a1,Inglewood Zone,Swimming,2028-07-27,13,09:30,11:30,2028-07-27 09:30:00-07,2028-07-27 11:30:00-07,scheduled,,3.1,sofi_stadium,SoFi Stadium,covered,la_metro,33.953_-118.339,33.9534074,-118.3390098,true,77,21.13076425235758,23.3681257215472,24.99647968611522,25.600046830047695,26.4,0.0,0.0,0.0,none,0,0.7949743701228478,0.1275460706213522,0.09863803257310466,134132.0,42.962126805734115,-2.661845745331796,46.0,0.0,27.60758788153444,45.90202319711226,79.49743701228478,23.38154254668204,0.0,39.4,1.0
7c5ba0e2fd6a648d6e6c4af93506a68d,Long Beach Zone,Beach Volleyball,2028-07-15,1,09:00,12:00,2028-07-15 09:00:00-07,2028-07-15 12:00:00-07,scheduled,,3.1,alamitos_beach,Alamitos Beach Stadium,outdoor,la_metro,33.762_-118.178,33.7622,-118.178,true,77,24.454016101864838,25.497291740568933,26.43632601199235,22.043902434893383,24.5,0.0,0.0,0.0,none,0,0.722444167544943,0.09900287134830982,0.1447523855740016,119359.0,40.29293224720002,-3.915892902295056,44.0,0.0,45.05976836531912,16.753298646667073,72.2444167544943,10.84107097704944,0.0,35.5,1.0
1b6e61d7f46843f5165bed681b7228a4,Long Beach Zone,Beach Volleyball,2028-07-20,6,09:00,12:00,2028-07-20 09:00:00-07,2028-07-20 12:00:00-07,scheduled,,3.1,alamitos_beach,Alamitos Beach Stadium,outdoor,la_metro,33.762_-118.178,33.7622,-118.178,true,77,24.86960707180508,26.99351357945024,28.537623402738323,23.257276888941306,24.9,0.0,0.0,0.0,green,1,0.722444167544943,0.09900287134830982,0.1447523855740016,119359.0,40.29293224720002,-3.915892902295056,44.0,0.0,57.32388179877247,26.698990892961522,72.2444167544943,10.84107097704944,0.0,42.3,1.0
b1aea19aa5309fd9b0c23a7c97d6af74,Long Beach Zone,Beach Volleyball,2028-07-24,10,09:00,11:00,2028-07-24 09:00:00-07,2028-07-24 11:00:00-07,scheduled,,3.1,alamitos_beach,Alamitos Beach Stadium,outdoor,la_metro,33.762_-118.178,33.7622,-118.178,true,77,24.585109249709237,26.75655274979768,28.22806706893582,23.03852045640848,24.4,0.0,0.0,0.0,green,1,0.722444167544943,0.09900287134830982,0.1447523855740016,119359.0,40.29293224720002,-3.915892902295056,44.0,0.0,55.381579916374434,24.905905380397385,72.2444167544943,10.84107097704944,0.0,41.1,1.0
bb7c587360d2362fc84fdbae9fb5a2a9,Carson Zone,Tennis,2028-07-20,6,18:30,00:00,2028-07-20 18:30:00-07,2028-07-21 00:00:00-07,scheduled,gold,3.1,carson_tennis,Carson Tennis Center (Dignity Health Sports Park),outdoor,la_metro,33.862_-118.263,33.8623767,-118.2629113,true,77,21.608552541174873,23.12390184888932,25.762170192527467,24.56648634553388,23.4,0.0,0.0,0.0,none,0,0.6024817596311259,0.18387482189886747,0.036071101931309975,48804.0,43.99505605118883,-2.327804008098596,47.0,0.0,25.605752859748538,37.430215946999034,60.248175963112594,26.721959919014036,0.0,33.0,1.0
a52481f7e55b077787dfdbfbf07df9d3,Carson Zone,Tennis,2028-07-22,8,18:30,23:30,2028-07-22 18:30:00-07,2028-07-22 23:30:00-07,scheduled,,3.1,carson_tennis,Carson Tennis Center (Dignity Health Sports Park),outdoor,la_metro,33.862_-118.263,33.8623767,-118.2629113,true,77,21.685381895312773,23.419296446151005,25.762170192527467,24.814272399512852,23.7,0.0,0.0,0.0,none,0,0.6024817596311259,0.18387482189886747,0.036071101931309975,48804.0,43.99505605118883,-2.327804008098596,47.0,0.0,28.027020050418077,39.46124917633485,60.248175963112594,26.721959919014036,0.0,34.4,1.0
705d3cb3b31ef5857790a1944158b85f,Carson Zone,Tennis,2028-07-23,9,11:00,16:30,2028-07-23 11:00:00-07,2028-07-23 16:30:00-07,scheduled,,3.1,carson_tennis,Carson Tennis Center (Dignity Health Sports Park),outdoor,la_metro,33.862_-118.263,33.8623767,-118.2629113,true,77,26.662173161816575,28.48541464180665,30.07128645736658,27.19104676639684,29.1,0.03896103896103896,0.0,0.0,green,1,0.6024817596311259,0.18387482189886747,0.036071101931309975,48804.0,43.99505605118883,-2.327804008098596,47.0,0.0,69.55257903120204,58.94300628194132,60.248175963112594,26.721959919014036,0.0,53.8,1.0
29bf9ee91bef48b5c3e388fa00e6d0ec,Carson Zone,Tennis,2028-07-23,9,11:00,20:00,2028-07-23 11:00:00-07,2028-07-23 20:00:00-07,scheduled,,3.1,carson_tennis,Carson Tennis Center (Dignity Health Sports Park),outdoor,la_metro,33.862_-118.263,33.8623767,-118.2629113,true,77,26.662173161816575,28.48541464180665,30.07128645736658,27.19104676639684,29.1,0.03896103896103896,0.0,0.0,green,1,0.6024817596311259,0.18387482189886747,0.036071101931309975,48804.0,43.99505605118883,-2.327804008098596,47.0,0.0,69.55257903120204,58.94300628194132,60.248175963112594,26.721959919014036,0.0,53.8,1.0
7ab027e0bf3f866ba47ab39ac0c0511c,Carson Zone,Tennis,2028-07-23,9,11:00,20:00,2028-07-23 11:00:00-07,2028-07-23 20:00:00-07,scheduled,,3.1,carson_tennis,Carson Tennis Center (Dignity Health Sports Park),outdoor,la_metro,33.862_-118.263,33.8623767,-118.2629113,true,77,26.662173161816575,28.48541464180665,30.07128645736658,27.19104676639684,29.1,0.03896103896103896,0.0,0.0,green,1,0.6024817596311259,0.18387482189886747,0.036071101931309975,48804.0,43.99505605118883,-2.327804008098596,47.0,0.0,69.55257903120204,58.94300628194132,60.248175963112594,26.721959919014036,0.0,53.8,1.0
2a5867445fbc7d38058c9d4101301062,Carson Zone,Tennis,2028-07-23,9,11:00,20:00,2028-07-23 11:00:00-07,2028-07-23 20:00:00-07,scheduled,,3.1,carson_tennis,Carson Tennis Center (Dignity Health Sports Park),outdoor,la_metro,33.862_-118.263,33.8623767,-118.2629113,true,77,26.662173161816575,28.48541464180665,30.07128645736658,27.19104676639684,29.1,0.03896103896103896,0.0,0.0,green,1,0.6024817596311259,0.18387482189886747,0.036071101931309975,48804.0,43.99505605118883,-2.327804008098596,47.0,0.0,69.55257903120204,58.94300628194132,60.248175963112594,26.721959919014036,0.0,53.8,1.0
a920cc4d36c948e2342fa8a3239839ad,Carson Zone,Rugby Sevens,2028-07-15,1,13:00,16:00,2028-07-15 13:00:00-07,2028-07-15 16:00:00-07,scheduled,,3.1,carson_stadium,Carson Stadium (Dignity Health Sports Park),outdoor,la_metro,33.862_-118.263,33.8623767,-118.2629113,true,77,25.810249127171193,26.828606479838466,28.03756575253416,26.918081599916313,28.0,0.0,0.0,0.0,green,1,0.6024817596311259,0.18387482189886747,0.036071101931309975,48804.0,43.99505605118883,-2.327804008098596,47.0,0.0,55.972184260971034,56.70558688455994,60.248175963112594,26.721959919014036,0.0,48.5,1.0
81c53f031866f91f6a7be97108542ab6,Universal City Zone,Squash,2028-07-23,9,20:30,23:30,2028-07-23 20:30:00-07,2028-07-23 23:30:00-07,scheduled,gold,3.1,universal_squash,Comcast Squash Center at Universal Studios,indoor,la_metro,34.139_-118.354,34.1392322,-118.3543834,true,77,,,,22.350260421794495,21.4,0.0,0.0,0.0,indoor,,0.27314579213257967,0.13454548874799477,0.060475225266751254,57367.0,42.11921961330288,-0.5442844072706237,108.0,0.15053763440860216,,19.264429686840124,27.314579213257968,44.55715592729376,75.26881720430107,34.2,0.65
eac8476ce91d17965dab3bb9d9d350df,DTLA Zone,Boxing - Final Stages,2028-07-29,15,18:00,20:00,2028-07-29 18:00:00-07,2028-07-29 20:00:00-07,scheduled,gold,3.1,crypto_arena,Crypto.com Arena,indoor,la_metro,34.043_-118.267,34.0429979,-118.2671352,true,77,,,,26.549413722412822,26.9,0.0,0.0,0.0,indoor,,0.8390710676842138,0.11034913662248746,0.3229660791465282,250992.0,44.956872521372205,-1.7580160159927765,74.0,0.021505376344086023,,53.68371903617067,83.90710676842139,32.419839840072235,10.75268817204301,53.1,0.65
e576937b0d6af135a77bdc995c583015,DTLA Zone,Trampoline Gymnastics,2028-07-21,7,20:00,22:45,2028-07-21 20:00:00-07,2028-07-21 22:45:00-07,scheduled,gold,3.1,crypto_arena,Crypto.com Arena,indoor,la_metro,34.043_-118.267,34.0429979,-118.2671352,true,77,,,,23.830116174791087,23.1,0.0,0.0,0.0,indoor,,0.8390710676842138,0.11034913662248746,0.3229660791465282,250992.0,44.956872521372205,-1.7580160159927765,74.0,0.021505376344086023,,31.39439487533678,83.90710676842139,32.419839840072235,10.75268817204301,44.5,0.65
5f81ff70e660dea579876791cb12bf87,Exposition Park Zone,Badminton,2028-07-16,2,08:00,11:25,2028-07-16 08:00:00-07,2028-07-16 11:25:00-07,scheduled,,3.1,galen_center,Galen Center,indoor,la_metro,34.021_-118.28,34.020753,-118.2797965,true,77,,,,19.838557337556228,26.5,0.0,0.0,0.0,indoor,,0.880924266400335,0.08445838018839198,0.19996670316057882,219220.0,44.8627076408096,-2.06563381306729,71.0,0.021505376344086023,,0.0,88.09242664003351,29.343661869327097,10.75268817204301,33.3,0.65
f29526257eea8369315db4bd2dc94ac2,Exposition Park Zone,Badminton,2028-07-24,10,20:30,23:15,2028-07-24 20:30:00-07,2028-07-24 23:15:00-07,scheduled,gold,3.1,galen_center,Galen Center,indoor,la_metro,34.021_-118.28,34.020753,-118.2797965,true,77,,,,21.899545748977832,21.4,0.0,0.0,0.0,indoor,,0.880924266400335,0.08445838018839198,0.19996670316057882,219220.0,44.8627076408096,-2.06563381306729,71.0,0.021505376344086023,,15.57004712276912,88.09242664003351,29.343661869327097,10.75268817204301,39.3,0.65
38fa4a5b181f959adb4735a37a7eeea6,Anaheim Zone,Volleyball,2028-07-18,4,17:00,19:30,2028-07-18 17:00:00-07,2028-07-18 19:30:00-07,scheduled,,3.1,honda_center,Honda Center,indoor,la_metro,33.808_-117.877,33.8078316,-117.876534,true,77,,,,26.274535097243334,26.5,0.0,0.0,0.0,indoor,,0.6492647210536929,0.10353301803233088,0.039734922549210024,65718.0,47.43342904084868,0.4938292016918844,50.0,0.008064516129032258,,51.43061555117486,64.9264721053693,54.938292016918844,4.032258064516129,48.8,0.65
22c820c1294065c6e8c9cbff5082a321,Anaheim Zone,Volleyball,2028-07-21,7,13:00,15:30,2028-07-21 13:00:00-07,2028-07-21 15:30:00-07,scheduled,,3.1,honda_center,Honda Center,indoor,la_metro,33.808_-117.877,33.8078316,-117.876534,true,77,,,,28.102826925450096,29.2,0.0,0.0,0.0,indoor,,0.6492647210536929,0.10353301803233088,0.039734922549210024,65718.0,47.43342904084868,0.4938292016918844,50.0,0.008064516129032258,,66.41661414303357,64.9264721053693,54.938292016918844,4.032258064516129,54.6,0.65
afcb11eb510c86191c1644ae01681618,Anaheim Zone,Volleyball,2028-07-22,8,09:00,11:30,2028-07-22 09:00:00-07,2028-07-22 11:30:00-07,scheduled,,3.1,honda_center,Honda Center,indoor,la_metro,33.808_-117.877,33.8078316,-117.876534,true,77,,,,23.30823632802298,26.8,0.0,0.0,0.0,indoor,,0.6492647210536929,0.10353301803233088,0.039734922549210024,65718.0,47.43342904084868,0.4938292016918844,50.0,0.008064516129032258,,27.116691213303106,64.9264721053693,54.938292016918844,4.032258064516129,39.5,0.65
577fe530bc9ae63a4d9424db29a0a490,Inglewood Zone,Basketball,2028-07-16,2,21:30,23:15,2028-07-16 21:30:00-07,2028-07-16 23:15:00-07,scheduled,,3.1,intuit_dome,Intuit Dome,indoor,la_metro,33.944_-118.342,33.9442586,-118.3421719,true,77,,,,19.69718409707591,20.1,0.0,0.0,0.0,indoor,,0.7865262445201856,0.12097864688174088,0.08769264672004806,126876.0,44.7527136597483,-0.683253233979471,46.0,0.0,,0.0,78.65262445201856,43.16746766020529,0.0,30.8,0.65
d702c73071d6e120d3a6717b090261e5,Inglewood Zone,Basketball,2028-07-18,4,18:00,19:45,2028-07-18 18:00:00-07,2028-07-18 19:45:00-07,scheduled,,3.1,intuit_dome,Intuit Dome,indoor,la_metro,33.944_-118.342,33.9442586,-118.3421719,true,77,,,,25.193529489954898,24.3,0.0,0.0,0.0,indoor,,0.7865262445201856,0.12097864688174088,0.08769264672004806,126876.0,44.7527136597483,-0.683253233979471,46.0,0.0,,42.56991385208933,78.65262445201856,43.16746766020529,0.0,47.2,0.65
00cce3b49d2f307051f3914df2fee1b2,Inglewood Zone,Basketball,2028-07-21,7,21:30,23:15,2028-07-21 21:30:00-07,2028-07-21 23:15:00-07,scheduled,,3.1,intuit_dome,Intuit Dome,indoor,la_metro,33.944_-118.342,33.9442586,-118.3421719,true,77,,,,20.496610895282956,20.8,0.0,0.0,0.0,indoor,,0.7865262445201856,0.12097864688174088,0.08769264672004806,126876.0,44.7527136597483,-0.683253233979471,46.0,0.0,,4.070581108876687,78.65262445201856,43.16746766020529,0.0,32.4,0.65
44d8c6c794a67372a81c95416a8059a3,Inglewood Zone,Basketball,2028-07-23,9,20:00,22:00,2028-07-23 20:00:00-07,2028-07-23 22:00:00-07,scheduled,,3.1,intuit_dome,Intuit Dome,indoor,la_metro,33.944_-118.342,33.9442586,-118.3421719,true,77,,,,23.64714412009585,21.7,0.0,0.0,0.0,indoor,,0.7865262445201856,0.12097864688174088,0.08769264672004806,126876.0,44.7527136597483,-0.683253233979471,46.0,0.0,,29.89462393521188,78.65262445201856,43.16746766020529,0.0,42.3,0.65
b3430959782291ebd7a40ffb271da3ed,Inglewood Zone,Basketball,2028-07-26,12,21:30,23:30,2028-07-26 21:30:00-07,2028-07-26 23:30:00-07,scheduled,,3.1,intuit_dome,Intuit Dome,indoor,la_metro,33.944_-118.342,33.9442586,-118.3421719,true,77,,,,20.296014074619297,20.8,0.0,0.0,0.0,indoor,,0.7865262445201856,0.12097864688174088,0.08769264672004806,126876.0,44.7527136597483,-0.683253233979471,46.0,0.0,,2.426344873928664,78.65262445201856,43.16746766020529,0.0,31.8,0.65
3391ab30a14a5e8e5a760f82f6276a7b,DTLA Zone,Taekwondo,2028-07-28,14,15:00,18:00,2028-07-28 15:00:00-07,2028-07-28 18:00:00-07,scheduled,,3.1,la_convention_center,Los Angeles Convention Center,indoor,la_metro,34.041_-118.269,34.0414677,-118.2689803,true,77,,,,28.90755956463945,30.6,0.0,0.0,0.0,indoor,,0.8429400714333551,0.10879754283099419,0.3231605710375201,251468.0,45.231211044975936,-1.3487515220421429,74.0,0.021505376344086023,,73.0127833167168,84.29400714333552,36.51248477957857,10.75268817204301,61.3,0.65
e45242906cc94f0547417e95abed47e8,DTLA Zone,Taekwondo,2028-07-28,14,19:30,23:00,2028-07-28 19:30:00-07,2028-07-28 23:00:00-07,scheduled,gold,3.1,la_convention_center,Los Angeles Convention Center,indoor,la_metro,34.041_-118.269,34.0414677,-118.2689803,true,77,,,,23.931573463087844,22.9,0.0,0.0,0.0,indoor,,0.8429400714333551,0.10879754283099419,0.3231605710375201,251468.0,45.231211044975936,-1.3487515220421429,74.0,0.021505376344086023,,32.22601199252331,84.29400714333552,36.51248477957857,10.75268817204301,45.6,0.65
2c4543370572b329d8bd386d2649c7e2,DTLA Zone,Judo,2028-07-17,3,16:00,19:00,2028-07-17 16:00:00-07,2028-07-17 19:00:00-07,scheduled,gold,3.1,la_convention_center,Los Angeles Convention Center,indoor,la_metro,34.041_-118.269,34.0414677,-118.2689803,true,77,,,,27.385231436681792,29.2,0.0,0.0,0.0,indoor,,0.8429400714333551,0.10879754283099419,0.3231605710375201,251468.0,45.231211044975936,-1.3487515220421429,74.0,0.021505376344086023,,60.5346839072278,84.29400714333552,36.51248477957857,10.75268817204301,56.5,0.65
829f8ef2150292eab4c60bd40c7ec719,DTLA Zone,Table Tennis,2028-07-18,4,15:00,18:00,2028-07-18 15:00:00-07,2028-07-18 18:00:00-07,scheduled,,3.1,la_convention_center,Los Angeles Convention Center,indoor,la_metro,34.041_-118.269,34.0414677,-118.2689803,true,77,,,,28.094484250654222,30.1,0.0,0.0,0.0,indoor,,0.8429400714333551,0.10879754283099419,0.3231605710375201,251468.0,45.231211044975936,-1.3487515220421429,74.0,0.021505376344086023,,66.34823156273953,84.29400714333552,36.51248477957857,10.75268817204301,58.7,0.65
07eb034e10073f8fba737205f9ef8247,DTLA Zone,Table Tennis,2028-07-29,15,12:30,15:00,2028-07-29 12:30:00-07,2028-07-29 15:00:00-07,scheduled,,3.1,la_convention_center,Los Angeles Convention Center,indoor,la_metro,34.041_-118.269,34.0414677,-118.2689803,true,77,,,,28.843245708237156,31.0,0.0,0.0,0.0,indoor,,0.8429400714333551,0.10879754283099419,0.3231605710375201,251468.0,45.231211044975936,-1.3487515220421429,74.0,0.021505376344086023,,72.48562055932095,84.29400714333552,36.51248477957857,10.75268817204301,61.1,0.65
693111e7a59bb0af809a41e88a72c30e,Long Beach Zone,Water Polo,2028-07-13,-1,19:00,22:00,2028-07-13 19:00:00-07,2028-07-13 22:00:00-07,scheduled,,3.1,lb_aquatics,Long Beach Aquatics Center,outdoor,la_metro,33.765_-118.191,33.7647297,-118.1906881,true,77,20.837878833839454,22.117375220190997,22.993450584069496,23.482908781094807,21.8,0.0,0.0,0.0,none,0,0.7801262996131555,0.09415469660013052,0.16332926682508087,104578.0,41.78719308315273,-2.5038959552027364,44.0,0.0,17.355534591729484,28.548432631924648,78.01262996131555,24.961040447972636,0.0,31.3,1.0
59d0dbf4ab1b98474e36d0c335f5bc64,Long Beach Zone,Water Polo,2028-07-19,5,17:00,20:00,2028-07-19 17:00:00-07,2028-07-19 20:00:00-07,scheduled,,3.1,lb_aquatics,Long Beach Aquatics Center,outdoor,la_metro,33.765_-118.191,33.7647297,-118.1906881,true,77,23.366949904269656,24.572188662194222,27.041653086456677,25.386664752418465,24.5,0.0,0.0,0.0,none,0,0.7801262996131555,0.09415469660013052,0.16332926682508087,104578.0,41.78719308315273,-2.5038959552027364,44.0,0.0,37.476956247493625,44.152989773921846,78.01262996131555,24.961040447972636,0.0,42.3,1.0
188448da4bcd3135a732877c874a645e,Long Beach Zone,Handball,2028-07-17,3,14:00,17:30,2028-07-17 14:00:00-07,2028-07-17 17:30:00-07,scheduled,,3.1,lb_arena,Long Beach Arena,indoor,la_metro,33.764_-118.188,33.7640942,-118.1883741,true,77,,,,25.767043758765244,25.8,0.0,0.0,0.0,indoor,,0.7738358699694163,0.09577072861356313,0.16007091093644696,107248.0,41.9957896607921,-2.275732057342644,44.0,0.0,,47.27085048168233,77.38358699694163,27.242679426573556,0.0,46.2,0.65
af9e9e9ed2d257005ff164bdd8105a4d,Long Beach Zone,Handball,2028-07-22,8,19:00,22:30,2028-07-22 19:00:00-07,2028-07-22 22:30:00-07,scheduled,,3.1,lb_arena,Long Beach Arena,indoor,la_metro,33.764_-118.188,33.7640942,-118.1883741,true,77,,,,24.785714427743656,22.6,0.0,0.0,0.0,indoor,,0.7738358699694163,0.09577072861356313,0.16007091093644696,107248.0,41.9957896607921,-2.275732057342644,44.0,0.0,,39.22716744052177,77.38358699694163,27.242679426573556,0.0,43.1,0.65
e555a7059e85c5674de3def388b0f045,Long Beach Zone,Handball,2028-07-23,9,09:00,11:00,2028-07-23 09:00:00-07,2028-07-23 11:00:00-07,scheduled,,3.1,lb_arena,Long Beach Arena,indoor,la_metro,33.764_-118.188,33.7640942,-118.1883741,true,77,,,,23.017679039743165,24.4,0.0,0.0,0.0,indoor,,0.7738358699694163,0.09577072861356313,0.16007091093644696,107248.0,41.9957896607921,-2.275732057342644,44.0,0.0,,24.73507409625545,77.38358699694163,27.242679426573556,0.0,37.5,0.65
00456f1991838c8764dfad4c96595e2b,Long Beach Zone,Handball,2028-07-27,13,13:00,15:30,2028-07-27 13:00:00-07,2028-07-27 15:30:00-07,scheduled,gold,3.1,lb_arena,Long Beach Arena,indoor,la_metro,33.764_-118.188,33.7640942,-118.1883741,true,77,,,,27.02841090946269,25.7,0.0,0.0,0.0,indoor,,0.7738358699694163,0.09577072861356313,0.16007091093644696,107248.0,41.9957896607921,-2.275732057342644,44.0,0.0,,57.609925487399096,77.38358699694163,27.242679426573556,0.0,50.2,0.65
d46a020e937e2b629a288f85ea686223,Long Beach Zone,Climbing,2028-07-26,12,18:45,20:00,2028-07-26 18:45:00-07,2028-07-26 20:00:00-07,scheduled,,3.1,lb_climbing,Long Beach Climbing Theater,outdoor,la_metro,33.765_-118.191,33.7647297,-118.1906881,true,77,21.33772100406086,23.081096653305075,24.182797161521094,24.42516883913162,22.0,0.0,0.0,0.0,none,0,0.7801262996131555,0.09415469660013052,0.16332926682508087,104578.0,41.78719308315273,-2.5038959552027364,44.0,0.0,25.25489060086127,36.27187573058704,78.01262996131555,24.961040447972636,0.0,36.0,1.0
a19451a3d68e0ab7468f61e900cb703a,Long Beach Zone,Canoe Sprint,2028-07-25,11,09:00,12:30,2028-07-25 09:00:00-07,2028-07-25 12:30:00-07,scheduled,,3.1,marine_stadium,Marine Stadium,outdoor,la_metro,33.766_-118.127,33.7658713,-118.1268662,true,77,24.842534086225445,27.03377485755126,28.607392782116868,23.077717211801964,25.1,0.0,0.0,0.0,green,1,0.238919204098983,0.16645636928537386,0.03847797848994337,72741.0,39.278168418526626,-3.8697284565432284,44.0,0.0,57.65389227501034,25.22719026067184,23.8919204098983,11.302715434567716,0.0,32.4,1.0
65f59df332f1332ccd6c646f832a21b7,DTLA Zone,Boxing - Preliminary Stages,2028-07-15,1,12:00,14:30,2028-07-15 12:00:00-07,2028-07-15 14:30:00-07,scheduled,,3.1,peacock_theater,Peacock Theater,indoor,la_metro,34.045_-118.267,34.0445026,-118.2670716,true,77,,,,27.116561528291044,30.3,0.0,0.0,0.0,indoor,,0.8362896053815339,0.11167189175274518,0.3209798271133104,255553.0,44.59364344327564,-2.0377940076130585,74.0,0.021505376344086023,,58.332471543369216,83.62896053815338,29.622059923869415,10.75268817204301,54.4,0.65
0b1b71fa070b1af235dad12fcb44fa80,DTLA Zone,Boxing - Preliminary Stages,2028-07-19,5,19:00,22:00,2028-07-19 19:00:00-07,2028-07-19 22:00:00-07,scheduled,,3.1,peacock_theater,Peacock Theater,indoor,la_metro,34.045_-118.267,34.0445026,-118.2670716,true,77,,,,25.035356334544243,24.9,0.0,0.0,0.0,indoor,,0.8362896053815339,0.11167189175274518,0.3209798271133104,255553.0,44.59364344327564,-2.0377940076130585,74.0,0.021505376344086023,,41.27341257823151,83.62896053815338,29.622059923869415,10.75268817204301,47.8,0.65
056442ff5f2c39402801126f3f791c09,Arcadia Zone,Equestrian,2028-07-16,2,09:00,11:30,2028-07-16 09:00:00-07,2028-07-16 11:30:00-07,scheduled,,3.1,santa_anita,Santa Anita Park,outdoor,la_metro,34.139_-118.046,34.1389561,-118.0458874,true,77,26.137597556313082,27.764750606439954,28.882099527095896,23.17059620650721,27.9,0.0,0.0,0.0,green,1,0.45412308101810017,0.18293394712012578,0.0417705268159025,64700.0,46.43810342368866,1.9522025554512332,126.0,0.22311827956989247,63.645496774097985,25.988493495960736,45.41230810181002,69.52202555451234,100.0,54.8,1.0
905702a0a58fa384a4b8bde5884924ca,Arcadia Zone,Equestrian,2028-07-17,3,08:00,11:30,2028-07-17 08:00:00-07,2028-07-17 11:30:00-07,scheduled,,3.1,santa_anita,Santa Anita Park,outdoor,la_metro,34.139_-118.046,34.1389561,-118.0458874,true,77,26.36587824836273,27.764750606439954,28.882099527095896,20.43436276792027,28.1,0.0,0.0,0.0,green,1,0.45412308101810017,0.18293394712012578,0.0417705268159025,64700.0,46.43810342368866,1.9522025554512332,126.0,0.22311827956989247,63.645496774097985,3.5603505567235225,45.41230810181002,69.52202555451234,100.0,49.2,1.0
8b18b5dc6730d8d58b88520f6421bcd9,Arcadia Zone,Equestrian,2028-07-21,7,16:15,19:00,2028-07-21 16:15:00-07,2028-07-21 19:00:00-07,scheduled,,3.1,santa_anita,Santa Anita Park,outdoor,la_metro,34.139_-118.046,34.1389561,-118.0458874,true,77,25.957808914189883,27.533588261392673,29.685225246775865,28.504860871059382,30.1,0.012987012987012988,0.0,0.0,green,1,0.45412308101810017,0.18293394712012578,0.0417705268159025,64700.0,46.43810342368866,1.9522025554512332,126.0,0.22311827956989247,61.7507234540383,69.71197435294576,45.41230810181002,69.52202555451234,100.0,65.1,1.0
42db54921506acde84cc0e2a3de2fa8e,Valley Zone,BMX Racing,2028-07-16,2,10:30,13:00,2028-07-16 10:30:00-07,2028-07-16 13:00:00-07,scheduled,gold,3.1,sepulveda_basin_4,Valley Complex 4 (Sepulveda Basin),outdoor,la_metro,34.173_-118.487,34.1733026,-118.4868622,true,77,27.101773349930887,28.767521373218322,29.70982347568107,27.113525543013456,30.3,0.03896103896103896,0.0,0.0,green,1,0.5125414368774284,0.1421575817408121,0.0671343166412166,66043.0,39.22821859281644,-6.8142964041277025,129.0,0.29838709677419356,71.86492928867477,58.30758641814309,51.25414368774284,0.0,100.0,60.0,1.0
876744cf3283a206d47607544a0f9c0d,Inglewood Zone,Swimming,2028-07-23,9,09:30,11:30,2028-07-23 09:30:00-07,2028-07-23 11:30:00-07,scheduled,,3.1,sofi_stadium,SoFi Stadium,covered,la_metro,33.953_-118.339,33.9534074,-118.3390098,true,77,21.612768411805444,23.27025255596226,24.99647968611522,25.531448292147218,27.4,0.0,0.0,0.0,none,0,0.7949743701228478,0.1275460706213522,0.09863803257310466,134132.0,42.962126805734115,-2.661845745331796,46.0,0.0,26.805348819362777,45.33974009956736,79.49743701228478,23.38154254668204,0.0,39.0,1.0
ce203ad4af095c7d08b2b4d61a428419,Inglewood Zone,Swimming,2028-07-25,11,18:00,20:00,2028-07-25 18:00:00-07,2028-07-25 20:00:00-07,scheduled,gold,3.1,sofi_stadium,SoFi Stadium,covered,la_metro,33.953_-118.339,33.9534074,-118.3390098,true,77,20.267896661154726,22.20101383715578,24.961204845390554,26.031457085155033,24.5,0.0,0.0,0.0,none,0,0.7949743701228478,0.1275460706213522,0.09863803257310466,134132.0,42.962126805734115,-2.661845745331796,46.0,0.0,18.041097025867057,49.43817282913962,79.49743701228478,23.38154254668204,0.0,36.9,1.0
8f693629ae5138f39a857fb799a1717c,Long Beach Zone,Beach Volleyball,2028-07-16,2,09:00,12:00,2028-07-16 09:00:00-07,2028-07-16 12:00:00-07,scheduled,,3.1,alamitos_beach,Alamitos Beach Stadium,outdoor,la_metro,33.762_-118.178,33.7622,-118.178,true,77,24.454016101864838,25.60455093023085,27.633126351840595,22.043902434893383,24.5,0.0,0.0,0.0,none,0,0.722444167544943,0.09900287134830982,0.1447523855740016,119359.0,40.29293224720002,-3.915892902295056,44.0,0.0,45.938942051072544,16.753298646667073,72.2444167544943,10.84107097704944,0.0,35.8,1.0
9b5af55bc5d9fde5f70e21200040023f,Long Beach Zone,Beach Volleyball,2028-07-17,3,09:00,12:00,2028-07-17 09:00:00-07,2028-07-17 12:00:00-07,scheduled,,3.1,alamitos_beach,Alamitos Beach Stadium,outdoor,la_metro,33.762_-118.178,33.7622,-118.178,true,77,24.485733752596047,25.829483692690026,27.633126351840595,22.46620340226986,24.6,0.0,0.0,0.0,none,0,0.722444167544943,0.09900287134830982,0.1447523855740016,119359.0,40.29293224720002,-3.915892902295056,44.0,0.0,47.78265321877071,20.214781985818515,72.2444167544943,10.84107097704944,0.0,37.3,1.0
0ddbe0d0e6e3de23ef9bb27ce4909def,Long Beach Zone,Beach Volleyball,2028-07-27,13,13:00,15:00,2028-07-27 13:00:00-07,2028-07-27 15:00:00-07,scheduled,,3.1,alamitos_beach,Alamitos Beach Stadium,outdoor,la_metro,33.762_-118.178,33.7622,-118.178,true,77,24.7594265734716,27.379107772375395,28.46162617956592,27.02910452794689,25.7,0.0,0.0,0.0,green,1,0.722444167544943,0.09900287134830982,0.1447523855740016,119359.0,40.29293224720002,-3.915892902295056,44.0,0.0,60.48448993750324,57.615610884810565,72.2444167544943,10.84107097704944,0.0,51.1,1.0
2d63d4a0cf2195cb80fc394afd8489c9,Carson Zone,Hockey,2028-07-12,-2,09:00,14:00,2028-07-12 09:00:00-07,2028-07-12 14:00:00-07,scheduled,,3.1,carson_field,Carson Field (hockey),outdoor,la_metro,33.862_-118.263,33.8623767,-118.2629113,true,77,25.997720503954724,27.847595403558984,28.567521214535105,22.954765539281464,28.4,0.0,0.0,0.0,green,1,0.6024817596311259,0.18387482189886747,0.036071101931309975,48804.0,43.99505605118883,-2.327804008098596,47.0,0.0,64.32455248818839,24.219389666241508,60.248175963112594,26.721959919014036,0.0,43.3,1.0
c95b76d9ddb1bc240dad782e76b97828,Carson Zone,Hockey,2028-07-19,5,17:00,22:00,2028-07-19 17:00:00-07,2028-07-19 22:00:00-07,scheduled,,3.1,carson_field,Carson Field (hockey),outdoor,la_metro,33.862_-118.263,33.8623767,-118.2629113,true,77,23.978697209902606,25.53779132408645,27.707568766761707,26.22182316662338,26.0,0.0,0.0,0.0,none,0,0.6024817596311259,0.18387482189886747,0.036071101931309975,48804.0,43.99505605118883,-2.327804008098596,47.0,0.0,45.391732164643024,50.99855054609329,60.248175963112594,26.721959919014036,0.0,43.4,1.0
1debadda82192582a2f784d726ce6642,Carson Zone,Archery,2028-07-27,13,20:30,22:50,2028-07-27 20:30:00-07,2028-07-27 22:50:00-07,scheduled,gold,3.1,carson_stadium,Carson Stadium (Dignity Health Sports Park),outdoor,la_metro,33.862_-118.263,33.8623767,-118.2629113,true,77,18.642260428997673,20.476656449419814,21.70645839823643,21.758633538134596,21.0,0.0,0.0,0.0,none,0,0.6024817596311259,0.18387482189886747,0.036071101931309975,48804.0,43.99505605118883,-2.327804008098596,47.0,0.0,3.907020077211587,14.415029001103246,60.248175963112594,26.721959919014036,0.0,19.7,1.0
70b055834f9d875ec82ea46d003acbfd,Carson Zone,Cycling Track,2028-07-27,13,11:00,16:05,2028-07-27 11:00:00-07,2028-07-27 16:05:00-07,scheduled,gold,3.1,carson_velodrome,VELO Sports Center,indoor,la_metro,33.859_-118.26,33.8590663,-118.259801,true,77,,,,27.2228121609269,27.9,0.0,0.0,0.0,indoor,,0.5814854964957744,0.1835093155427191,0.03493403822842241,46738.0,45.287884775188154,-0.8750988628050465,47.0,0.0,,59.203378368253276,58.14854964957744,41.249011371949535,0.0,47.0,0.65
c7e9041b1937e21bf0ed1f079e1471db,Universal City Zone,Squash,2028-07-15,1,19:30,23:15,2028-07-15 19:30:00-07,2028-07-15 23:15:00-07,scheduled,,3.1,universal_squash,Comcast Squash Center at Universal Studios,indoor,la_metro,34.139_-118.354,34.1392322,-118.3543834,true,77,,,,23.457828463940622,22.2,0.0,0.0,0.0,indoor,,0.27314579213257967,0.13454548874799477,0.060475225266751254,57367.0,42.11921961330288,-0.5442844072706237,108.0,0.15053763440860216,,28.34285626180838,27.314579213257968,44.55715592729376,75.26881720430107,37.7,0.65
81f95b73cb057de78cf93b9182cd2099,DTLA Zone,Artistic Gymnastics,2028-07-15,1,11:30,14:00,2028-07-15 11:30:00-07,2028-07-15 14:00:00-07,scheduled,,3.1,crypto_arena,Crypto.com Arena,indoor,la_metro,34.043_-118.267,34.0429979,-118.2671352,true,77,,,,27.115072869819652,30.3,0.0,0.0,0.0,indoor,,0.8390710676842138,0.11034913662248746,0.3229660791465282,250992.0,44.956872521372205,-1.7580160159927765,74.0,0.021505376344086023,,58.320269424751245,83.90710676842139,32.419839840072235,10.75268817204301,54.9,0.65
4bde44d5ab70593e8de6774372ccf518,DTLA Zone,Artistic Gymnastics,2028-07-22,8,11:30,14:15,2028-07-22 11:30:00-07,2028-07-22 14:15:00-07,scheduled,gold,3.1,crypto_arena,Crypto.com Arena,indoor,la_metro,34.043_-118.267,34.0429979,-118.2671352,true,77,,,,28.107488007272725,31.5,0.0,0.0,0.0,indoor,,0.8390710676842138,0.11034913662248746,0.3229660791465282,250992.0,44.956872521372205,-1.7580160159927765,74.0,0.021505376344086023,,66.45481973174365,83.90710676842139,32.419839840072235,10.75268817204301,58.0,0.65
54994c63985829fbc2d4d6addf6f2269,DTLA Zone,Boxing - Final Stages,2028-07-30,16,12:00,14:00,2028-07-30 12:00:00-07,2028-07-30 14:00:00-07,scheduled,gold,3.1,crypto_arena,Crypto.com Arena,indoor,la_metro,34.043_-118.267,34.0429979,-118.2671352,true,77,,,,27.6660981630365,31.0,0.0,0.0,0.0,indoor,,0.8390710676842138,0.11034913662248746,0.3229660791465282,250992.0,44.956872521372205,-1.7580160159927765,74.0,0.021505376344086023,,62.83687018882379,83.90710676842139,32.419839840072235,10.75268817204301,56.6,0.65
50c4d069dfc52153138a4e1aa1bb7d5d,Exposition Park Zone,Flag Football,2028-07-17,3,14:00,17:15,2028-07-17 14:00:00-07,2028-07-17 17:15:00-07,scheduled,,3.1,bmo_stadium,BMO Stadium,outdoor,la_metro,34.013_-118.284,34.012814,-118.2840892,true,77,25.160769882062358,26.576319193582467,30.04565928839179,27.21337203315898,28.1,0.012987012987012988,0.0,0.0,none,0,0.889761315639675,0.08244607076326733,0.18066424292001207,227191.0,44.454678368927794,-2.33653947573314,71.0,0.021505376344086023,53.9042556851022,59.12600027179492,88.9761315639675,26.634605242668595,10.75268817204301,55.2,1.0
f0a0074c095b101225d75da55135b9e6,Pomona Zone,Cricket,2028-07-28,14,09:00,12:30,2028-07-28 09:00:00-07,2028-07-28 12:30:00-07,scheduled,bronze,3.1,fairplex_cricket,Fairgrounds Cricket Stadium (Fairplex),outdoor,la_metro,34.087_-117.767,34.0870515,-117.7668542,true,77,27.403316240166173,29.74426593938599,31.1074076768444,23.50468168355821,30.6,0.14285714285714285,0.012987012987012988,0.0,yellow,2,0.7307144233518286,0.1444376036552249,0.06587964703957196,61516.0,47.23916496816421,1.1143602628049933,156.0,0.4327956989247312,79.8710322900491,28.726899045559108,73.07144233518285,61.14360262804993,100.0,65.9,1.0
30300f5adb9706fe6ab2f1b007bba9e2,Exposition Park Zone,Badminton,2028-07-24,10,08:00,10:45,2028-07-24 08:00:00-07,2028-07-24 10:45:00-07,scheduled,gold,3.1,galen_center,Galen Center,indoor,la_metro,34.021_-118.28,34.020753,-118.2797965,true,77,,,,20.530158835226885,24.4,0.0,0.0,0.0,indoor,,0.880924266400335,0.08445838018839198,0.19996670316057882,219220.0,44.8627076408096,-2.06563381306729,71.0,0.021505376344086023,,4.3455642231711895,88.09242664003351,29.343661869327097,10.75268817204301,34.9,0.65
e8879d3eedcca7ac59a2408018a00ab9,Griffith Park Zone,Cycling Road (Time Trial - Finish),2028-07-19,5,10:30,14:30,2028-07-19 10:30:00-07,2028-07-19 14:30:00-07,scheduled,gold,3.1,griffith_observatory,Griffith Observatory (road cycling finish),outdoor,la_metro,34.118_-118.3,34.1182187,-118.3002933,true,77,27.249218515462967,28.572494762913134,29.211450070209327,26.140164662119957,31.4,0.0,0.0,0.0,green,1,0.5157286650884269,0.14890445432890007,0.1689954895258233,82788.0,37.95189406873433,-5.0247680641163335,74.0,0.021505376344086023,70.26635051568142,50.32921854196687,51.57286650884269,0.0,10.75268817204301,48.6,1.0
38db61aac54b9ebd35a8357daca2e692,Anaheim Zone,Volleyball,2028-07-16,2,17:00,19:30,2028-07-16 17:00:00-07,2028-07-16 19:30:00-07,scheduled,,3.1,honda_center,Honda Center,indoor,la_metro,33.808_-117.877,33.8078316,-117.876534,true,77,,,,26.05955534789298,26.3,0.0,0.0,0.0,indoor,,0.6492647210536929,0.10353301803233088,0.039734922549210024,65718.0,47.43342904084868,0.4938292016918844,50.0,0.008064516129032258,,49.66848645813919,64.9264721053693,54.938292016918844,4.032258064516129,48.2,0.65
940f4e62df9f074cc26cfd202a4fe21e,Anaheim Zone,Volleyball,2028-07-20,6,13:00,15:30,2028-07-20 13:00:00-07,2028-07-20 15:30:00-07,scheduled,,3.1,honda_center,Honda Center,indoor,la_metro,33.808_-117.877,33.8078316,-117.876534,true,77,,,,27.578473363764445,28.9,0.0,0.0,0.0,indoor,,0.6492647210536929,0.10353301803233088,0.039734922549210024,65718.0,47.43342904084868,0.4938292016918844,50.0,0.008064516129032258,,62.118634129216765,64.9264721053693,54.938292016918844,4.032258064516129,52.9,0.65
ebe726120849d7615c27087bb8871e91,Anaheim Zone,Volleyball,2028-07-25,11,21:00,23:30,2028-07-25 21:00:00-07,2028-07-25 23:30:00-07,scheduled,,3.1,honda_center,Honda Center,indoor,la_metro,33.808_-117.877,33.8078316,-117.876534,true,77,,,,21.354914453938996,20.9,0.0,0.0,0.0,indoor,,0.6492647210536929,0.10353301803233088,0.039734922549210024,65718.0,47.43342904084868,0.4938292016918844,50.0,0.008064516129032258,,11.105856179827835,64.9264721053693,54.938292016918844,4.032258064516129,33.3,0.65
661661e3cf48f5b1aeb1d3fcdddb0ac9,Anaheim Zone,Volleyball,2028-07-27,13,16:00,18:30,2028-07-27 16:00:00-07,2028-07-27 18:30:00-07,scheduled,,3.1,honda_center,Honda Center,indoor,la_metro,33.808_-117.877,33.8078316,-117.876534,true,77,,,,27.73406440965956,27.9,0.0,0.0,0.0,indoor,,0.6492647210536929,0.10353301803233088,0.039734922549210024,65718.0,47.43342904084868,0.4938292016918844,50.0,0.008064516129032258,,63.393970570979995,64.9264721053693,54.938292016918844,4.032258064516129,53.4,0.65
134a91d926fddd2881018241708004ca,Anaheim Zone,Volleyball,2028-07-29,15,10:00,13:15,2028-07-29 10:00:00-07,2028-07-29 13:15:00-07,scheduled,gold,3.1,honda_center,Honda Center,indoor,la_metro,33.808_-117.877,33.8078316,-117.876534,true,77,,,,24.500407830660482,28.8,0.0,0.0,0.0,indoor,,0.6492647210536929,0.10353301803233088,0.039734922549210024,65718.0,47.43342904084868,0.4938292016918844,50.0,0.008064516129032258,,36.88858877590559,64.9264721053693,54.938292016918844,4.032258064516129,43.2,0.65
e78d765666e3c2bdafc33539f25a2566,City of Industry Zone,Mountain Bike,2028-07-18,4,11:00,13:30,2028-07-18 11:00:00-07,2028-07-18 13:30:00-07,scheduled,gold,3.1,industry_hills,Industry Hills MTB Course,outdoor,la_metro,34.026_-117.939,34.0261706,-117.9385379,true,77,27.89893907074622,29.09635884928856,30.064128311013146,26.86796457323883,32.1,0.025974025974025976,0.0,0.0,green,1,0.6432277357805948,0.1392377449604373,0.03676458766571656,77572.0,42.913207345137,-3.735747758791362,80.0,0.03494623655913978,74.56031843679149,56.294791583924834,64.32277357805948,12.642522412086379,17.473118279569892,56.0,1.0
d3cec1358b60481ae0b075605bd7b770,Inglewood Zone,Basketball,2028-07-12,-2,12:00,16:15,2028-07-12 12:00:00-07,2028-07-12 16:15:00-07,scheduled,,3.1,intuit_dome,Intuit Dome,indoor,la_metro,33.944_-118.342,33.9442586,-118.3421719,true,77,,,,26.98166861760035,28.1,0.0,0.0,0.0,indoor,,0.7865262445201856,0.12097864688174088,0.08769264672004806,126876.0,44.7527136597483,-0.683253233979471,46.0,0.0,,57.226791947543845,78.65262445201856,43.16746766020529,0.0,52.9,0.65
969f80246cce9ae9acb75755a9c79e6e,Inglewood Zone,Basketball,2028-07-15,1,21:30,23:15,2028-07-15 21:30:00-07,2028-07-15 23:15:00-07,scheduled,,3.1,intuit_dome,Intuit Dome,indoor,la_metro,33.944_-118.342,33.9442586,-118.3421719,true,77,,,,19.4091035090185,20.1,0.0,0.0,0.0,indoor,,0.7865262445201856,0.12097864688174088,0.08769264672004806,126876.0,44.7527136597483,-0.683253233979471,46.0,0.0,,0.0,78.65262445201856,43.16746766020529,0.0,30.8,0.65
f048cf425085bc15c2f0d66eb5b4e5df,Inglewood Zone,Basketball,2028-07-17,3,12:00,16:15,2028-07-17 12:00:00-07,2028-07-17 16:15:00-07,scheduled,,3.1,intuit_dome,Intuit Dome,indoor,la_metro,33.944_-118.342,33.9442586,-118.3421719,true,77,,,,27.028801872358606,28.2,0.0,0.0,0.0,indoor,,0.7865262445201856,0.12097864688174088,0.08769264672004806,126876.0,44.7527136597483,-0.683253233979471,46.0,0.0,,57.61313010130006,78.65262445201856,43.16746766020529,0.0,53.0,0.65
0ec19b4ca51996f8e031e50cc65b8838,Inglewood Zone,Basketball,2028-07-19,5,21:30,23:15,2028-07-19 21:30:00-07,2028-07-19 23:15:00-07,scheduled,,3.1,intuit_dome,Intuit Dome,indoor,la_metro,33.944_-118.342,33.9442586,-118.3421719,true,77,,,,20.264828878799065,20.3,0.0,0.0,0.0,indoor,,0.7865262445201856,0.12097864688174088,0.08769264672004806,126876.0,44.7527136597483,-0.683253233979471,46.0,0.0,,2.1707285147464357,78.65262445201856,43.16746766020529,0.0,31.7,0.65
89a9424c73d71bc7c9e1d6b5bd4d6bd0,DTLA Zone,Taekwondo,2028-07-28,14,09:00,13:00,2028-07-28 09:00:00-07,2028-07-28 13:00:00-07,scheduled,,3.1,la_convention_center,Los Angeles Convention Center,indoor,la_metro,34.041_-118.269,34.0414677,-118.2689803,true,77,,,,22.98056955547032,30.4,0.0,0.0,0.0,indoor,,0.8429400714333551,0.10879754283099419,0.3231605710375201,251468.0,45.231211044975936,-1.3487515220421429,74.0,0.021505376344086023,,24.430897995658373,84.29400714333552,36.51248477957857,10.75268817204301,42.6,0.65
baf8cd83f799d27574e3eb229e7fb653,DTLA Zone,Wrestling,2028-07-26,12,19:00,22:45,2028-07-26 19:00:00-07,2028-07-26 22:45:00-07,scheduled,gold,3.1,la_convention_center,Los Angeles Convention Center,indoor,la_metro,34.041_-118.269,34.0414677,-118.2689803,true,77,,,,25.57416023140732,24.9,0.0,0.0,0.0,indoor,,0.8429400714333551,0.10879754283099419,0.3231605710375201,251468.0,45.231211044975936,-1.3487515220421429,74.0,0.021505376344086023,,45.68983796235508,84.29400714333552,36.51248477957857,10.75268817204301,50.8,0.65
95346ee9c0bc85f5e49522cabef5cefa,DTLA Zone,Table Tennis,2028-07-22,8,21:00,23:15,2028-07-22 21:00:00-07,2028-07-22 23:15:00-07,scheduled,gold,3.1,la_convention_center,Los Angeles Convention Center,indoor,la_metro,34.041_-118.269,34.0414677,-118.2689803,true,77,,,,22.152398847887227,22.0,0.0,0.0,0.0,indoor,,0.8429400714333551,0.10879754283099419,0.3231605710375201,251468.0,45.231211044975936,-1.3487515220421429,74.0,0.021505376344086023,,17.642613507272355,84.29400714333552,36.51248477957857,10.75268817204301,40.0,0.65
600d5bd4480e2360196af289707c8406,DTLA Zone,Table Tennis,2028-07-24,10,10:00,15:00,2028-07-24 10:00:00-07,2028-07-24 15:00:00-07,scheduled,,3.1,la_convention_center,Los Angeles Convention Center,indoor,la_metro,34.041_-118.269,34.0414677,-118.2689803,true,77,,,,25.342149520142808,31.1,0.0,0.0,0.0,indoor,,0.8429400714333551,0.10879754283099419,0.3231605710375201,251468.0,45.231211044975936,-1.3487515220421429,74.0,0.021505376344086023,,43.78811082084269,84.29400714333552,36.51248477957857,10.75268817204301,50.0,0.65
d247e1cc775ddae22d563938a823ae3c,DTLA Zone,Table Tennis,2028-07-27,13,17:00,22:00,2028-07-27 17:00:00-07,2028-07-27 22:00:00-07,scheduled,,3.1,la_convention_center,Los Angeles Convention Center,indoor,la_metro,34.041_-118.269,34.0414677,-118.2689803,true,77,,,,27.71924852476652,28.6,0.0,0.0,0.0,indoor,,0.8429400714333551,0.10879754283099419,0.3231605710375201,251468.0,45.231211044975936,-1.3487515220421429,74.0,0.021505376344086023,,63.27252889152886,84.29400714333552,36.51248477957857,10.75268817204301,57.5,0.65
ffc5658fff8c2e604a52423eddd7eeb2,Exposition Park Zone,Athletics (Track & Field),2028-07-15,1,09:00,13:30,2028-07-15 09:00:00-07,2028-07-15 13:30:00-07,scheduled,,3.1,la_coliseum,Los Angeles Memorial Coliseum,outdoor,la_metro,34.014_-118.288,34.0139159,-118.2877996,true,77,25.912265402219397,27.335368824277026,28.361273125359823,22.540445057020072,28.1,0.0,0.0,0.0,green,1,0.8842784729266543,0.0861414204475082,0.1814579007213871,223828.0,43.448269839247956,-3.1241998908030304,71.0,0.021505376344086023,60.12597396948382,20.82332013950879,88.42784729266543,18.758001091969696,10.75268817204301,46.9,1.0
1f05558bc6e3b6a904c90510ad4a9363,Exposition Park Zone,Athletics (Track & Field),2028-07-18,4,09:30,12:10,2028-07-18 09:30:00-07,2028-07-18 12:10:00-07,scheduled,,3.1,la_coliseum,Los Angeles Memorial Coliseum,outdoor,la_metro,34.014_-118.288,34.0139159,-118.2877996,true,77,26.278496042069094,27.548526063027825,28.788331632368315,24.315016150941968,27.7,0.0,0.0,0.0,green,1,0.8842784729266543,0.0861414204475082,0.1814579007213871,223828.0,43.448269839247956,-3.1241998908030304,71.0,0.021505376344086023,61.87316445104776,35.36898484378663,88.42784729266543,18.758001091969696,10.75268817204301,51.1,1.0
3af4711b795defd2012dd0f6505e2631,Long Beach Zone,Water Polo,2028-07-22,8,11:30,13:00,2028-07-22 11:30:00-07,2028-07-22 13:00:00-07,scheduled,bronze,3.1,lb_aquatics,Long Beach Aquatics Center,outdoor,la_metro,33.765_-118.191,33.7647297,-118.1906881,true,77,25.090734966693926,27.44429805804753,28.495712639845497,26.988698720546388,25.7,0.0,0.0,0.0,green,1,0.7801262996131555,0.09415469660013052,0.16332926682508087,104578.0,41.78719308315273,-2.5038959552027364,44.0,0.0,61.01883654137319,57.28441574218351,78.01262996131555,24.961040447972636,0.0,53.8,1.0
2a1935c41e1350a5bfc34e1be404b270,Long Beach Zone,Handball,2028-07-19,5,09:00,12:30,2028-07-19 09:00:00-07,2028-07-19 12:30:00-07,scheduled,,3.1,lb_arena,Long Beach Arena,indoor,la_metro,33.764_-118.188,33.7640942,-118.1883741,true,77,,,,22.761214762531363,24.6,0.0,0.0,0.0,indoor,,0.7738358699694163,0.09577072861356313,0.16007091093644696,107248.0,41.9957896607921,-2.275732057342644,44.0,0.0,,22.632907889601338,77.38358699694163,27.242679426573556,0.0,36.7,0.65
233d5faf48473656135964dafb82aee0,Long Beach Zone,Handball,2028-07-23,9,19:30,21:30,2028-07-23 19:30:00-07,2028-07-23 21:30:00-07,scheduled,,3.1,lb_arena,Long Beach Arena,indoor,la_metro,33.764_-118.188,33.7640942,-118.1883741,true,77,,,,23.361740068305927,21.2,0.0,0.0,0.0,indoor,,0.7738358699694163,0.09577072861356313,0.16007091093644696,107248.0,41.9957896607921,-2.275732057342644,44.0,0.0,,27.555246461523996,77.38358699694163,27.242679426573556,0.0,38.6,0.65
bcd9591045c72fcac41a756baab84cbf,DTLA Zone,Boxing - Preliminary Stages,2028-07-15,1,19:00,21:30,2028-07-15 19:00:00-07,2028-07-15 21:30:00-07,scheduled,,3.1,peacock_theater,Peacock Theater,indoor,la_metro,34.045_-118.267,34.0445026,-118.2670716,true,77,,,,24.911945995075346,24.6,0.0,0.0,0.0,indoor,,0.8362896053815339,0.11167189175274518,0.3209798271133104,255553.0,44.59364344327564,-2.0377940076130585,74.0,0.021505376344086023,,40.26185241865038,83.62896053815338,29.622059923869415,10.75268817204301,47.4,0.65
24b8277bc9609733353e71781b051398,DTLA Zone,Boxing - Preliminary Stages,2028-07-19,5,12:00,15:00,2028-07-19 12:00:00-07,2028-07-19 15:00:00-07,scheduled,,3.1,peacock_theater,Peacock Theater,indoor,la_metro,34.045_-118.267,34.0445026,-118.2670716,true,77,,,,27.35330915543775,31.5,0.0,0.0,0.0,indoor,,0.8362896053815339,0.11167189175274518,0.3209798271133104,255553.0,44.59364344327564,-2.0377940076130585,74.0,0.021505376344086023,,60.27302586424385,83.62896053815338,29.622059923869415,10.75268817204301,55.1,0.65
0baf1b42a434fce344acec80f715dfff,Riviera Zone,Golf,2028-07-22,8,09:00,18:30,2028-07-22 09:00:00-07,2028-07-22 18:30:00-07,scheduled,gold,3.1,riviera_cc,Riviera Country Club,outdoor,la_metro,34.045_-118.502,34.0451645,-118.5024932,true,77,26.514451776117635,28.622866244195365,30.137714070385094,23.506384821253754,28.6,0.05194805194805195,0.0,0.0,green,1,0.2345785426721352,0.21841170872377855,0.05693533352717709,64796.0,34.28187011868873,-3.5074867709350173,46.0,0.0,70.67923150979809,28.74085919060454,23.45785426721352,14.92513229064983,0.0,38.1,1.0
afeeb74159965cff1c10a989c78568da,Riviera Zone,Golf,2028-07-24,10,08:00,14:00,2028-07-24 08:00:00-07,2028-07-24 14:00:00-07,scheduled,gold,3.1,riviera_cc,Riviera Country Club,outdoor,la_metro,34.045_-118.502,34.0451645,-118.5024932,true,77,26.514451776117635,28.618722726991507,30.137714070385094,20.30738718308862,28.0,0.05194805194805195,0.0,0.0,green,1,0.2345785426721352,0.21841170872377855,0.05693533352717709,64796.0,34.28187011868873,-3.5074867709350173,46.0,0.0,70.64526825402875,2.5195670744968717,23.45785426721352,14.92513229064983,0.0,31.5,1.0
fb13bca1896c1326bf43fbdf096c3d33,Pasadena Zone,Diving,2028-07-18,4,10:00,12:30,2028-07-18 10:00:00-07,2028-07-18 12:30:00-07,scheduled,,3.1,rose_bowl_aquatics,Rose Bowl Aquatics Center,outdoor,la_metro,34.151_-118.164,34.1512722,-118.1643208,true,77,27.036754187269047,28.280298436450593,29.541048251248498,25.093253922747444,30.1,0.012987012987012988,0.0,0.0,green,1,0.5243720253796974,0.17175720663632174,0.1118154541255828,66806.0,39.53865394650686,-2.5830604621436777,126.0,0.22043010752688172,67.8712986594311,41.7479829733397,52.43720253796974,24.169395378563223,100.0,57.1,1.0
7c945c73ebc37191cd64879eb3917bd5,Pasadena Zone,Diving,2028-07-25,11,11:30,12:30,2028-07-25 11:30:00-07,2028-07-25 12:30:00-07,scheduled,gold,3.1,rose_bowl_aquatics,Rose Bowl Aquatics Center,outdoor,la_metro,34.151_-118.164,34.1512722,-118.1643208,true,77,27.53201192109021,29.58966524171189,31.016468005963475,28.87316188547601,29.6,0.11688311688311688,0.0,0.0,yellow,2,0.5243720253796974,0.17175720663632174,0.1118154541255828,66806.0,39.53865394650686,-2.5830604621436777,126.0,0.22043010752688172,78.60381345665485,72.73083512685254,52.43720253796974,24.169395378563223,100.0,68.6,1.0
acb6a465c45c691c695fdedf3f7a8b9e,Valley Zone,BMX Freestyle,2028-07-28,14,10:30,13:30,2028-07-28 10:30:00-07,2028-07-28 13:30:00-07,scheduled,,3.1,sepulveda_basin_1,Valley Complex 1 (Sepulveda Basin),outdoor,la_metro,34.173_-118.487,34.1733026,-118.4868622,true,77,27.382708998139613,29.485730190582892,32.06635466861962,27.509885480890187,30.4,0.14285714285714285,0.012987012987012988,0.0,yellow,2,0.5125414368774284,0.1421575817408121,0.0671343166412166,66043.0,39.22821859281644,-6.8142964041277025,129.0,0.29838709677419356,77.7518868080565,61.55643836795236,51.25414368774284,0.0,100.0,62.9,1.0
a86981756386581bc6a3557e95059bd5,Valley Zone,3x3 Basketball,2028-07-16,2,21:00,23:00,2028-07-16 21:00:00-07,2028-07-16 23:00:00-07,scheduled,,3.1,sepulveda_basin_3,Valley Complex 3 (Sepulveda Basin),outdoor,la_metro,34.173_-118.487,34.1733026,-118.4868622,true,77,18.282038533352846,19.527129961618716,21.639113192434877,21.670053711268448,20.5,0.0,0.0,0.0,none,0,0.5125414368774284,0.1421575817408121,0.0671343166412166,66043.0,39.22821859281644,-6.8142964041277025,129.0,0.29838709677419356,0.0,13.688964846462689,51.25414368774284,0.0,100.0,23.7,1.0
18d3123d5559bfa2164c2bf681c25838,Inglewood Zone,Swimming,2028-07-24,10,18:00,20:00,2028-07-24 18:00:00-07,2028-07-24 20:00:00-07,scheduled,gold,3.1,sofi_stadium,SoFi Stadium,covered,la_metro,33.953_-118.339,33.9534074,-118.3390098,true,77,20.267896661154726,22.20101383715578,24.961204845390554,26.031457085155033,24.5,0.0,0.0,0.0,none,0,0.7949743701228478,0.1275460706213522,0.09863803257310466,134132.0,42.962126805734115,-2.661845745331796,46.0,0.0,18.041097025867057,49.43817282913962,79.49743701228478,23.38154254668204,0.0,36.9,1.0
463e3eaba121d3ab030dee93e17946a1,Inglewood Zone,Swimming,2028-07-26,12,09:30,11:30,2028-07-26 09:30:00-07,2028-07-26 11:30:00-07,scheduled,,3.1,sofi_stadium,SoFi Stadium,covered,la_metro,33.953_-118.339,33.9534074,-118.3390098,true,77,21.13076425235758,23.405910197367813,24.99647968611522,25.656825393619233,26.4,0.0,0.0,0.0,none,0,0.7949743701228478,0.1275460706213522,0.09863803257310466,134132.0,42.962126805734115,-2.661845745331796,46.0,0.0,27.917296699736177,46.367421259174044,79.49743701228478,23.38154254668204,0.0,39.6,1.0
281d6a1598190a99e0e6252e193d3eaf,Long Beach Zone,Beach Volleyball,2028-07-21,7,14:00,18:00,2028-07-21 14:00:00-07,2028-07-21 18:00:00-07,scheduled,,3.1,alamitos_beach,Alamitos Beach Stadium,outdoor,la_metro,33.762_-118.178,33.7622,-118.178,true,77,25.217911507256737,27.239858205679397,28.46162617956592,27.323672542830163,26.4,0.0,0.0,0.0,green,1,0.722444167544943,0.09900287134830982,0.1447523855740016,119359.0,40.29293224720002,-3.915892902295056,44.0,0.0,59.343100046552436,60.03010281008331,72.2444167544943,10.84107097704944,0.0,51.3,1.0
533875ed409d25427f53e10c5123dced,Long Beach Zone,Beach Volleyball,2028-07-28,14,15:30,18:30,2028-07-28 15:30:00-07,2028-07-28 18:30:00-07,scheduled,gold,3.1,alamitos_beach,Alamitos Beach Stadium,outdoor,la_metro,33.762_-118.178,33.7622,-118.178,true,77,24.128515005738652,26.300980469484735,26.969132181973777,26.745300495409346,25.3,0.0,0.0,0.0,none,0,0.722444167544943,0.09900287134830982,0.1447523855740016,119359.0,40.29293224720002,-3.915892902295056,44.0,0.0,51.647380897415864,55.28934832302743,72.2444167544943,10.84107097704944,0.0,47.4,1.0
8e468db27603ad846f2a2e8376b67037,Long Beach Zone,Rowing Coastal Beach Sprints,2028-07-25,11,14:00,15:20,2028-07-25 14:00:00-07,2028-07-25 15:20:00-07,scheduled,gold,3.1,belmont_shore,Belmont Shore,outdoor,la_metro,33.757_-118.137,33.7572435,-118.1370107,true,77,25.220251426939246,27.362583311826207,28.483026398653855,27.104204066048645,26.7,0.0,0.0,0.0,green,1,0.25663974898633546,0.16622647675774047,0.04377574088491976,63598.0,42.23614688798067,-0.7561596559308086,44.0,0.0,60.34904353955908,58.23118086925119,25.663974898633548,42.438403440691914,0.0,45.1,1.0
de8ab98d4cf8e85ede6e4897b0639c24,Long Beach Zone,Sailing (Windsurfing & Kite),2028-07-18,4,14:00,20:00,2028-07-18 14:00:00-07,2028-07-18 20:00:00-07,scheduled,,3.1,belmont_shore,Belmont Shore,outdoor,la_metro,33.757_-118.137,33.7572435,-118.1370107,true,77,24.79851811843698,26.018818084466833,28.060076464339286,25.85088353109048,26.2,0.0,0.0,0.0,none,0,0.25663974898633546,0.16622647675774047,0.04377574088491976,63598.0,42.23614688798067,-0.7561596559308086,44.0,0.0,49.334574462842895,47.95806173024985,25.663974898633548,42.438403440691914,0.0,38.6,1.0
e86c62b607bafb743636291194b50212,Carson Zone,Tennis,2028-07-24,10,18:30,23:30,2028-07-24 18:30:00-07,2028-07-24 23:30:00-07,scheduled,,3.1,carson_tennis,Carson Tennis Center (Dignity Health Sports Park),outdoor,la_metro,33.862_-118.263,33.8623767,-118.2629113,true,77,21.583746126899964,23.362191220974847,25.762170192527467,24.7730783788111,23.6,0.0,0.0,0.0,none,0,0.6024817596311259,0.18387482189886747,0.036071101931309975,48804.0,43.99505605118883,-2.327804008098596,47.0,0.0,27.558944434220056,39.12359326894344,60.248175963112594,26.721959919014036,0.0,34.1,1.0
05a75bab48dc9ac558e1b1e5d72180dd,Carson Zone,Hockey,2028-07-24,10,17:00,22:00,2028-07-24 17:00:00-07,2028-07-24 22:00:00-07,scheduled,,3.1,carson_field,Carson Field (hockey),outdoor,la_metro,33.862_-118.263,33.8623767,-118.2629113,true,77,24.253802316251445,26.071973636437235,27.707568766761707,26.63992867499757,26.0,0.0,0.0,0.0,none,0,0.6024817596311259,0.18387482189886747,0.036071101931309975,48804.0,43.99505605118883,-2.327804008098596,47.0,0.0,49.770275708501934,54.425644877029264,60.248175963112594,26.721959919014036,0.0,45.7,1.0
e0c712a63b9de27a0ac0ae494fe76bdd,Carson Zone,Archery,2028-07-25,11,19:30,23:10,2028-07-25 19:30:00-07,2028-07-25 23:10:00-07,scheduled,gold,3.1,carson_stadium,Carson Stadium (Dignity Health Sports Park),outdoor,la_metro,33.862_-118.263,33.8623767,-118.2629113,true,77,19.935815716603617,21.67338362746793,24.109470988092188,23.32544661956579,21.7,0.0,0.0,0.0,none,0,0.6024817596311259,0.18387482189886747,0.036071101931309975,48804.0,43.99505605118883,-2.327804008098596,47.0,0.0,13.71625924154042,27.257759176768758,60.248175963112594,26.721959919014036,0.0,26.3,1.0
030048273f3b9d39c0be0235ef8eca48,Carson Zone,Archery,2028-07-27,13,10:30,12:15,2028-07-27 10:30:00-07,2028-07-27 12:15:00-07,scheduled,,3.1,carson_stadium,Carson Stadium (Dignity Health Sports Park),outdoor,la_metro,33.862_-118.263,33.8623767,-118.2629113,true,77,26.0366835620665,28.173840494714646,29.74501168488784,27.223176932605956,26.9,0.03896103896103896,0.0,0.0,green,1,0.6024817596311259,0.18387482189886747,0.036071101931309975,48804.0,43.99505605118883,-2.327804008098596,47.0,0.0,66.99869257962825,59.206368300048815,60.248175963112594,26.721959919014036,0.0,53.0,1.0
70a497c3309ed3a7e8b63a74e4f44b07,Carson Zone,Rugby Sevens,2028-07-15,1,19:00,21:30,2028-07-15 19:00:00-07,2028-07-15 21:30:00-07,scheduled,gold,3.1,carson_stadium,Carson Stadium (Dignity Health Sports Park),outdoor,la_metro,33.862_-118.263,33.8623767,-118.2629113,true,77,21.259061926677013,22.33770970577486,23.549799714318965,23.950502110134124,23.0,0.0,0.0,0.0,none,0,0.6024817596311259,0.18387482189886747,0.036071101931309975,48804.0,43.99505605118883,-2.327804008098596,47.0,0.0,19.1615549653677,32.38116483716495,60.248175963112594,26.721959919014036,0.0,29.5,1.0
15a240e56968972fef8f3861d265b9bb,Universal City Zone,Squash,2028-07-22,8,20:30,23:15,2028-07-22 20:30:00-07,2028-07-22 23:15:00-07,scheduled,,3.1,universal_squash,Comcast Squash Center at Universal Studios,indoor,la_metro,34.139_-118.354,34.1392322,-118.3543834,true,77,,,,22.275907423911253,21.5,0.0,0.0,0.0,indoor,,0.27314579213257967,0.13454548874799477,0.060475225266751254,57367.0,42.11921961330288,-0.5442844072706237,108.0,0.15053763440860216,,18.654978884518467,27.314579213257968,44.55715592729376,75.26881720430107,34.0,0.65
157776af459ba4fbfe8d4f359ff98806,Exposition Park Zone,Flag Football,2028-07-15,1,19:00,22:15,2028-07-15 19:00:00-07,2028-07-15 22:15:00-07,scheduled,,3.1,bmo_stadium,BMO Stadium,outdoor,la_metro,34.013_-118.284,34.012814,-118.2840892,true,77,21.11975607510226,22.245988840470222,23.491544816557095,23.65752421658799,22.5,0.0,0.0,0.0,none,0,0.889761315639675,0.08244607076326733,0.18066424292001207,227191.0,44.454678368927794,-2.33653947573314,71.0,0.021505376344086023,18.409744594018214,29.979706693344188,88.9761315639675,26.634605242668595,10.75268817204301,35.5,1.0
683754394b20b2133566553e054b075f,Pomona Zone,Cricket,2028-07-18,4,09:00,12:30,2028-07-18 09:00:00-07,2028-07-18 12:30:00-07,scheduled,,3.1,fairplex_cricket,Fairgrounds Cricket Stadium (Fairplex),outdoor,la_metro,34.087_-117.767,34.0870515,-117.7668542,true,77,27.07974040615797,28.525884957961036,29.81299711907422,22.776353431152465,30.6,0.025974025974025976,0.0,0.0,green,1,0.7307144233518286,0.1444376036552249,0.06587964703957196,61516.0,47.23916496816421,1.1143602628049933,156.0,0.4327956989247312,69.88430293410686,22.75699533731529,73.07144233518285,61.14360262804993,100.0,60.9,1.0
7d5889926f54dc7674368c5f7fcbe926,Pomona Zone,Cricket,2028-07-24,10,09:00,12:30,2028-07-24 09:00:00-07,2028-07-24 12:30:00-07,scheduled,,3.1,fairplex_cricket,Fairgrounds Cricket Stadium (Fairplex),outdoor,la_metro,34.087_-117.767,34.0870515,-117.7668542,true,77,27.304649304674573,29.900733888549986,30.85718250976833,23.478074949921105,30.4,0.15584415584415584,0.0,0.0,yellow,2,0.7307144233518286,0.1444376036552249,0.06587964703957196,61516.0,47.23916496816421,1.1143602628049933,156.0,0.4327956989247312,81.15355646352448,28.50881106492709,73.07144233518285,61.14360262804993,100.0,66.3,1.0
caafcc184c68b905407a79db70d05adb,Exposition Park Zone,Badminton,2028-07-20,6,14:00,17:25,2028-07-20 14:00:00-07,2028-07-20 17:25:00-07,scheduled,,3.1,galen_center,Galen Center,indoor,la_metro,34.021_-118.28,34.020753,-118.2797965,true,77,,,,27.558073872416117,28.2,0.0,0.0,0.0,indoor,,0.880924266400335,0.08445838018839198,0.19996670316057882,219220.0,44.8627076408096,-2.06563381306729,71.0,0.021505376344086023,,61.951425183738664,88.09242664003351,29.343661869327097,10.75268817204301,57.1,0.65
0de5716cc7ba5306692518b931d77f3f,Anaheim Zone,Volleyball,2028-07-24,10,17:00,19:30,2028-07-24 17:00:00-07,2028-07-24 19:30:00-07,scheduled,,3.1,honda_center,Honda Center,indoor,la_metro,33.808_-117.877,33.8078316,-117.876534,true,77,,,,27.423028899507205,26.8,0.0,0.0,0.0,indoor,,0.6492647210536929,0.10353301803233088,0.039734922549210024,65718.0,47.43342904084868,0.4938292016918844,50.0,0.008064516129032258,,60.84449917628857,64.9264721053693,54.938292016918844,4.032258064516129,52.5,0.65
fea4b749cfad6083c7031f8058f754c8,Anaheim Zone,Volleyball,2028-07-25,11,09:00,11:30,2028-07-25 09:00:00-07,2028-07-25 11:30:00-07,scheduled,,3.1,honda_center,Honda Center,indoor,la_metro,33.808_-117.877,33.8078316,-117.876534,true,77,,,,23.108872454149857,26.2,0.0,0.0,0.0,indoor,,0.6492647210536929,0.10353301803233088,0.039734922549210024,65718.0,47.43342904084868,0.4938292016918844,50.0,0.008064516129032258,,25.482561099588995,64.9264721053693,54.938292016918844,4.032258064516129,38.9,0.65
0fc39fc3e11d129f6c05ed290c87a6e2,Inglewood Zone,Basketball,2028-07-22,8,13:00,15:00,2028-07-22 13:00:00-07,2028-07-22 15:00:00-07,scheduled,,3.1,intuit_dome,Intuit Dome,indoor,la_metro,33.944_-118.342,33.9442586,-118.3421719,true,77,,,,28.223510245812513,28.9,0.0,0.0,0.0,indoor,,0.7865262445201856,0.12097864688174088,0.08769264672004806,126876.0,44.7527136597483,-0.683253233979471,46.0,0.0,,67.4058216869878,78.65262445201856,43.16746766020529,0.0,56.8,0.65
ff500f02bb9e394120d6c81a56c54083,Inglewood Zone,Basketball,2028-07-25,11,13:00,15:00,2028-07-25 13:00:00-07,2028-07-25 15:00:00-07,scheduled,,3.1,intuit_dome,Intuit Dome,indoor,la_metro,33.944_-118.342,33.9442586,-118.3421719,true,77,,,,28.383914600078885,28.7,0.0,0.0,0.0,indoor,,0.7865262445201856,0.12097864688174088,0.08769264672004806,126876.0,44.7527136597483,-0.683253233979471,46.0,0.0,,68.72061147605643,78.65262445201856,43.16746766020529,0.0,57.3,0.65
7546ba96d1c9339049e11bbbcaa05342,Inglewood Zone,Basketball,2028-07-28,14,16:00,18:00,2028-07-28 16:00:00-07,2028-07-28 18:00:00-07,scheduled,bronze,3.1,intuit_dome,Intuit Dome,indoor,la_metro,33.944_-118.342,33.9442586,-118.3421719,true,77,,,,27.221081982212997,26.7,0.0,0.0,0.0,indoor,,0.7865262445201856,0.12097864688174088,0.08769264672004806,126876.0,44.7527136597483,-0.683253233979471,46.0,0.0,,59.18919657551637,78.65262445201856,43.16746766020529,0.0,53.6,0.65
c2f589b5f7d0b6706385c7274ee6b632,DTLA Zone,Fencing,2028-07-20,6,09:00,16:10,2028-07-20 09:00:00-07,2028-07-20 16:10:00-07,scheduled,,3.1,la_convention_center,Los Angeles Convention Center,indoor,la_metro,34.041_-118.269,34.0414677,-118.2689803,true,77,,,,23.012988513365592,31.5,0.0,0.0,0.0,indoor,,0.8429400714333551,0.10879754283099419,0.3231605710375201,251468.0,45.231211044975936,-1.3487515220421429,74.0,0.021505376344086023,,24.696627158734362,84.29400714333552,36.51248477957857,10.75268817204301,42.7,0.65
299b1d4b27d8ba6157cbe190fb8e926b,DTLA Zone,Fencing,2028-07-23,9,09:00,16:10,2028-07-23 09:00:00-07,2028-07-23 16:10:00-07,scheduled,,3.1,la_convention_center,Los Angeles Convention Center,indoor,la_metro,34.041_-118.269,34.0414677,-118.2689803,true,77,,,,23.240957180981486,31.3,0.0,0.0,0.0,indoor,,0.8429400714333551,0.10879754283099419,0.3231605710375201,251468.0,45.231211044975936,-1.3487515220421429,74.0,0.021505376344086023,,26.56522279493021,84.29400714333552,36.51248477957857,10.75268817204301,43.4,0.65
67920d735bece26d98c435020c4d5b42,DTLA Zone,Judo,2028-07-17,3,10:00,14:00,2028-07-17 10:00:00-07,2028-07-17 14:00:00-07,scheduled,,3.1,la_convention_center,Los Angeles Convention Center,indoor,la_metro,34.041_-118.269,34.0414677,-118.2689803,true,77,,,,24.68449287421053,31.0,0.0,0.0,0.0,indoor,,0.8429400714333551,0.10879754283099419,0.3231605710375201,251468.0,45.231211044975936,-1.3487515220421429,74.0,0.021505376344086023,,38.39748257549615,84.29400714333552,36.51248477957857,10.75268817204301,48.0,0.65
7a68da20ee7e198ffecc65d55da71e1d,DTLA Zone,Wrestling,2028-07-24,10,11:00,13:00,2028-07-24 11:00:00-07,2028-07-24 13:00:00-07,scheduled,,3.1,la_convention_center,Los Angeles Convention Center,indoor,la_metro,34.041_-118.269,34.0414677,-118.2689803,true,77,,,,27.019099737461435,30.7,0.0,0.0,0.0,indoor,,0.8429400714333551,0.10879754283099419,0.3231605710375201,251468.0,45.231211044975936,-1.3487515220421429,74.0,0.021505376344086023,,57.5336044054216,84.29400714333552,36.51248477957857,10.75268817204301,55.3,0.65
9cc8fc1e0885f2577ef11046e67326c9,DTLA Zone,Wrestling,2028-07-27,13,19:00,22:45,2028-07-27 19:00:00-07,2028-07-27 22:45:00-07,scheduled,gold,3.1,la_convention_center,Los Angeles Convention Center,indoor,la_metro,34.041_-118.269,34.0414677,-118.2689803,true,77,,,,25.535480280447494,24.9,0.0,0.0,0.0,indoor,,0.8429400714333551,0.10879754283099419,0.3231605710375201,251468.0,45.231211044975936,-1.3487515220421429,74.0,0.021505376344086023,,45.37278918399586,84.29400714333552,36.51248477957857,10.75268817204301,50.7,0.65
f651120a585c90746013f42c005c1e2a,DTLA Zone,Wrestling,2028-07-28,14,19:00,22:45,2028-07-28 19:00:00-07,2028-07-28 22:45:00-07,scheduled,gold,3.1,la_convention_center,Los Angeles Convention Center,indoor,la_metro,34.041_-118.269,34.0414677,-118.2689803,true,77,,,,25.414846930377976,24.9,0.0,0.0,0.0,indoor,,0.8429400714333551,0.10879754283099419,0.3231605710375201,251468.0,45.231211044975936,-1.3487515220421429,74.0,0.021505376344086023,,44.38399123260637,84.29400714333552,36.51248477957857,10.75268817204301,50.3,0.65
3d0a7653a97ae297163244ca758aa641,DTLA Zone,Table Tennis,2028-07-18,4,21:00,23:15,2028-07-18 21:00:00-07,2028-07-18 23:15:00-07,scheduled,gold,3.1,la_convention_center,Los Angeles Convention Center,indoor,la_metro,34.041_-118.269,34.0414677,-118.2689803,true,77,,,,21.697187456753845,21.4,0.0,0.0,0.0,indoor,,0.8429400714333551,0.10879754283099419,0.3231605710375201,251468.0,45.231211044975936,-1.3487515220421429,74.0,0.021505376344086023,,13.911372596342991,84.29400714333552,36.51248477957857,10.75268817204301,38.6,0.65
79847351632672cb8abd30cbfde2e357,Exposition Park Zone,Athletics (Track & Field),2028-07-19,5,16:00,18:40,2028-07-19 16:00:00-07,2028-07-19 18:40:00-07,scheduled,gold,3.1,la_coliseum,Los Angeles Memorial Coliseum,outdoor,la_metro,34.014_-118.288,34.0139159,-118.2877996,true,77,24.256796624486793,25.716491766654265,30.21040543677582,26.208425957401825,26.8,0.012987012987012988,0.0,0.0,none,0,0.8842784729266543,0.0861414204475082,0.1814579007213871,223828.0,43.448269839247956,-3.1241998908030304,71.0,0.021505376344086023,46.856489890608735,50.88873735575267,88.42784729266543,18.758001091969696,10.75268817204301,49.8,1.0
97d0bff448561c9e88bb30c61045cd4c,Long Beach Zone,Handball,2028-07-15,1,14:00,17:30,2028-07-15 14:00:00-07,2028-07-15 17:30:00-07,scheduled,,3.1,lb_arena,Long Beach Arena,indoor,la_metro,33.764_-118.188,33.7640942,-118.1883741,true,77,,,,25.631065453125807,25.7,0.0,0.0,0.0,indoor,,0.7738358699694163,0.09577072861356313,0.16007091093644696,107248.0,41.9957896607921,-2.275732057342644,44.0,0.0,,46.15627420594924,77.38358699694163,27.242679426573556,0.0,45.8,0.65
de3a8d12173c246c05942e99e28269ec,Long Beach Zone,Handball,2028-07-23,9,12:30,14:30,2028-07-23 12:30:00-07,2028-07-23 14:30:00-07,scheduled,,3.1,lb_arena,Long Beach Arena,indoor,la_metro,33.764_-118.188,33.7640942,-118.1883741,true,77,,,,27.240354170091965,26.0,0.0,0.0,0.0,indoor,,0.7738358699694163,0.09577072861356313,0.16007091093644696,107248.0,41.9957896607921,-2.275732057342644,44.0,0.0,,59.34716532862267,77.38358699694163,27.242679426573556,0.0,50.8,0.65
0d9804faee281bafb30f480a1dcdd91d,Long Beach Zone,Shooting (Rifle & Pistol),2028-07-20,6,09:30,14:00,2028-07-20 09:30:00-07,2028-07-20 14:00:00-07,scheduled,gold,3.1,lb_shooting_hall,Long Beach Target Shooting Hall,indoor,la_metro,33.765_-118.191,33.7647297,-118.1906881,true,77,,,,24.73062655838659,26.0,0.0,0.0,0.0,indoor,,0.7801262996131555,0.09415469660013052,0.16332926682508087,104578.0,41.78719308315273,-2.5038959552027364,44.0,0.0,,38.775627527758935,78.01262996131555,24.961040447972636,0.0,42.8,0.65
427eba64e167258b649412f6a6b97a5b,Long Beach Zone,Rowing,2028-07-17,3,12:30,15:10,2028-07-17 12:30:00-07,2028-07-17 15:10:00-07,scheduled,gold,3.1,marine_stadium,Marine Stadium,outdoor,la_metro,33.766_-118.127,33.7658713,-118.1268662,true,77,24.81195041921459,25.95626907841437,28.060503998471898,25.815901026324088,26.2,0.0,0.0,0.0,none,0,0.238919204098983,0.16645636928537386,0.03847797848994337,72741.0,39.278168418526626,-3.8697284565432284,44.0,0.0,48.82187769192106,47.671319887902364,23.8919204098983,11.302715434567716,0.0,34.9,1.0
5dfaa8942c89e4ae267447c2bee73568,Long Beach Zone,Rowing,2028-07-22,8,10:30,11:50,2028-07-22 10:30:00-07,2028-07-22 11:50:00-07,scheduled,gold,3.1,marine_stadium,Marine Stadium,outdoor,la_metro,33.766_-118.127,33.7658713,-118.1268662,true,77,24.6864229843389,26.83923692542548,28.304997322760222,26.37344912709726,24.5,0.0,0.0,0.0,green,1,0.238919204098983,0.16645636928537386,0.03847797848994337,72741.0,39.278168418526626,-3.8697284565432284,44.0,0.0,56.05931906086461,52.24138628768246,23.8919204098983,11.302715434567716,0.0,38.6,1.0
b1572fa37a58b804cba9647a3eccf3e8,DTLA Zone,Weightlifting,2028-07-27,13,14:10,19:00,2028-07-27 14:10:00-07,2028-07-27 19:00:00-07,scheduled,gold,3.1,peacock_theater,Peacock Theater,indoor,la_metro,34.045_-118.267,34.0445026,-118.2670716,true,77,,,,29.002715355944154,30.4,0.0,0.0,0.0,indoor,,0.8362896053815339,0.11167189175274518,0.3209798271133104,255553.0,44.59364344327564,-2.0377940076130585,74.0,0.021505376344086023,,73.79274881921438,83.62896053815338,29.622059923869415,10.75268817204301,60.3,0.65
f9e4fcf2b3af051b38750010933af8bd,Pasadena Zone,Diving,2028-07-19,5,15:30,16:45,2028-07-19 15:30:00-07,2028-07-19 16:45:00-07,scheduled,gold,3.1,rose_bowl_aquatics,Rose Bowl Aquatics Center,outdoor,la_metro,34.151_-118.164,34.1512722,-118.1643208,true,77,26.500587873657977,27.808840057863197,30.56273200734508,28.65827841888286,30.8,0.025974025974025976,0.0,0.0,green,1,0.5243720253796974,0.17175720663632174,0.1118154541255828,66806.0,39.53865394650686,-2.5830604621436777,126.0,0.22043010752688172,64.00688572019014,70.96949523674473,52.43720253796974,24.169395378563223,100.0,63.0,1.0
fe8ef027e6dfd978035373e814cba8d5,Pasadena Zone,Diving,2028-07-26,12,14:00,15:00,2028-07-26 14:00:00-07,2028-07-26 15:00:00-07,scheduled,gold,3.1,rose_bowl_aquatics,Rose Bowl Aquatics Center,outdoor,la_metro,34.151_-118.164,34.1512722,-118.1643208,true,77,27.96416138722593,30.248246554830743,31.444260716419663,30.079140488185317,31.3,0.24675324675324675,0.025974025974025976,0.0,yellow,2,0.5243720253796974,0.17175720663632174,0.1118154541255828,66806.0,39.53865394650686,-2.5830604621436777,126.0,0.22043010752688172,84.0020209412356,82.61590564086325,52.43720253796974,24.169395378563223,100.0,73.0,1.0
7c3a25ec4b97b9213879dc8daf45a0df,Valley Zone,Modern Pentathlon,2028-07-18,4,09:00,11:00,2028-07-18 09:00:00-07,2028-07-18 11:00:00-07,scheduled,gold,3.1,sepulveda_basin_2,Valley Complex 2 (Sepulveda Basin),outdoor,la_metro,34.173_-118.487,34.1733026,-118.4868622,true,77,26.219573268373363,28.010533482900378,31.829576275231233,23.080819334440644,28.0,0.012987012987012988,0.012987012987012988,0.0,green,1,0.5125414368774284,0.1421575817408121,0.0671343166412166,66043.0,39.22821859281644,-6.8142964041277025,129.0,0.29838709677419356,65.66011051557687,25.252617495415112,51.25414368774284,0.0,100.0,49.5,1.0
f0fcfb5737652dd1b8f08abd0b0614d6,Valley Zone,Skateboarding (Park),2028-07-25,11,20:00,23:00,2028-07-25 20:00:00-07,2028-07-25 23:00:00-07,scheduled,,3.1,sepulveda_basin_2,Valley Complex 2 (Sepulveda Basin),outdoor,la_metro,34.173_-118.487,34.1733026,-118.4868622,true,77,20.34966592925752,23.540757053275254,25.7619042330873,25.634095263818455,23.1,0.0,0.0,0.0,none,0,0.5125414368774284,0.1421575817408121,0.0671343166412166,66043.0,39.22821859281644,-6.8142964041277025,129.0,0.29838709677419356,29.022598797338144,46.181108719823406,51.25414368774284,0.0,100.0,42.0,1.0
c9dab7995f7d35cc991fc7be83b7d606,Valley Zone,3x3 Basketball,2028-07-17,3,17:30,19:30,2028-07-17 17:30:00-07,2028-07-17 19:30:00-07,scheduled,,3.1,sepulveda_basin_3,Valley Complex 3 (Sepulveda Basin),outdoor,la_metro,34.173_-118.487,34.1733026,-118.4868622,true,77,24.440081568577046,25.760202589605843,26.440794811098606,26.54748178187658,27.2,0.0,0.0,0.0,none,0,0.5125414368774284,0.1421575817408121,0.0671343166412166,66043.0,39.22821859281644,-6.8142964041277025,129.0,0.29838709677419356,47.21477532463806,53.66788345800476,51.25414368774284,0.0,100.0,50.2,1.0
b1f94c1bc27245750f43f217973c980e,Whittier Narrows Zone,Shooting (Shotgun),2028-07-18,4,09:30,17:15,2028-07-18 09:30:00-07,2028-07-18 17:15:00-07,scheduled,gold,3.1,whittier_narrows,Whittier Narrows Clay Shooting Center,outdoor,la_metro,34.035_-118.051,34.03502,-118.0510434,true,77,27.686205320865742,28.766448515178464,29.389933522438206,25.36391995731939,32.2,0.0,0.0,0.0,green,1,0.737510568877609,0.15015709683397863,0.06567339261203715,40332.0,42.338014644481206,-3.0637092939680954,87.0,0.0456989247311828,71.85613537031527,43.96655702720811,73.7510568877609,19.362907060319046,22.849462365591396,55.1,1.0
a46346a197ee0d509fc6288e46eb8f6b,Inglewood Zone,Swimming,2028-07-24,10,09:30,11:30,2028-07-24 09:30:00-07,2028-07-24 11:30:00-07,scheduled,,3.1,sofi_stadium,SoFi Stadium,covered,la_metro,33.953_-118.339,33.9534074,-118.3390098,true,77,21.544321331702477,23.38252537049239,24.99647968611522,25.560281934972753,26.8,0.0,0.0,0.0,none,0,0.7949743701228478,0.1275460706213522,0.09863803257310466,134132.0,42.962126805734115,-2.661845745331796,46.0,0.0,27.72561779092124,45.5760814342029,79.49743701228478,23.38154254668204,0.0,39.3,1.0
b160864dd57cb74408e5efe34ff98b69,Inglewood Zone,Swimming,2028-07-26,12,18:00,20:00,2028-07-26 18:00:00-07,2028-07-26 20:00:00-07,scheduled,gold,3.1,sofi_stadium,SoFi Stadium,covered,la_metro,33.953_-118.339,33.9534074,-118.3390098,true,77,20.267896661154726,22.293896880897066,23.31685630182787,26.180654318327374,24.4,0.0,0.0,0.0,none,0,0.7949743701228478,0.1275460706213522,0.09863803257310466,134132.0,42.962126805734115,-2.661845745331796,46.0,0.0,18.80243344997595,50.66110096989651,79.49743701228478,23.38154254668204,0.0,37.5,1.0
0709ae8b00813651dd6f327b3e270081,Long Beach Zone,Beach Volleyball,2028-07-16,2,20:00,23:00,2028-07-16 20:00:00-07,2028-07-16 23:00:00-07,scheduled,,3.1,alamitos_beach,Alamitos Beach Stadium,outdoor,la_metro,33.762_-118.178,33.7622,-118.178,true,77,19.385624532364897,20.543478642364462,22.251806147239208,22.33742312794777,20.6,0.0,0.0,0.0,none,0,0.722444167544943,0.09900287134830982,0.1447523855740016,119359.0,40.29293224720002,-3.915892902295056,44.0,0.0,4.454742970200512,19.15920596678499,72.2444167544943,10.84107097704944,0.0,21.9,1.0
1581176c8c30267b9518f6ca0759b172,Long Beach Zone,Beach Volleyball,2028-07-17,3,20:00,23:00,2028-07-17 20:00:00-07,2028-07-17 23:00:00-07,scheduled,,3.1,alamitos_beach,Alamitos Beach Stadium,outdoor,la_metro,33.762_-118.178,33.7622,-118.178,true,77,19.431970521939316,20.71132648002126,22.680690455809856,22.371154258585445,20.7,0.0,0.0,0.0,none,0,0.722444167544943,0.09900287134830982,0.1447523855740016,119359.0,40.29293224720002,-3.915892902295056,44.0,0.0,5.830544918207047,19.435690644142994,72.2444167544943,10.84107097704944,0.0,22.4,1.0
4862e53a47ea9be8cc2a13d1c4466ae4,Long Beach Zone,Beach Volleyball,2028-07-22,8,09:00,11:00,2028-07-22 09:00:00-07,2028-07-22 11:00:00-07,scheduled,,3.1,alamitos_beach,Alamitos Beach Stadium,outdoor,la_metro,33.762_-118.178,33.7622,-118.178,true,77,24.6183855157447,27.06731002228162,28.22806706893582,23.09950669520925,24.5,0.0,0.0,0.0,green,1,0.722444167544943,0.09900287134830982,0.1447523855740016,119359.0,40.29293224720002,-3.915892902295056,44.0,0.0,57.92877067443952,25.40579258368238,72.2444167544943,10.84107097704944,0.0,42.2,1.0
107ba330eaa5cab73080b3b89dcb80c0,Long Beach Zone,Rowing Coastal Beach Sprints,2028-07-25,11,10:00,11:50,2028-07-25 10:00:00-07,2028-07-25 11:50:00-07,scheduled,,3.1,belmont_shore,Belmont Shore,outdoor,la_metro,33.757_-118.137,33.7572435,-118.1370107,true,77,24.594143256414508,26.670934117705695,28.220944110954623,24.85601956232085,24.4,0.0,0.0,0.0,none,0,0.25663974898633546,0.16622647675774047,0.04377574088491976,63598.0,42.23614688798067,-0.7561596559308086,44.0,0.0,54.67978785004668,39.8034390354168,25.663974898633548,42.438403440691914,0.0,38.5,1.0
ce4ab8b5a4f3d3aee829bdfd63329951,Carson Zone,Tennis,2028-07-27,13,11:00,16:30,2028-07-27 11:00:00-07,2028-07-27 16:30:00-07,scheduled,gold,3.1,carson_tennis,Carson Tennis Center (Dignity Health Sports Park),outdoor,la_metro,33.862_-118.263,33.8623767,-118.2629113,true,77,26.306718696815032,28.321051759920376,30.07128645736658,27.223176932605956,27.9,0.03896103896103896,0.0,0.0,green,1,0.6024817596311259,0.18387482189886747,0.036071101931309975,48804.0,43.99505605118883,-2.327804008098596,47.0,0.0,68.20534229442931,59.206368300048815,60.248175963112594,26.721959919014036,0.0,53.4,1.0
238b07996926bb46c186509ac4799eeb,Carson Zone,Hockey,2028-07-13,-1,09:00,14:00,2028-07-13 09:00:00-07,2028-07-13 14:00:00-07,scheduled,,3.1,carson_field,Carson Field (hockey),outdoor,la_metro,33.862_-118.263,33.8623767,-118.2629113,true,77,25.997720503954724,27.460595785660207,28.567521214535105,22.806684042257103,28.2,0.0,0.0,0.0,green,1,0.6024817596311259,0.18387482189886747,0.036071101931309975,48804.0,43.99505605118883,-2.327804008098596,47.0,0.0,61.152424472624645,23.00560690374675,60.248175963112594,26.721959919014036,0.0,41.9,1.0
5cd3fbfd493a4d43b8116e95984f0004,Carson Zone,Rugby Sevens,2028-07-16,2,10:00,13:00,2028-07-16 10:00:00-07,2028-07-16 13:00:00-07,scheduled,,3.1,carson_stadium,Carson Stadium (Dignity Health Sports Park),outdoor,la_metro,33.862_-118.263,33.8623767,-118.2629113,true,77,25.958595412922968,27.250332886434908,31.95966743080922,24.581649744002007,27.8,0.012987012987012988,0.012987012987012988,0.0,green,1,0.6024817596311259,0.18387482189886747,0.036071101931309975,48804.0,43.99505605118883,-2.327804008098596,47.0,0.0,59.42895808553204,37.55450609837711,60.248175963112594,26.721959919014036,0.0,44.9,1.0
d1a92ccc262d2775dc55cf7cbfbfa7cf,Carson Zone,Rugby Sevens,2028-07-17,3,10:00,13:00,2028-07-17 10:00:00-07,2028-07-17 13:00:00-07,scheduled,,3.1,carson_stadium,Carson Stadium (Dignity Health Sports Park),outdoor,la_metro,33.862_-118.263,33.8623767,-118.2629113,true,77,26.08355328119368,27.283521864127692,31.95966743080922,24.64743840143847,27.8,0.012987012987012988,0.012987012987012988,0.0,green,1,0.6024817596311259,0.18387482189886747,0.036071101931309975,48804.0,43.99505605118883,-2.327804008098596,47.0,0.0,59.70099888629257,38.093757388839926,60.248175963112594,26.721959919014036,0.0,45.1,1.0
1a6b11d1e4b6a70e93bcf19968a7e8fa,Carson Zone,Cycling Track,2028-07-26,12,13:45,16:45,2028-07-26 13:45:00-07,2028-07-26 16:45:00-07,scheduled,gold,3.1,carson_velodrome,VELO Sports Center,indoor,la_metro,33.859_-118.26,33.8590663,-118.259801,true,77,,,,28.489820634428874,27.9,0.0,0.0,0.0,indoor,,0.5814854964957744,0.1835093155427191,0.03493403822842241,46738.0,45.287884775188154,-0.8750988628050465,47.0,0.0,,69.58869372482684,58.14854964957744,41.249011371949535,0.0,51.0,0.65
f435b065427c635c83e5c59534221c8c,Carson Zone,Cycling Track,2028-07-30,16,08:45,12:35,2028-07-30 08:45:00-07,2028-07-30 12:35:00-07,scheduled,gold,3.1,carson_velodrome,VELO Sports Center,indoor,la_metro,33.859_-118.26,33.8590663,-118.259801,true,77,,,,22.558320320714746,27.2,0.0,0.0,0.0,indoor,,0.5814854964957744,0.1835093155427191,0.03493403822842241,46738.0,45.287884775188154,-0.8750988628050465,47.0,0.0,,20.96983869438316,58.14854964957744,41.249011371949535,0.0,32.3,0.65
1a3563e31b7b6318be92cbfac143c8d2,DTLA Zone,Artistic Gymnastics,2028-07-16,2,21:25,23:05,2028-07-16 21:25:00-07,2028-07-16 23:05:00-07,scheduled,,3.1,crypto_arena,Crypto.com Arena,indoor,la_metro,34.043_-118.267,34.0429979,-118.2671352,true,77,,,,19.85722282331207,20.3,0.0,0.0,0.0,indoor,,0.8390710676842138,0.11034913662248746,0.3229660791465282,250992.0,44.956872521372205,-1.7580160159927765,74.0,0.021505376344086023,,0.0,83.90710676842139,32.419839840072235,10.75268817204301,32.5,0.65
caf9ee0d0e9a1777e6f9b186c199daaf,DTLA Zone,Artistic Gymnastics,2028-07-19,5,18:00,20:30,2028-07-19 18:00:00-07,2028-07-19 20:30:00-07,scheduled,gold,3.1,crypto_arena,Crypto.com Arena,indoor,la_metro,34.043_-118.267,34.0429979,-118.2671352,true,77,,,,25.812424023131555,26.7,0.0,0.0,0.0,indoor,,0.8390710676842138,0.11034913662248746,0.3229660791465282,250992.0,44.956872521372205,-1.7580160159927765,74.0,0.021505376344086023,,47.64281986173407,83.90710676842139,32.419839840072235,10.75268817204301,50.8,0.65
282fb4fd1736ffb8c2ff83d52f799e70,DTLA Zone,Boxing - Final Stages,2028-07-27,13,12:00,14:00,2028-07-27 12:00:00-07,2028-07-27 14:00:00-07,scheduled,gold,3.1,crypto_arena,Crypto.com Arena,indoor,la_metro,34.043_-118.267,34.0429979,-118.2671352,true,77,,,,28.19650378164546,30.4,0.0,0.0,0.0,indoor,,0.8390710676842138,0.11034913662248746,0.3229660791465282,250992.0,44.956872521372205,-1.7580160159927765,74.0,0.021505376344086023,,67.18445722660215,83.90710676842139,32.419839840072235,10.75268817204301,58.3,0.65
e248a5bced2a194aab2051a92cf74d1d,DTLA Zone,Baseball,2028-07-13,-1,11:00,14:00,2028-07-13 11:00:00-07,2028-07-13 14:00:00-07,scheduled,,3.1,dodger_stadium,Dodger Stadium,outdoor,la_metro,34.074_-118.24,34.0736255,-118.2398452,true,77,26.711833407319414,27.77800773278031,28.924779853420457,25.87354606707796,30.5,0.0,0.0,0.0,green,1,0.7157546100855401,0.12754781312621502,0.17472194450716344,136948.0,45.93319292054734,0.29604478539991064,74.0,0.021505376344086023,63.7541617441009,48.14382022195049,71.57546100855402,52.960447853999106,10.75268817204301,55.0,1.0
46b18cd57f089b27f2884623a2e31bce,Exposition Park Zone,Flag Football,2028-07-17,3,19:00,22:15,2028-07-17 19:00:00-07,2028-07-17 22:15:00-07,scheduled,,3.1,bmo_stadium,BMO Stadium,outdoor,la_metro,34.013_-118.284,34.012814,-118.2840892,true,77,21.03473809097657,22.486270887183927,24.109748420411737,24.031509700539118,22.6,0.0,0.0,0.0,none,0,0.889761315639675,0.08244607076326733,0.18066424292001207,227191.0,44.454678368927794,-2.33653947573314,71.0,0.021505376344086023,20.379269567081373,33.04516147982884,88.9761315639675,26.634605242668595,10.75268817204301,36.9,1.0
04ba3207a41918b5cdde2ec31a9aea94,Exposition Park Zone,Lacrosse,2028-07-24,10,18:30,22:00,2028-07-24 18:30:00-07,2028-07-24 22:00:00-07,scheduled,,3.1,bmo_stadium,BMO Stadium,outdoor,la_metro,34.013_-118.284,34.012814,-118.2840892,true,77,21.18761093539648,23.645158552839323,26.34508075944907,24.903360446873343,23.0,0.0,0.0,0.0,none,0,0.889761315639675,0.08244607076326733,0.18066424292001207,227191.0,44.454678368927794,-2.33653947573314,71.0,0.021505376344086023,29.878348793764946,40.19147907273232,88.9761315639675,26.634605242668595,10.75268817204301,42.0,1.0
9c341a9f10a99ab5be5b042925444547,Exposition Park Zone,Lacrosse,2028-07-25,11,18:30,22:00,2028-07-25 18:30:00-07,2028-07-25 22:00:00-07,scheduled,,3.1,bmo_stadium,BMO Stadium,outdoor,la_metro,34.013_-118.284,34.012814,-118.2840892,true,77,21.18761093539648,23.645158552839323,26.34508075944907,24.903360446873343,23.0,0.0,0.0,0.0,none,0,0.889761315639675,0.08244607076326733,0.18066424292001207,227191.0,44.454678368927794,-2.33653947573314,71.0,0.021505376344086023,29.878348793764946,40.19147907273232,88.9761315639675,26.634605242668595,10.75268817204301,42.0,1.0
a0300537e66195bb9df0c9140c2b937a,Exposition Park Zone,Lacrosse,2028-07-28,14,18:30,22:00,2028-07-28 18:30:00-07,2028-07-28 22:00:00-07,scheduled,,3.1,bmo_stadium,BMO Stadium,outdoor,la_metro,34.013_-118.284,34.012814,-118.2840892,true,77,21.073907818932902,23.429956050932322,24.269255948890727,24.872233687574006,22.9,0.0,0.0,0.0,none,0,0.889761315639675,0.08244607076326733,0.18066424292001207,227191.0,44.454678368927794,-2.33653947573314,71.0,0.021505376344086023,28.114393860101,39.93634170142628,88.9761315639675,26.634605242668595,10.75268817204301,41.4,1.0
efd404fae502ad05f117a52c36cab6ac,Pomona Zone,Cricket,2028-07-16,2,09:00,12:30,2028-07-16 09:00:00-07,2028-07-16 12:30:00-07,scheduled,,3.1,fairplex_cricket,Fairgrounds Cricket Stadium (Fairplex),outdoor,la_metro,34.087_-117.767,34.0870515,-117.7668542,true,77,26.7676987777175,28.54365462053378,29.66623655435405,22.6167106846481,30.5,0.012987012987012988,0.0,0.0,green,1,0.7307144233518286,0.1444376036552249,0.06587964703957196,61516.0,47.23916496816421,1.1143602628049933,156.0,0.4327956989247312,70.02995590601458,21.448448234820503,73.07144233518285,61.14360262804993,100.0,60.6,1.0
8b3cdff9bac8b85214895859de8474fe,Pomona Zone,Cricket,2028-07-25,11,09:00,12:30,2028-07-25 09:00:00-07,2028-07-25 12:30:00-07,scheduled,,3.1,fairplex_cricket,Fairgrounds Cricket Stadium (Fairplex),outdoor,la_metro,34.087_-117.767,34.0870515,-117.7668542,true,77,27.304649304674573,29.900733888549986,30.85718250976833,23.478074949921105,30.6,0.15584415584415584,0.0,0.0,yellow,2,0.7307144233518286,0.1444376036552249,0.06587964703957196,61516.0,47.23916496816421,1.1143602628049933,156.0,0.4327956989247312,81.15355646352448,28.50881106492709,73.07144233518285,61.14360262804993,100.0,66.3,1.0
9cc371ad442102fd9335ffb3ada05417,Pomona Zone,Cricket,2028-07-26,12,18:00,21:30,2028-07-26 18:00:00-07,2028-07-26 21:30:00-07,scheduled,,3.1,fairplex_cricket,Fairgrounds Cricket Stadium (Fairplex),outdoor,la_metro,34.087_-117.767,34.0870515,-117.7668542,true,77,24.59351189742258,26.439859520981216,27.929964776298483,27.801383862742334,29.3,0.0,0.0,0.0,none,0,0.7307144233518286,0.1444376036552249,0.06587964703957196,61516.0,47.23916496816421,1.1143602628049933,156.0,0.4327956989247312,52.78573377853456,63.94576936674044,73.07144233518285,61.14360262804993,100.0,65.2,1.0
8cf5e257e41f381185b064ef304b8799,Pomona Zone,Cricket,2028-07-27,13,09:00,12:30,2028-07-27 09:00:00-07,2028-07-27 12:30:00-07,scheduled,,3.1,fairplex_cricket,Fairgrounds Cricket Stadium (Fairplex),outdoor,la_metro,34.087_-117.767,34.0870515,-117.7668542,true,77,27.31840814393538,29.825992298450004,31.1074076768444,23.514192490131798,30.5,0.15584415584415584,0.012987012987012988,0.0,yellow,2,0.7307144233518286,0.1444376036552249,0.06587964703957196,61516.0,47.23916496816421,1.1143602628049933,156.0,0.4327956989247312,80.5409204790984,28.804856476490148,73.07144233518285,61.14360262804993,100.0,66.1,1.0
67ef8d89d0524dd74f0da3618f20e74c,Exposition Park Zone,Badminton,2028-07-21,7,16:00,23:05,2028-07-21 16:00:00-07,2028-07-21 23:05:00-07,scheduled,,3.1,galen_center,Galen Center,indoor,la_metro,34.021_-118.28,34.020753,-118.2797965,true,77,,,,27.26302472194348,26.8,0.0,0.0,0.0,indoor,,0.880924266400335,0.08445838018839198,0.19996670316057882,219220.0,44.8627076408096,-2.06563381306729,71.0,0.021505376344086023,,59.53298952412689,88.09242664003351,29.343661869327097,10.75268817204301,56.2,0.65
4fd20020d0f725054048dbca90922ab2,Anaheim Zone,Volleyball,2028-07-16,2,13:00,15:30,2028-07-16 13:00:00-07,2028-07-16 15:30:00-07,scheduled,,3.1,honda_center,Honda Center,indoor,la_metro,33.808_-117.877,33.8078316,-117.876534,true,77,,,,27.110715044870624,28.4,0.0,0.0,0.0,indoor,,0.6492647210536929,0.10353301803233088,0.039734922549210024,65718.0,47.43342904084868,0.4938292016918844,50.0,0.008064516129032258,,58.28454954811987,64.9264721053693,54.938292016918844,4.032258064516129,51.5,0.65
b55af3ffcdffad47acc92b9283cdae5c,Anaheim Zone,Volleyball,2028-07-17,3,21:00,23:30,2028-07-17 21:00:00-07,2028-07-17 23:30:00-07,scheduled,,3.1,honda_center,Honda Center,indoor,la_metro,33.808_-117.877,33.8078316,-117.876534,true,77,,,,21.144325379265602,20.4,0.0,0.0,0.0,indoor,,0.6492647210536929,0.10353301803233088,0.039734922549210024,65718.0,47.43342904084868,0.4938292016918844,50.0,0.008064516129032258,,9.379716223488543,64.9264721053693,54.938292016918844,4.032258064516129,32.7,0.65
d3122a42ebbbd21abaae9e4559e0152a,Anaheim Zone,Volleyball,2028-07-19,5,09:00,11:30,2028-07-19 09:00:00-07,2028-07-19 11:30:00-07,scheduled,,3.1,honda_center,Honda Center,indoor,la_metro,33.808_-117.877,33.8078316,-117.876534,true,77,,,,22.234997527997294,26.5,0.0,0.0,0.0,indoor,,0.6492647210536929,0.10353301803233088,0.039734922549210024,65718.0,47.43342904084868,0.4938292016918844,50.0,0.008064516129032258,,18.319651868830277,64.9264721053693,54.938292016918844,4.032258064516129,36.1,0.65
918c243536c79160c5c1a3d856a98016,Anaheim Zone,Volleyball,2028-07-20,6,17:00,19:30,2028-07-20 17:00:00-07,2028-07-20 19:30:00-07,scheduled,,3.1,honda_center,Honda Center,indoor,la_metro,33.808_-117.877,33.8078316,-117.876534,true,77,,,,26.911454863815763,26.7,0.0,0.0,0.0,indoor,,0.6492647210536929,0.10353301803233088,0.039734922549210024,65718.0,47.43342904084868,0.4938292016918844,50.0,0.008064516129032258,,56.65126937553905,64.9264721053693,54.938292016918844,4.032258064516129,50.8,0.65
893d68e13a41b3abf2248b253fa476b3,DTLA Zone,Table Tennis,2028-07-16,2,20:15,23:15,2028-07-16 20:15:00-07,2028-07-16 23:15:00-07,scheduled,,3.1,la_convention_center,Los Angeles Convention Center,indoor,la_metro,34.041_-118.269,34.0414677,-118.2689803,true,77,,,,21.383834279055435,21.2,0.0,0.0,0.0,indoor,,0.8429400714333551,0.10879754283099419,0.3231605710375201,251468.0,45.231211044975936,-1.3487515220421429,74.0,0.021505376344086023,,11.342903926683894,84.29400714333552,36.51248477957857,10.75268817204301,37.6,0.65
a23bc2474c1ad4d8b5a38b357b6b6180,Exposition Park Zone,Athletics (Track & Field),2028-07-17,3,16:30,19:30,2028-07-17 16:30:00-07,2028-07-17 19:30:00-07,scheduled,gold,3.1,la_coliseum,Los Angeles Memorial Coliseum,outdoor,la_metro,34.014_-118.288,34.0139159,-118.2877996,true,77,23.31730449053162,25.134537163953997,26.77981047066061,25.582205822252487,25.4,0.0,0.0,0.0,none,0,0.8842784729266543,0.0861414204475082,0.1814579007213871,223828.0,43.448269839247956,-3.1241998908030304,71.0,0.021505376344086023,42.08637019634424,45.75578542829907,88.42784729266543,18.758001091969696,10.75268817204301,46.8,1.0
60e883eccd3c02bf05d51bf407989d58,Exposition Park Zone,Athletics (Track & Field),2028-07-19,5,09:35,12:00,2028-07-19 09:35:00-07,2028-07-19 12:00:00-07,scheduled,gold,3.1,la_coliseum,Los Angeles Memorial Coliseum,outdoor,la_metro,34.014_-118.288,34.0139159,-118.2877996,true,77,26.278496042069094,27.62901198841492,28.975680431766417,24.534632644574014,28.2,0.0,0.0,0.0,green,1,0.8842784729266543,0.0861414204475082,0.1814579007213871,223828.0,43.448269839247956,-3.1241998908030304,71.0,0.021505376344086023,62.53288515094197,37.16912003749192,88.42784729266543,18.758001091969696,10.75268817204301,51.8,1.0
a29d3a06071dce2a7e977d7bc2cc6552,Exposition Park Zone,Athletics (Track & Field),2028-07-20,6,09:30,12:00,2028-07-20 09:30:00-07,2028-07-20 12:00:00-07,scheduled,gold,3.1,la_coliseum,Los Angeles Memorial Coliseum,outdoor,la_metro,34.014_-118.288,34.0139159,-118.2877996,true,77,26.36987694503151,27.967305454007327,30.52164503045867,24.900218067876352,28.2,0.025974025974025976,0.0,0.0,green,1,0.8842784729266543,0.0861414204475082,0.1814579007213871,223828.0,43.448269839247956,-3.1241998908030304,71.0,0.021505376344086023,65.30578240989612,40.165721867838954,88.42784729266543,18.758001091969696,10.75268817204301,53.5,1.0
1235e811e24cd43ef99cacd652ed9931,Long Beach Zone,Water Polo,2028-07-12,-2,19:00,22:00,2028-07-12 19:00:00-07,2028-07-12 22:00:00-07,scheduled,,3.1,lb_aquatics,Long Beach Aquatics Center,outdoor,la_metro,33.765_-118.191,33.7647297,-118.1906881,true,77,21.027406474284533,22.20395245535836,22.993450584069496,23.530609861763256,21.9,0.0,0.0,0.0,none,0,0.7801262996131555,0.09415469660013052,0.16332926682508087,104578.0,41.78719308315273,-2.5038959552027364,44.0,0.0,18.06518406031441,28.939425096420134,78.01262996131555,24.961040447972636,0.0,31.7,1.0
cedc2bad90b934996f7817e2dd4864bf,Long Beach Zone,Water Polo,2028-07-20,6,17:00,20:00,2028-07-20 17:00:00-07,2028-07-20 20:00:00-07,scheduled,,3.1,lb_aquatics,Long Beach Aquatics Center,outdoor,la_metro,33.765_-118.191,33.7647297,-118.1906881,true,77,23.44360501661881,25.123082036587633,27.041653086456677,25.87583071194801,24.7,0.0,0.0,0.0,none,0,0.7801262996131555,0.09415469660013052,0.16332926682508087,104578.0,41.78719308315273,-2.5038959552027364,44.0,0.0,41.99247570973469,48.162546819245975,78.01262996131555,24.961040447972636,0.0,44.8,1.0
960bf41f1737b885aa8e70ded80ad96a,Long Beach Zone,Water Polo,2028-07-23,9,11:30,13:00,2028-07-23 11:30:00-07,2028-07-23 13:00:00-07,scheduled,bronze,3.1,lb_aquatics,Long Beach Aquatics Center,outdoor,la_metro,33.765_-118.191,33.7647297,-118.1906881,true,77,24.989211389206577,27.376789323131906,28.495712639845497,26.819539668782188,25.7,0.0,0.0,0.0,green,1,0.7801262996131555,0.09415469660013052,0.16332926682508087,104578.0,41.78719308315273,-2.5038959552027364,44.0,0.0,60.465486255179556,55.897866137558914,78.01262996131555,24.961040447972636,0.0,53.2,1.0
4df88e4146e6cb27665a9afcf87ee721,Long Beach Zone,Handball,2028-07-16,2,09:00,12:30,2028-07-16 09:00:00-07,2028-07-16 12:30:00-07,scheduled,,3.1,lb_arena,Long Beach Arena,indoor,la_metro,33.764_-118.188,33.7640942,-118.1883741,true,77,,,,22.044874774776776,24.5,0.0,0.0,0.0,indoor,,0.7738358699694163,0.09577072861356313,0.16007091093644696,107248.0,41.9957896607921,-2.275732057342644,44.0,0.0,,16.76126864571128,77.38358699694163,27.242679426573556,0.0,34.4,0.65
599f1251c6a02c2001d55c9a3981d20c,Long Beach Zone,Handball,2028-07-18,4,09:00,12:30,2028-07-18 09:00:00-07,2028-07-18 12:30:00-07,scheduled,,3.1,lb_arena,Long Beach Arena,indoor,la_metro,33.764_-118.188,33.7640942,-118.1883741,true,77,,,,22.667961048459052,24.5,0.0,0.0,0.0,indoor,,0.7738358699694163,0.09577072861356313,0.16007091093644696,107248.0,41.9957896607921,-2.275732057342644,44.0,0.0,,21.86853318409059,77.38358699694163,27.242679426573556,0.0,36.4,0.65
e2194cbcec2a54b54b69a4aa1acd7516,Long Beach Zone,Handball,2028-07-24,10,19:30,21:30,2028-07-24 19:30:00-07,2028-07-24 21:30:00-07,scheduled,,3.1,lb_arena,Long Beach Arena,indoor,la_metro,33.764_-118.188,33.7640942,-118.1883741,true,77,,,,23.09701026141429,20.9,0.0,0.0,0.0,indoor,,0.7738358699694163,0.09577072861356313,0.16007091093644696,107248.0,41.9957896607921,-2.275732057342644,44.0,0.0,,25.385330011592544,77.38358699694163,27.242679426573556,0.0,37.8,0.65
79186d7fb98458595a0bf79ccfc8c969,Long Beach Zone,Climbing,2028-07-28,14,13:45,15:00,2028-07-28 13:45:00-07,2028-07-28 15:00:00-07,scheduled,gold,3.1,lb_climbing,Long Beach Climbing Theater,outdoor,la_metro,33.765_-118.191,33.7647297,-118.1906881,true,77,24.848678794582884,26.878957291658875,27.80961160097388,26.943415609275604,25.5,0.0,0.0,0.0,green,1,0.7801262996131555,0.09415469660013052,0.16332926682508087,104578.0,41.78719308315273,-2.5038959552027364,44.0,0.0,56.38489583326947,56.91324269898036,78.01262996131555,24.961040447972636,0.0,52.1,1.0
2e8b329ab686e5c67f1a0446c27d51be,Long Beach Zone,Climbing,2028-07-29,15,09:30,10:45,2028-07-29 09:30:00-07,2028-07-29 10:45:00-07,scheduled,gold,3.1,lb_climbing,Long Beach Climbing Theater,outdoor,la_metro,33.765_-118.191,33.7647297,-118.1906881,true,77,23.99345312671328,25.704691480547982,27.674350632349544,24.428614208168778,23.2,0.0,0.0,0.0,none,0,0.7801262996131555,0.09415469660013052,0.16332926682508087,104578.0,41.78719308315273,-2.5038959552027364,44.0,0.0,46.759766233999855,36.30011646039982,78.01262996131555,24.961040447972636,0.0,43.5,1.0
9f8a110f623e511be347fe0005157287,Long Beach Zone,Shooting (Rifle & Pistol),2028-07-15,1,13:45,21:00,2028-07-15 13:45:00-07,2028-07-15 21:00:00-07,scheduled,gold,3.1,lb_shooting_hall,Long Beach Target Shooting Hall,indoor,la_metro,33.765_-118.191,33.7647297,-118.1906881,true,77,,,,25.63062627167826,25.7,0.0,0.0,0.0,indoor,,0.7801262996131555,0.09415469660013052,0.16332926682508087,104578.0,41.78719308315273,-2.5038959552027364,44.0,0.0,,46.15267435801852,78.01262996131555,24.961040447972636,0.0,45.6,0.65
1d1081814ba0660f82c4f399253898ca,Long Beach Zone,Canoe Sprint,2028-07-28,14,09:00,12:40,2028-07-28 09:00:00-07,2028-07-28 12:40:00-07,scheduled,gold,3.1,marine_stadium,Marine Stadium,outdoor,la_metro,33.766_-118.127,33.7658713,-118.1268662,true,77,25.028878187580993,26.768106097248552,28.810519532345122,22.86310493427393,25.4,0.0,0.0,0.0,green,1,0.238919204098983,0.16645636928537386,0.03847797848994337,72741.0,39.278168418526626,-3.8697284565432284,44.0,0.0,55.47627948564388,23.468073231753532,23.8919204098983,11.302715434567716,0.0,31.2,1.0
25bbfe3c1b2afa4ffefde322db8eb42d,DTLA Zone,Boxing - Preliminary Stages,2028-07-16,2,19:00,22:00,2028-07-16 19:00:00-07,2028-07-16 22:00:00-07,scheduled,,3.1,peacock_theater,Peacock Theater,indoor,la_metro,34.045_-118.267,34.0445026,-118.2670716,true,77,,,,24.911945995075346,24.7,0.0,0.0,0.0,indoor,,0.8362896053815339,0.11167189175274518,0.3209798271133104,255553.0,44.59364344327564,-2.0377940076130585,74.0,0.021505376344086023,,40.26185241865038,83.62896053815338,29.622059923869415,10.75268817204301,47.4,0.65
274cdb4fcc57ef35881fd969a70204a5,DTLA Zone,Boxing - Preliminary Stages,2028-07-22,8,12:00,15:00,2028-07-22 12:00:00-07,2028-07-22 15:00:00-07,scheduled,,3.1,peacock_theater,Peacock Theater,indoor,la_metro,34.045_-118.267,34.0445026,-118.2670716,true,77,,,,28.13975854529651,31.5,0.0,0.0,0.0,indoor,,0.8362896053815339,0.11167189175274518,0.3209798271133104,255553.0,44.59364344327564,-2.0377940076130585,74.0,0.021505376344086023,,66.71933233849597,83.62896053815338,29.622059923869415,10.75268817204301,57.6,0.65
e1dfd0e112b6e572486012946fad2750,DTLA Zone,Weightlifting,2028-07-25,11,16:50,19:00,2028-07-25 16:50:00-07,2028-07-25 19:00:00-07,scheduled,gold,3.1,peacock_theater,Peacock Theater,indoor,la_metro,34.045_-118.267,34.0445026,-118.2670716,true,77,,,,27.617415726112476,28.5,0.0,0.0,0.0,indoor,,0.8362896053815339,0.11167189175274518,0.3209798271133104,255553.0,44.59364344327564,-2.0377940076130585,74.0,0.021505376344086023,,62.437833820594065,83.62896053815338,29.622059923869415,10.75268817204301,56.0,0.65
7d37b39f1c9b534cafdc712768f6d08a,DTLA Zone,Weightlifting,2028-07-26,12,14:10,19:00,2028-07-26 14:10:00-07,2028-07-26 19:00:00-07,scheduled,gold,3.1,peacock_theater,Peacock Theater,indoor,la_metro,34.045_-118.267,34.0445026,-118.2670716,true,77,,,,28.98309491325432,30.4,0.0,0.0,0.0,indoor,,0.8362896053815339,0.11167189175274518,0.3209798271133104,255553.0,44.59364344327564,-2.0377940076130585,74.0,0.021505376344086023,,73.63192551847804,83.62896053815338,29.622059923869415,10.75268817204301,60.3,0.65
255dd395061b7e90bb0aee4cce132c47,Port of Los Angeles Zone,"Sailing (Dinghy, Skiff & Multihull)",2028-07-28,14,14:00,17:00,2028-07-28 14:00:00-07,2028-07-28 17:00:00-07,scheduled,gold,3.1,port_of_la,Port of Los Angeles (sailing),outdoor,la_metro,33.724_-118.283,33.7239147,-118.2825205,true,77,24.698265137110297,26.72667537442382,27.70177392319131,26.84605751600212,24.5,0.0,0.0,0.0,green,1,0.6237465795178386,0.13942373275072925,0.1003758026912893,62846.0,42.343694402334236,-0.8761665694736465,44.0,0.0,55.13668339691657,56.11522554100098,62.37465795178386,41.238334305263535,0.0,49.9,1.0
dd698bc420b274cc52c39e7e794fcc8e,Pasadena Zone,Diving,2028-07-27,13,14:00,15:00,2028-07-27 14:00:00-07,2028-07-27 15:00:00-07,scheduled,gold,3.1,rose_bowl_aquatics,Rose Bowl Aquatics Center,outdoor,la_metro,34.151_-118.164,34.1512722,-118.1643208,true,77,28.102290011145655,30.159165097331513,31.61844993653087,30.079140488185317,31.4,0.24675324675324675,0.03896103896103896,0.0,yellow,2,0.5243720253796974,0.17175720663632174,0.1118154541255828,66806.0,39.53865394650686,-2.5830604621436777,126.0,0.22043010752688172,83.27184506009438,82.61590564086325,52.43720253796974,24.169395378563223,100.0,72.7,1.0
19f86f4ffaa2334c027e068386e20e72,Arcadia Zone,Equestrian,2028-07-29,15,09:00,11:00,2028-07-29 09:00:00-07,2028-07-29 11:00:00-07,scheduled,gold,3.1,santa_anita,Santa Anita Park,outdoor,la_metro,34.139_-118.046,34.1389561,-118.0458874,true,77,26.929558090023797,28.59246388113167,30.17439985128199,23.70290933663637,28.5,0.012987012987012988,0.0,0.0,green,1,0.45412308101810017,0.18293394712012578,0.0417705268159025,64700.0,46.43810342368866,1.9522025554512332,126.0,0.22311827956989247,70.43003181255469,30.351715874068613,45.41230810181002,69.52202555451234,100.0,58.3,1.0
7b05682ab336ae32e41834a5b93621ba,Valley Zone,Modern Pentathlon,2028-07-15,1,09:00,13:30,2028-07-15 09:00:00-07,2028-07-15 13:30:00-07,scheduled,,3.1,sepulveda_basin_2,Valley Complex 2 (Sepulveda Basin),outdoor,la_metro,34.173_-118.487,34.1733026,-118.4868622,true,77,27.101773349930887,28.827504497293,31.829576275231233,23.086443937056195,30.2,0.03896103896103896,0.012987012987012988,0.0,green,1,0.5125414368774284,0.1421575817408121,0.0671343166412166,66043.0,39.22821859281644,-6.8142964041277025,129.0,0.29838709677419356,72.35659424010656,25.298720795542586,51.25414368774284,0.0,100.0,51.9,1.0
d8403ae77692fad7a25248e989a9ba9b,Valley Zone,3x3 Basketball,2028-07-17,3,14:00,16:00,2028-07-17 14:00:00-07,2028-07-17 16:00:00-07,scheduled,,3.1,sepulveda_basin_3,Valley Complex 3 (Sepulveda Basin),outdoor,la_metro,34.173_-118.487,34.1733026,-118.4868622,true,77,26.704553727058503,28.400854923771117,29.25631381204223,28.584087632202674,30.6,0.0,0.0,0.0,green,1,0.5125414368774284,0.1421575817408121,0.0671343166412166,66043.0,39.22821859281644,-6.8142964041277025,129.0,0.29838709677419356,68.85946658828786,70.36137403444815,51.25414368774284,0.0,100.0,61.9,1.0
ebd802f7d7e43b864c694dc9fd7b9f6c,Whittier Narrows Zone,Shooting (Shotgun),2028-07-24,10,09:30,16:45,2028-07-24 09:30:00-07,2028-07-24 16:45:00-07,scheduled,gold,3.1,whittier_narrows,Whittier Narrows Clay Shooting Center,outdoor,la_metro,34.035_-118.051,34.03502,-118.0510434,true,77,27.763577551915333,30.009288893818105,31.418800171652144,25.599474987264383,32.0,0.19480519480519481,0.025974025974025976,0.0,yellow,2,0.737510568877609,0.15015709683397863,0.06567339261203715,40332.0,42.338014644481206,-3.0637092939680954,87.0,0.0456989247311828,82.04335158867299,45.89733596118347,73.7510568877609,19.362907060319046,22.849462365591396,59.2,1.0
aac50879c689c4f126459a5eed90e54e,Long Beach Zone,Beach Volleyball,2028-07-21,7,09:00,12:00,2028-07-21 09:00:00-07,2028-07-21 12:00:00-07,scheduled,,3.1,alamitos_beach,Alamitos Beach Stadium,outdoor,la_metro,33.762_-118.178,33.7622,-118.178,true,77,24.897030851773245,27.33109162086414,28.537623402738323,23.257276888941306,25.1,0.0,0.0,0.0,green,1,0.722444167544943,0.09900287134830982,0.1447523855740016,119359.0,40.29293224720002,-3.915892902295056,44.0,0.0,60.090914925115904,26.698990892961522,72.2444167544943,10.84107097704944,0.0,43.2,1.0
5df50d17264a9fd9c838c0fb4295fabd,Long Beach Zone,Beach Volleyball,2028-07-23,9,21:00,23:00,2028-07-23 21:00:00-07,2028-07-23 23:00:00-07,scheduled,,3.1,alamitos_beach,Alamitos Beach Stadium,outdoor,la_metro,33.762_-118.178,33.7622,-118.178,true,77,18.611453155487666,20.523134485729585,21.835465454963735,21.882708079536147,20.5,0.0,0.0,0.0,none,0,0.722444167544943,0.09900287134830982,0.1447523855740016,119359.0,40.29293224720002,-3.915892902295056,44.0,0.0,4.28798758794742,15.432033438820882,72.2444167544943,10.84107097704944,0.0,20.9,1.0
b90cb43c8d3e01219e57e1352e76d5fd,Long Beach Zone,Beach Volleyball,2028-07-24,10,17:00,19:00,2028-07-24 17:00:00-07,2028-07-24 19:00:00-07,scheduled,,3.1,alamitos_beach,Alamitos Beach Stadium,outdoor,la_metro,33.762_-118.178,33.7622,-118.178,true,77,23.708415270184155,25.697444097045953,27.12479854647758,26.519875474588606,24.7,0.0,0.0,0.0,none,0,0.722444167544943,0.09900287134830982,0.1447523855740016,119359.0,40.29293224720002,-3.915892902295056,44.0,0.0,46.700361451196336,53.441602250726284,72.2444167544943,10.84107097704944,0.0,45.2,1.0
554c391386c421d732413c940bf83ea3,Carson Zone,Tennis,2028-07-20,6,11:00,16:30,2028-07-20 11:00:00-07,2028-07-20 16:30:00-07,scheduled,,3.1,carson_tennis,Carson Tennis Center (Dignity Health Sports Park),outdoor,la_metro,33.862_-118.263,33.8623767,-118.2629113,true,77,26.474781850774015,27.89519273441783,29.70606054470153,26.695403142283045,28.6,0.012987012987012988,0.0,0.0,green,1,0.6024817596311259,0.18387482189886747,0.036071101931309975,48804.0,43.99505605118883,-2.327804008098596,47.0,0.0,64.71469454440845,54.880353625270864,60.248175963112594,26.721959919014036,0.0,51.1,1.0
550e5a60c6ed6583e66fe0571822c7cd,Carson Zone,Tennis,2028-07-20,6,11:00,20:00,2028-07-20 11:00:00-07,2028-07-20 20:00:00-07,scheduled,,3.1,carson_tennis,Carson Tennis Center (Dignity Health Sports Park),outdoor,la_metro,33.862_-118.263,33.8623767,-118.2629113,true,77,26.474781850774015,27.89519273441783,29.70606054470153,26.695403142283045,28.6,0.012987012987012988,0.0,0.0,green,1,0.6024817596311259,0.18387482189886747,0.036071101931309975,48804.0,43.99505605118883,-2.327804008098596,47.0,0.0,64.71469454440845,54.880353625270864,60.248175963112594,26.721959919014036,0.0,51.1,1.0
674cf19d5e40461d302d0318d18fdbf0,Carson Zone,Tennis,2028-07-20,6,11:00,20:00,2028-07-20 11:00:00-07,2028-07-20 20:00:00-07,scheduled,,3.1,carson_tennis,Carson Tennis Center (Dignity Health Sports Park),outdoor,la_metro,33.862_-118.263,33.8623767,-118.2629113,true,77,26.474781850774015,27.89519273441783,29.70606054470153,26.695403142283045,28.6,0.012987012987012988,0.0,0.0,green,1,0.6024817596311259,0.18387482189886747,0.036071101931309975,48804.0,43.99505605118883,-2.327804008098596,47.0,0.0,64.71469454440845,54.880353625270864,60.248175963112594,26.721959919014036,0.0,51.1,1.0
17fbf14f40130ac415d964f06adccefe,Carson Zone,Tennis,2028-07-20,6,11:00,20:00,2028-07-20 11:00:00-07,2028-07-20 20:00:00-07,scheduled,,3.1,carson_tennis,Carson Tennis Center (Dignity Health Sports Park),outdoor,la_metro,33.862_-118.263,33.8623767,-118.2629113,true,77,26.474781850774015,27.89519273441783,29.70606054470153,26.695403142283045,28.6,0.012987012987012988,0.0,0.0,green,1,0.6024817596311259,0.18387482189886747,0.036071101931309975,48804.0,43.99505605118883,-2.327804008098596,47.0,0.0,64.71469454440845,54.880353625270864,60.248175963112594,26.721959919014036,0.0,51.1,1.0
52f5ba5e333b85305eeef68b6cfc1818,Carson Zone,Tennis,2028-07-22,8,11:00,20:00,2028-07-22 11:00:00-07,2028-07-22 20:00:00-07,scheduled,,3.1,carson_tennis,Carson Tennis Center (Dignity Health Sports Park),outdoor,la_metro,33.862_-118.263,33.8623767,-118.2629113,true,77,26.54341645304201,28.48541464180665,30.07128645736658,27.19104676639684,29.1,0.03896103896103896,0.0,0.0,green,1,0.6024817596311259,0.18387482189886747,0.036071101931309975,48804.0,43.99505605118883,-2.327804008098596,47.0,0.0,69.55257903120204,58.94300628194132,60.248175963112594,26.721959919014036,0.0,53.8,1.0
680707b513578ef9dc87f6379d762fbb,Carson Zone,Tennis,2028-07-22,8,11:00,20:00,2028-07-22 11:00:00-07,2028-07-22 20:00:00-07,scheduled,,3.1,carson_tennis,Carson Tennis Center (Dignity Health Sports Park),outdoor,la_metro,33.862_-118.263,33.8623767,-118.2629113,true,77,26.54341645304201,28.48541464180665,30.07128645736658,27.19104676639684,29.1,0.03896103896103896,0.0,0.0,green,1,0.6024817596311259,0.18387482189886747,0.036071101931309975,48804.0,43.99505605118883,-2.327804008098596,47.0,0.0,69.55257903120204,58.94300628194132,60.248175963112594,26.721959919014036,0.0,53.8,1.0
e65b838d09daec431f1c458ce64dcea5,Carson Zone,Tennis,2028-07-22,8,11:00,20:00,2028-07-22 11:00:00-07,2028-07-22 20:00:00-07,scheduled,,3.1,carson_tennis,Carson Tennis Center (Dignity Health Sports Park),outdoor,la_metro,33.862_-118.263,33.8623767,-118.2629113,true,77,26.54341645304201,28.48541464180665,30.07128645736658,27.19104676639684,29.1,0.03896103896103896,0.0,0.0,green,1,0.6024817596311259,0.18387482189886747,0.036071101931309975,48804.0,43.99505605118883,-2.327804008098596,47.0,0.0,69.55257903120204,58.94300628194132,60.248175963112594,26.721959919014036,0.0,53.8,1.0
5a0da1062051f7c3f5372e2740127aae,Carson Zone,Tennis,2028-07-22,8,11:00,16:30,2028-07-22 11:00:00-07,2028-07-22 16:30:00-07,scheduled,,3.1,carson_tennis,Carson Tennis Center (Dignity Health Sports Park),outdoor,la_metro,33.862_-118.263,33.8623767,-118.2629113,true,77,26.54341645304201,28.48541464180665,30.07128645736658,27.19104676639684,29.1,0.03896103896103896,0.0,0.0,green,1,0.6024817596311259,0.18387482189886747,0.036071101931309975,48804.0,43.99505605118883,-2.327804008098596,47.0,0.0,69.55257903120204,58.94300628194132,60.248175963112594,26.721959919014036,0.0,53.8,1.0
289f901d9d2d08dc69b4efab222932c2,Carson Zone,Tennis,2028-07-23,9,18:30,23:30,2028-07-23 18:30:00-07,2028-07-23 23:30:00-07,scheduled,,3.1,carson_tennis,Carson Tennis Center (Dignity Health Sports Park),outdoor,la_metro,33.862_-118.263,33.8623767,-118.2629113,true,77,21.608552541174873,23.53762871599596,25.762170192527467,24.8896657111693,23.6,0.0,0.0,0.0,none,0,0.6024817596311259,0.18387482189886747,0.036071101931309975,48804.0,43.99505605118883,-2.327804008098596,47.0,0.0,28.996956688491487,40.07922714073197,60.248175963112594,26.721959919014036,0.0,34.9,1.0
43346b630103b378ee75592d3f38f10a,Carson Zone,Hockey,2028-07-26,12,09:00,11:00,2028-07-26 09:00:00-07,2028-07-26 11:00:00-07,scheduled,,3.1,carson_field,Carson Field (hockey),outdoor,la_metro,33.862_-118.263,33.8623767,-118.2629113,true,77,25.89483521882246,28.027997857169442,29.5031148450317,22.736816718205425,26.1,0.025974025974025976,0.0,0.0,green,1,0.6024817596311259,0.18387482189886747,0.036071101931309975,48804.0,43.99505605118883,-2.327804008098596,47.0,0.0,65.8032611243397,22.4329239197166,60.248175963112594,26.721959919014036,0.0,43.4,1.0
a6d1644a758b15049fe3bbaef1cfa2c7,Carson Zone,Archery,2028-07-23,9,09:30,12:35,2028-07-23 09:30:00-07,2028-07-23 12:35:00-07,scheduled,,3.1,carson_stadium,Carson Stadium (Dignity Health Sports Park),outdoor,la_metro,33.862_-118.263,33.8623767,-118.2629113,true,77,26.40433345478595,28.276817783196414,29.74501168488784,25.594105255525665,27.2,0.03896103896103896,0.0,0.0,green,1,0.6024817596311259,0.18387482189886747,0.036071101931309975,48804.0,43.99505605118883,-2.327804008098596,47.0,0.0,67.84276871472471,45.85332176660381,60.248175963112594,26.721959919014036,0.0,49.9,1.0
f13854bcc351f46478ed755ed94d2c0a,DTLA Zone,Baseball,2028-07-17,3,11:00,14:00,2028-07-17 11:00:00-07,2028-07-17 14:00:00-07,scheduled,,3.1,dodger_stadium,Dodger Stadium,outdoor,la_metro,34.074_-118.24,34.0736255,-118.2398452,true,77,26.500226509303747,27.851171380883244,29.445732530131284,25.526175258004454,30.6,0.012987012987012988,0.0,0.0,green,1,0.7157546100855401,0.12754781312621502,0.17472194450716344,136948.0,45.93319292054734,0.29604478539991064,74.0,0.021505376344086023,64.35386377773152,45.29651850823323,71.57546100855402,52.960447853999106,10.75268817204301,54.5,1.0
53f69e7f877f26da14f88b03fb9bd959,Exposition Park Zone,Lacrosse,2028-07-29,15,20:30,23:15,2028-07-29 20:30:00-07,2028-07-29 23:15:00-07,scheduled,gold,3.1,bmo_stadium,BMO Stadium,outdoor,la_metro,34.013_-118.284,34.012814,-118.2840892,true,77,18.41813828905003,20.474675365746513,21.287754639226897,21.77351939564649,21.1,0.0,0.0,0.0,none,0,0.889761315639675,0.08244607076326733,0.18066424292001207,227191.0,44.454678368927794,-2.33653947573314,71.0,0.021505376344086023,3.8907816864468323,14.53704422661056,88.9761315639675,26.634605242668595,10.75268817204301,26.5,1.0
b47668e5a6007189626bf62fa32b99e8,Pomona Zone,Cricket,2028-07-19,5,09:00,12:30,2028-07-19 09:00:00-07,2028-07-19 12:30:00-07,scheduled,bronze,3.1,fairplex_cricket,Fairgrounds Cricket Stadium (Fairplex),outdoor,la_metro,34.087_-117.767,34.0870515,-117.7668542,true,77,27.162261452866385,28.512526786932934,29.81299711907422,22.867361196158612,30.6,0.025974025974025976,0.0,0.0,green,1,0.7307144233518286,0.1444376036552249,0.06587964703957196,61516.0,47.23916496816421,1.1143602628049933,156.0,0.4327956989247312,69.77480972895847,23.502960624250917,73.07144233518285,61.14360262804993,100.0,61.0,1.0
b78fed1dc386e0853ce0e257c782e477,Exposition Park Zone,Badminton,2028-07-23,9,19:30,23:25,2028-07-23 19:30:00-07,2028-07-23 23:25:00-07,scheduled,bronze,3.1,galen_center,Galen Center,indoor,la_metro,34.021_-118.28,34.020753,-118.2797965,true,77,,,,23.670814990833232,21.7,0.0,0.0,0.0,indoor,,0.880924266400335,0.08445838018839198,0.19996670316057882,219220.0,44.8627076408096,-2.06563381306729,71.0,0.021505376344086023,,30.08864746584617,88.09242664003351,29.343661869327097,10.75268817204301,44.8,0.65
c75e4d01d3925f166654dbf2b822399b,Anaheim Zone,Volleyball,2028-07-15,1,21:00,23:30,2028-07-15 21:00:00-07,2028-07-15 23:30:00-07,scheduled,,3.1,honda_center,Honda Center,indoor,la_metro,33.808_-117.877,33.8078316,-117.876534,true,77,,,,20.740036890935446,20.3,0.0,0.0,0.0,indoor,,0.6492647210536929,0.10353301803233088,0.039734922549210024,65718.0,47.43342904084868,0.4938292016918844,50.0,0.008064516129032258,,6.065876155208576,64.9264721053693,54.938292016918844,4.032258064516129,31.4,0.65
519ac73b58539bb993b1831e97c1edfc,Anaheim Zone,Volleyball,2028-07-18,4,09:00,11:30,2028-07-18 09:00:00-07,2028-07-18 11:30:00-07,scheduled,,3.1,honda_center,Honda Center,indoor,la_metro,33.808_-117.877,33.8078316,-117.876534,true,77,,,,22.138680328463582,26.3,0.0,0.0,0.0,indoor,,0.6492647210536929,0.10353301803233088,0.039734922549210024,65718.0,47.43342904084868,0.4938292016918844,50.0,0.008064516129032258,,17.530166626750677,64.9264721053693,54.938292016918844,4.032258064516129,35.8,0.65
efa897c6c0dcdaf2336dc64105b814eb,Anaheim Zone,Volleyball,2028-07-22,8,17:00,19:30,2028-07-22 17:00:00-07,2028-07-22 19:30:00-07,scheduled,,3.1,honda_center,Honda Center,indoor,la_metro,33.808_-117.877,33.8078316,-117.876534,true,77,,,,27.285171819844237,26.9,0.0,0.0,0.0,indoor,,0.6492647210536929,0.10353301803233088,0.039734922549210024,65718.0,47.43342904084868,0.4938292016918844,50.0,0.008064516129032258,,59.714523113477355,64.9264721053693,54.938292016918844,4.032258064516129,52.0,0.65
e51c4ab0622a6402f609badf28831115,Inglewood Zone,Basketball,2028-07-16,2,12:00,16:15,2028-07-16 12:00:00-07,2028-07-16 16:15:00-07,scheduled,,3.1,intuit_dome,Intuit Dome,indoor,la_metro,33.944_-118.342,33.9442586,-118.3421719,true,77,,,,26.939540692968983,28.1,0.0,0.0,0.0,indoor,,0.7865262445201856,0.12097864688174088,0.08769264672004806,126876.0,44.7527136597483,-0.683253233979471,46.0,0.0,,56.881481089909705,78.65262445201856,43.16746766020529,0.0,52.7,0.65
672ace9bc7eca24ae996a07f706d6667,Inglewood Zone,Basketball,2028-07-21,7,12:00,16:15,2028-07-21 12:00:00-07,2028-07-21 16:15:00-07,scheduled,,3.1,intuit_dome,Intuit Dome,indoor,la_metro,33.944_-118.342,33.9442586,-118.3421719,true,77,,,,27.788340890337707,29.2,0.0,0.0,0.0,indoor,,0.7865262445201856,0.12097864688174088,0.08769264672004806,126876.0,44.7527136597483,-0.683253233979471,46.0,0.0,,63.83885975686646,78.65262445201856,43.16746766020529,0.0,55.4,0.65
c99504bf7d5ca498b176183278377f54,Inglewood Zone,Basketball,2028-07-23,9,13:00,15:00,2028-07-23 13:00:00-07,2028-07-23 15:00:00-07,scheduled,,3.1,intuit_dome,Intuit Dome,indoor,la_metro,33.944_-118.342,33.9442586,-118.3421719,true,77,,,,28.223510245812513,28.9,0.0,0.0,0.0,indoor,,0.7865262445201856,0.12097864688174088,0.08769264672004806,126876.0,44.7527136597483,-0.683253233979471,46.0,0.0,,67.4058216869878,78.65262445201856,43.16746766020529,0.0,56.8,0.65
93be968635c1c881dc115e4a809e50d8,Inglewood Zone,Basketball,2028-07-26,12,16:00,18:00,2028-07-26 16:00:00-07,2028-07-26 18:00:00-07,scheduled,,3.1,intuit_dome,Intuit Dome,indoor,la_metro,33.944_-118.342,33.9442586,-118.3421719,true,77,,,,27.082716785675313,26.6,0.0,0.0,0.0,indoor,,0.7865262445201856,0.12097864688174088,0.08769264672004806,126876.0,44.7527136597483,-0.683253233979471,46.0,0.0,,58.05505562028945,78.65262445201856,43.16746766020529,0.0,53.2,0.65
67cef034b129d713c68f5243c596dac2,Inglewood Zone,Basketball,2028-07-30,16,12:45,15:00,2028-07-30 12:45:00-07,2028-07-30 15:00:00-07,scheduled,gold,3.1,intuit_dome,Intuit Dome,indoor,la_metro,33.944_-118.342,33.9442586,-118.3421719,true,77,,,,28.0587431947307,28.7,0.0,0.0,0.0,indoor,,0.7865262445201856,0.12097864688174088,0.08769264672004806,126876.0,44.7527136597483,-0.683253233979471,46.0,0.0,,66.05527208795655,78.65262445201856,43.16746766020529,0.0,56.2,0.65
9d511f0cf895f51f2b9b1e65c5621806,DTLA Zone,Table Tennis,2028-07-15,1,10:00,13:00,2028-07-15 10:00:00-07,2028-07-15 13:00:00-07,scheduled,,3.1,la_convention_center,Los Angeles Convention Center,indoor,la_metro,34.041_-118.269,34.0414677,-118.2689803,true,77,,,,24.943689792072924,29.7,0.0,0.0,0.0,indoor,,0.8429400714333551,0.10879754283099419,0.3231605710375201,251468.0,45.231211044975936,-1.3487515220421429,74.0,0.021505376344086023,,40.52204747600757,84.29400714333552,36.51248477957857,10.75268817204301,48.8,0.65
4f51ddd783d985af88b5747113d2b027,DTLA Zone,Table Tennis,2028-07-17,3,10:00,13:00,2028-07-17 10:00:00-07,2028-07-17 13:00:00-07,scheduled,,3.1,la_convention_center,Los Angeles Convention Center,indoor,la_metro,34.041_-118.269,34.0414677,-118.2689803,true,77,,,,24.68449287421053,30.7,0.0,0.0,0.0,indoor,,0.8429400714333551,0.10879754283099419,0.3231605710375201,251468.0,45.231211044975936,-1.3487515220421429,74.0,0.021505376344086023,,38.39748257549615,84.29400714333552,36.51248477957857,10.75268817204301,48.0,0.65
a5a1411f3063034da2f296734dab2693,DTLA Zone,Table Tennis,2028-07-22,8,14:00,16:00,2028-07-22 14:00:00-07,2028-07-22 16:00:00-07,scheduled,,3.1,la_convention_center,Los Angeles Convention Center,indoor,la_metro,34.041_-118.269,34.0414677,-118.2689803,true,77,,,,29.06547838082214,31.3,0.0,0.0,0.0,indoor,,0.8429400714333551,0.10879754283099419,0.3231605710375201,251468.0,45.231211044975936,-1.3487515220421429,74.0,0.021505376344086023,,74.30719984280442,84.29400714333552,36.51248477957857,10.75268817204301,61.8,0.65
3be13c8f5920e6a345507f0526e73c29,DTLA Zone,Table Tennis,2028-07-28,14,12:30,15:00,2028-07-28 12:30:00-07,2028-07-28 15:00:00-07,scheduled,,3.1,la_convention_center,Los Angeles Convention Center,indoor,la_metro,34.041_-118.269,34.0414677,-118.2689803,true,77,,,,28.942057572769322,30.7,0.0,0.0,0.0,indoor,,0.8429400714333551,0.10879754283099419,0.3231605710375201,251468.0,45.231211044975936,-1.3487515220421429,74.0,0.021505376344086023,,73.29555387515838,84.29400714333552,36.51248477957857,10.75268817204301,61.4,0.65
eea612f1f7dd110d4dfafb54a75cd712,Long Beach Zone,Water Polo,2028-07-12,-2,14:30,17:30,2028-07-12 14:30:00-07,2028-07-12 17:30:00-07,scheduled,,3.1,lb_aquatics,Long Beach Aquatics Center,outdoor,la_metro,33.765_-118.191,33.7647297,-118.1906881,true,77,24.532865818946185,25.478145828926632,26.674070162138758,25.82496347324779,25.7,0.0,0.0,0.0,none,0,0.7801262996131555,0.09415469660013052,0.16332926682508087,104578.0,41.78719308315273,-2.5038959552027364,44.0,0.0,44.90283466333305,47.745602239736,78.01262996131555,24.961040447972636,0.0,45.8,1.0
eeb1fd307c0504dac1a259f90d7c43a8,Long Beach Zone,Water Polo,2028-07-15,1,10:00,13:00,2028-07-15 10:00:00-07,2028-07-15 13:00:00-07,scheduled,,3.1,lb_aquatics,Long Beach Aquatics Center,outdoor,la_metro,33.765_-118.191,33.7647297,-118.1906881,true,77,24.560141264389806,25.713510941976114,26.9036626769928,24.01108315958169,25.3,0.0,0.0,0.0,none,0,0.7801262996131555,0.09415469660013052,0.16332926682508087,104578.0,41.78719308315273,-2.5038959552027364,44.0,0.0,46.832056901443565,32.87773081624337,78.01262996131555,24.961040447972636,0.0,42.7,1.0
a3834b090ec31e82fa840707cbe6dd02,Long Beach Zone,Water Polo,2028-07-21,7,11:30,14:30,2028-07-21 11:30:00-07,2028-07-21 14:30:00-07,scheduled,,3.1,lb_aquatics,Long Beach Aquatics Center,outdoor,la_metro,33.765_-118.191,33.7647297,-118.1906881,true,77,25.288771957216984,27.376789323131906,28.495712639845497,26.817581488354016,26.0,0.0,0.0,0.0,green,1,0.7801262996131555,0.09415469660013052,0.16332926682508087,104578.0,41.78719308315273,-2.5038959552027364,44.0,0.0,60.465486255179556,55.8818154783116,78.01262996131555,24.961040447972636,0.0,53.2,1.0
0bc0a558f9b7c66e919a505ce1f62d93,Long Beach Zone,Handball,2028-07-15,1,09:00,12:30,2028-07-15 09:00:00-07,2028-07-15 12:30:00-07,scheduled,,3.1,lb_arena,Long Beach Arena,indoor,la_metro,33.764_-118.188,33.7640942,-118.1883741,true,77,,,,22.044874774776776,24.5,0.0,0.0,0.0,indoor,,0.7738358699694163,0.09577072861356313,0.16007091093644696,107248.0,41.9957896607921,-2.275732057342644,44.0,0.0,,16.76126864571128,77.38358699694163,27.242679426573556,0.0,34.4,0.65
9c41e545f178270651974513c572fddb,Long Beach Zone,Climbing,2028-07-25,11,18:45,20:00,2028-07-25 18:45:00-07,2028-07-25 20:00:00-07,scheduled,,3.1,lb_climbing,Long Beach Climbing Theater,outdoor,la_metro,33.765_-118.191,33.7647297,-118.1906881,true,77,21.33772100406086,22.91097205396886,25.111788611533967,24.3713190852284,22.2,0.0,0.0,0.0,none,0,0.7801262996131555,0.09415469660013052,0.16332926682508087,104578.0,41.78719308315273,-2.5038959552027364,44.0,0.0,23.860426671875892,35.830484305150826,78.01262996131555,24.961040447972636,0.0,35.4,1.0
0b22e4fb77a1ab7150100731bfeb5a83,Long Beach Zone,Rowing,2028-07-19,5,08:00,10:10,2028-07-19 08:00:00-07,2028-07-19 10:10:00-07,scheduled,gold,3.1,marine_stadium,Marine Stadium,outdoor,la_metro,33.766_-118.127,33.7658713,-118.1268662,true,77,23.54365882957205,25.295699293986637,27.547613043087335,20.321958254060473,22.8,0.0,0.0,0.0,none,0,0.238919204098983,0.16645636928537386,0.03847797848994337,72741.0,39.278168418526626,-3.8697284565432284,44.0,0.0,43.40737126218555,2.639002082462891,23.8919204098983,11.302715434567716,0.0,21.8,1.0
c8b2fd1fe1e19e6e6d142c05c7287fd9,DTLA Zone,Boxing - Preliminary Stages,2028-07-17,3,12:00,15:00,2028-07-17 12:00:00-07,2028-07-17 15:00:00-07,scheduled,,3.1,peacock_theater,Peacock Theater,indoor,la_metro,34.045_-118.267,34.0445026,-118.2670716,true,77,,,,27.25215072877598,31.0,0.0,0.0,0.0,indoor,,0.8362896053815339,0.11167189175274518,0.3209798271133104,255553.0,44.59364344327564,-2.0377940076130585,74.0,0.021505376344086023,,59.443858432590005,83.62896053815338,29.622059923869415,10.75268817204301,54.8,0.65
6004763e554373122b814c7c4b68687c,DTLA Zone,Boxing - Preliminary Stages,2028-07-20,6,19:00,22:00,2028-07-20 19:00:00-07,2028-07-20 22:00:00-07,scheduled,,3.1,peacock_theater,Peacock Theater,indoor,la_metro,34.045_-118.267,34.0445026,-118.2670716,true,77,,,,25.143422790350478,24.9,0.0,0.0,0.0,indoor,,0.8362896053815339,0.11167189175274518,0.3209798271133104,255553.0,44.59364344327564,-2.0377940076130585,74.0,0.021505376344086023,,42.15920319959408,83.62896053815338,29.622059923869415,10.75268817204301,48.2,0.65
1242871cf2becffd9e238c7e7df71c68,Port of Los Angeles Zone,"Sailing (Dinghy, Skiff & Multihull)",2028-07-25,11,14:00,20:00,2028-07-25 14:00:00-07,2028-07-25 20:00:00-07,scheduled,,3.1,port_of_la,Port of Los Angeles (sailing),outdoor,la_metro,33.724_-118.283,33.7239147,-118.2825205,true,77,25.06889055732942,26.72667537442382,28.228756691312128,26.883464430633296,25.2,0.0,0.0,0.0,green,1,0.6237465795178386,0.13942373275072925,0.1003758026912893,62846.0,42.343694402334236,-0.8761665694736465,44.0,0.0,55.13668339691657,56.421839595354896,62.37465795178386,41.238334305263535,0.0,50.0,1.0
353ca68802b51f87a3ad0d186958b3b8,Port of Los Angeles Zone,"Sailing (Dinghy, Skiff & Multihull)",2028-07-26,12,14:00,20:00,2028-07-26 14:00:00-07,2028-07-26 20:00:00-07,scheduled,gold,3.1,port_of_la,Port of Los Angeles (sailing),outdoor,la_metro,33.724_-118.283,33.7239147,-118.2825205,true,77,25.01828769730128,26.72667537442382,28.228756691312128,26.883464430633296,24.8,0.0,0.0,0.0,green,1,0.6237465795178386,0.13942373275072925,0.1003758026912893,62846.0,42.343694402334236,-0.8761665694736465,44.0,0.0,55.13668339691657,56.421839595354896,62.37465795178386,41.238334305263535,0.0,50.0,1.0
d65200ca732d4da410d6b6379e034889,Riviera Zone,Golf,2028-07-20,6,09:00,18:00,2028-07-20 09:00:00-07,2028-07-20 18:00:00-07,scheduled,,3.1,riviera_cc,Riviera Country Club,outdoor,la_metro,34.045_-118.502,34.0451645,-118.5024932,true,77,26.51081073218711,28.16080860931992,30.137714070385094,23.006534722281003,28.0,0.03896103896103896,0.0,0.0,green,1,0.2345785426721352,0.21841170872377855,0.05693533352717709,64796.0,34.28187011868873,-3.5074867709350173,46.0,0.0,66.89187384688458,24.643727231811503,23.45785426721352,14.92513229064983,0.0,35.8,1.0
54a27f428f20f56420d1dcfe707e4abc,Riviera Zone,Golf,2028-07-23,9,10:00,16:55,2028-07-23 10:00:00-07,2028-07-23 16:55:00-07,scheduled,,3.1,riviera_cc,Riviera Country Club,outdoor,la_metro,34.045_-118.502,34.0451645,-118.5024932,true,77,26.514451776117635,28.55193400271051,30.137714070385094,26.062832727110802,28.6,0.05194805194805195,0.0,0.0,green,1,0.2345785426721352,0.21841170872377855,0.05693533352717709,64796.0,34.28187011868873,-3.5074867709350173,46.0,0.0,70.09781969434844,49.695350222219695,23.45785426721352,14.92513229064983,0.0,43.1,1.0
127d62f7a3c9635ac3d0d1eb95b1e59c,Pasadena Zone,Football (Soccer) - Final Stages,2028-07-25,11,20:30,23:30,2028-07-25 20:30:00-07,2028-07-25 23:30:00-07,scheduled,,3.1,rose_bowl,Rose Bowl Stadium,outdoor,la_metro,34.161_-118.168,34.1613492,-118.1676674,true,77,18.778023700050948,21.292821195987642,23.32622406661075,23.23436051128169,22.2,0.0,0.0,0.0,none,0,0.5912465443947986,0.1668789224664589,0.10373286285397151,59559.0,42.076758266294206,0.38685025215099245,126.0,0.22043010752688172,10.596895049079034,26.51115173181713,59.12465443947986,53.86850252150992,100.0,37.5,1.0
ceb701dfdecc1ad3493cfb5df6370aec,Arcadia Zone,Equestrian,2028-07-26,12,09:00,11:10,2028-07-26 09:00:00-07,2028-07-26 11:10:00-07,scheduled,gold,3.1,santa_anita,Santa Anita Park,outdoor,la_metro,34.139_-118.046,34.1389561,-118.0458874,true,77,26.865038635985755,28.92682624508066,30.992239813669595,24.25645203143248,28.0,0.05194805194805195,0.0,0.0,green,1,0.45412308101810017,0.18293394712012578,0.0417705268159025,64700.0,46.43810342368866,1.9522025554512332,126.0,0.22311827956989247,73.17070692689067,34.888951077315426,45.41230810181002,69.52202555451234,100.0,60.4,1.0
4222f165f0bccb1946b5f1f9090cf507,Valley Zone,Skateboarding (Park),2028-07-26,12,20:00,21:15,2028-07-26 20:00:00-07,2028-07-26 21:15:00-07,scheduled,gold,3.1,sepulveda_basin_2,Valley Complex 2 (Sepulveda Basin),outdoor,la_metro,34.173_-118.487,34.1733026,-118.4868622,true,77,20.514475676404803,23.41229458276297,24.300515639256552,25.634095263818455,23.2,0.0,0.0,0.0,none,0,0.5125414368774284,0.1421575817408121,0.0671343166412166,66043.0,39.22821859281644,-6.8142964041277025,129.0,0.29838709677419356,27.96962772756534,46.181108719823406,51.25414368774284,0.0,100.0,41.6,1.0
2949ba23a83339b6b29c613662b52201,Valley Zone,3x3 Basketball,2028-07-16,2,14:00,16:00,2028-07-16 14:00:00-07,2028-07-16 16:00:00-07,scheduled,,3.1,sepulveda_basin_3,Valley Complex 3 (Sepulveda Basin),outdoor,la_metro,34.173_-118.487,34.1733026,-118.4868622,true,77,26.772985620214698,28.391763059175656,29.25631381204223,28.47980886932156,30.6,0.0,0.0,0.0,green,1,0.5125414368774284,0.1421575817408121,0.0671343166412166,66043.0,39.22821859281644,-6.8142964041277025,129.0,0.29838709677419356,68.78494310799718,69.50663007640622,51.25414368774284,0.0,100.0,61.7,1.0
40adf4298e68d2676037d8dd8661a2a6,Valley Zone,3x3 Basketball,2028-07-20,6,17:30,19:30,2028-07-20 17:30:00-07,2028-07-20 19:30:00-07,scheduled,,3.1,sepulveda_basin_3,Valley Complex 3 (Sepulveda Basin),outdoor,la_metro,34.173_-118.487,34.1733026,-118.4868622,true,77,24.275997465576058,26.363846952456583,28.669970014721848,27.22109784513083,27.2,0.0,0.0,0.0,none,0,0.5125414368774284,0.1421575817408121,0.0671343166412166,66043.0,39.22821859281644,-6.8142964041277025,129.0,0.29838709677419356,52.16267993816872,59.189326599433045,51.25414368774284,0.0,100.0,53.3,1.0
460eebb63835bf1edcf32f5167033e54,Long Beach Zone,Beach Volleyball,2028-07-18,4,20:00,23:00,2028-07-18 20:00:00-07,2028-07-18 23:00:00-07,scheduled,,3.1,alamitos_beach,Alamitos Beach Stadium,outdoor,la_metro,33.762_-118.178,33.7622,-118.178,true,77,19.431970521939316,20.915090533376176,22.680690455809856,22.425414520796423,20.8,0.0,0.0,0.0,none,0,0.722444167544943,0.09900287134830982,0.1447523855740016,119359.0,40.29293224720002,-3.915892902295056,44.0,0.0,7.500742076853904,19.88044689177396,72.2444167544943,10.84107097704944,0.0,23.1,1.0
53960663a3277ac7d0210bfc33213606,Long Beach Zone,Beach Volleyball,2028-07-19,5,20:00,23:00,2028-07-19 20:00:00-07,2028-07-19 23:00:00-07,scheduled,,3.1,alamitos_beach,Alamitos Beach Stadium,outdoor,la_metro,33.762_-118.178,33.7622,-118.178,true,77,19.46252458623763,21.276578549079332,23.630977469328172,22.54012290908958,20.8,0.0,0.0,0.0,none,0,0.722444167544943,0.09900287134830982,0.1447523855740016,119359.0,40.29293224720002,-3.915892902295056,44.0,0.0,10.463758599010918,20.82067958270147,72.2444167544943,10.84107097704944,0.0,24.4,1.0
0a5e3c5b50739684798d55d148018dd3,Long Beach Zone,Beach Volleyball,2028-07-27,13,20:00,22:00,2028-07-27 20:00:00-07,2028-07-27 22:00:00-07,scheduled,,3.1,alamitos_beach,Alamitos Beach Stadium,outdoor,la_metro,33.762_-118.178,33.7622,-118.178,true,77,19.66276173519065,21.547285799676352,22.57565013901733,23.192914246665982,21.0,0.0,0.0,0.0,none,0,0.722444167544943,0.09900287134830982,0.1447523855740016,119359.0,40.29293224720002,-3.915892902295056,44.0,0.0,12.68267048915043,26.171428251360506,72.2444167544943,10.84107097704944,0.0,26.5,1.0
0ba8edab38dfbafa73922076cf5b8e50,Carson Zone,Hockey,2028-07-12,-2,17:00,22:00,2028-07-12 17:00:00-07,2028-07-12 22:00:00-07,scheduled,,3.1,carson_field,Carson Field (hockey),outdoor,la_metro,33.862_-118.263,33.8623767,-118.2629113,true,77,23.80270722028908,25.264275391012433,26.419386067967338,25.796968244932,25.8,0.0,0.0,0.0,none,0,0.6024817596311259,0.18387482189886747,0.036071101931309975,48804.0,43.99505605118883,-2.327804008098596,47.0,0.0,43.149798286987156,47.51613315518033,60.248175963112594,26.721959919014036,0.0,41.7,1.0
b3819bb84eaabcd95a557595784814d1,Carson Zone,Hockey,2028-07-15,1,09:00,14:00,2028-07-15 09:00:00-07,2028-07-15 14:00:00-07,scheduled,,3.1,carson_field,Carson Field (hockey),outdoor,la_metro,33.862_-118.263,33.8623767,-118.2629113,true,77,25.96576625894997,27.250332886434908,28.567521214535105,22.355947469231364,28.2,0.0,0.0,0.0,green,1,0.6024817596311259,0.18387482189886747,0.036071101931309975,48804.0,43.99505605118883,-2.327804008098596,47.0,0.0,59.42895808553204,19.311044829765276,60.248175963112594,26.721959919014036,0.0,40.3,1.0
4617c190c02d08a34b31f6cf92148a88,Carson Zone,Hockey,2028-07-19,5,09:00,14:00,2028-07-19 09:00:00-07,2028-07-19 14:00:00-07,scheduled,,3.1,carson_field,Carson Field (hockey),outdoor,la_metro,33.862_-118.263,33.8623767,-118.2629113,true,77,26.269909164386124,27.516056604133908,31.95966743080922,22.512973491552977,28.6,0.012987012987012988,0.012987012987012988,0.0,green,1,0.6024817596311259,0.18387482189886747,0.036071101931309975,48804.0,43.99505605118883,-2.327804008098596,47.0,0.0,61.607021345359904,20.598143373385057,60.248175963112594,26.721959919014036,0.0,41.4,1.0
8d52165b1f37df0711c2288ce72ab90b,Carson Zone,Hockey,2028-07-29,15,10:30,12:30,2028-07-29 10:30:00-07,2028-07-29 12:30:00-07,scheduled,bronze,3.1,carson_field,Carson Field (hockey),outdoor,la_metro,33.862_-118.263,33.8623767,-118.2629113,true,77,26.097245767262173,27.977219545727188,29.934914274107225,26.799161466754153,27.0,0.025974025974025976,0.0,0.0,green,1,0.6024817596311259,0.18387482189886747,0.036071101931309975,48804.0,43.99505605118883,-2.327804008098596,47.0,0.0,65.38704545678023,55.730831694706175,60.248175963112594,26.721959919014036,0.0,51.5,1.0
0d9f34bb4ed5fbb6f3f0d6ee95aec07a,Carson Zone,Cycling Track,2028-07-25,11,09:00,10:00,2028-07-25 09:00:00-07,2028-07-25 10:00:00-07,scheduled,,3.1,carson_velodrome,VELO Sports Center,indoor,la_metro,33.859_-118.26,33.8590663,-118.259801,true,77,,,,22.824091525486956,24.3,0.0,0.0,0.0,indoor,,0.5814854964957744,0.1835093155427191,0.03493403822842241,46738.0,45.287884775188154,-0.8750988628050465,47.0,0.0,,23.148291192516037,58.14854964957744,41.249011371949535,0.0,33.1,0.65
1a052e7b933b2f8c740596b89b961962,Universal City Zone,Squash,2028-07-18,4,19:30,23:15,2028-07-18 19:30:00-07,2028-07-18 23:15:00-07,scheduled,,3.1,universal_squash,Comcast Squash Center at Universal Studios,indoor,la_metro,34.139_-118.354,34.1392322,-118.3543834,true,77,,,,23.67742607603319,22.5,0.0,0.0,0.0,indoor,,0.27314579213257967,0.13454548874799477,0.060475225266751254,57367.0,42.11921961330288,-0.5442844072706237,108.0,0.15053763440860216,,30.14283668879663,27.314579213257968,44.55715592729376,75.26881720430107,38.4,0.65
7da2ed790757a0bbe52762338d18484a,DTLA Zone,Artistic Gymnastics,2028-07-15,1,15:30,18:00,2028-07-15 15:30:00-07,2028-07-15 18:00:00-07,scheduled,,3.1,crypto_arena,Crypto.com Arena,indoor,la_metro,34.043_-118.267,34.0429979,-118.2671352,true,77,,,,27.21692283719542,29.0,0.0,0.0,0.0,indoor,,0.8390710676842138,0.11034913662248746,0.3229660791465282,250992.0,44.956872521372205,-1.7580160159927765,74.0,0.021505376344086023,,59.15510522291327,83.90710676842139,32.419839840072235,10.75268817204301,55.2,0.65
9b2f4663e3754d7d37b088e79c7f4382,Exposition Park Zone,Flag Football,2028-07-18,4,14:00,17:15,2028-07-18 14:00:00-07,2028-07-18 17:15:00-07,scheduled,,3.1,bmo_stadium,BMO Stadium,outdoor,la_metro,34.013_-118.284,34.012814,-118.2840892,true,77,25.306656397683195,27.016850788658093,30.04565928839179,27.45345256932696,28.1,0.012987012987012988,0.0,0.0,green,1,0.889761315639675,0.08244607076326733,0.18066424292001207,227191.0,44.454678368927794,-2.33653947573314,71.0,0.021505376344086023,57.51517039883684,61.09387351907344,88.9761315639675,26.634605242668595,10.75268817204301,56.9,1.0
b1d9e13eeb94c640bf69949483cbcb6c,Exposition Park Zone,Lacrosse,2028-07-26,12,11:30,15:00,2028-07-26 11:30:00-07,2028-07-26 15:00:00-07,scheduled,,3.1,bmo_stadium,BMO Stadium,outdoor,la_metro,34.013_-118.284,34.012814,-118.2840892,true,77,26.346785657310647,28.464189943211224,30.10159830840564,28.171745763072636,28.6,0.05194805194805195,0.0,0.0,green,1,0.889761315639675,0.08244607076326733,0.18066424292001207,227191.0,44.454678368927794,-2.33653947573314,71.0,0.021505376344086023,69.37860609189528,66.98152264813636,88.9761315639675,26.634605242668595,10.75268817204301,62.6,1.0
745e23a2c6bf6c1e11a763e28b0ec01c,Exposition Park Zone,Badminton,2028-07-19,5,14:00,16:35,2028-07-19 14:00:00-07,2028-07-19 16:35:00-07,scheduled,,3.1,galen_center,Galen Center,indoor,la_metro,34.021_-118.28,34.020753,-118.2797965,true,77,,,,27.489636606231805,28.1,0.0,0.0,0.0,indoor,,0.880924266400335,0.08445838018839198,0.19996670316057882,219220.0,44.8627076408096,-2.06563381306729,71.0,0.021505376344086023,,61.39046398550661,88.09242664003351,29.343661869327097,10.75268817204301,56.9,0.65
3e093c42812e4a77e78ad34a64b22b6c,Exposition Park Zone,Rhythmic Gymnastics,2028-07-28,14,13:00,15:45,2028-07-28 13:00:00-07,2028-07-28 15:45:00-07,scheduled,,3.1,galen_center,Galen Center,indoor,la_metro,34.021_-118.28,34.020753,-118.2797965,true,77,,,,28.167065235179983,28.4,0.0,0.0,0.0,indoor,,0.880924266400335,0.08445838018839198,0.19996670316057882,219220.0,44.8627076408096,-2.06563381306729,71.0,0.021505376344086023,,66.9431576654097,88.09242664003351,29.343661869327097,10.75268817204301,59.0,0.65
b6769977dc86e699e74dd9dc3a2303c5,Anaheim Zone,Volleyball,2028-07-16,2,09:00,11:30,2028-07-16 09:00:00-07,2028-07-16 11:30:00-07,scheduled,,3.1,honda_center,Honda Center,indoor,la_metro,33.808_-117.877,33.8078316,-117.876534,true,77,,,,22.06819600972641,25.5,0.0,0.0,0.0,indoor,,0.6492647210536929,0.10353301803233088,0.039734922549210024,65718.0,47.43342904084868,0.4938292016918844,50.0,0.008064516129032258,,16.95242630923287,64.9264721053693,54.938292016918844,4.032258064516129,35.6,0.65
09fa9ab2e51f11717ba53f6db5f7ac7e,Anaheim Zone,Volleyball,2028-07-19,5,13:00,15:30,2028-07-19 13:00:00-07,2028-07-19 15:30:00-07,scheduled,,3.1,honda_center,Honda Center,indoor,la_metro,33.808_-117.877,33.8078316,-117.876534,true,77,,,,27.37136029598685,28.8,0.0,0.0,0.0,indoor,,0.6492647210536929,0.10353301803233088,0.039734922549210024,65718.0,47.43342904084868,0.4938292016918844,50.0,0.008064516129032258,,60.4209860326791,64.9264721053693,54.938292016918844,4.032258064516129,52.3,0.65
70295f0fe7b615b5784977db4b46920e,Anaheim Zone,Volleyball,2028-07-24,10,21:00,23:30,2028-07-24 21:00:00-07,2028-07-24 23:30:00-07,scheduled,,3.1,honda_center,Honda Center,indoor,la_metro,33.808_-117.877,33.8078316,-117.876534,true,77,,,,21.533244215854072,21.1,0.0,0.0,0.0,indoor,,0.6492647210536929,0.10353301803233088,0.039734922549210024,65718.0,47.43342904084868,0.4938292016918844,50.0,0.008064516129032258,,12.567575539787478,64.9264721053693,54.938292016918844,4.032258064516129,33.9,0.65
b133279716f154b0f645aa89e4af2502,City of Industry Zone,Mountain Bike,2028-07-17,3,11:00,13:30,2028-07-17 11:00:00-07,2028-07-17 13:30:00-07,scheduled,gold,3.1,industry_hills,Industry Hills MTB Course,outdoor,la_metro,34.026_-117.939,34.0261706,-117.9385379,true,77,27.72368055208647,29.09635884928856,30.064128311013146,26.86796457323883,31.8,0.025974025974025976,0.0,0.0,green,1,0.6432277357805948,0.1392377449604373,0.03676458766571656,77572.0,42.913207345137,-3.735747758791362,80.0,0.03494623655913978,74.56031843679149,56.294791583924834,64.32277357805948,12.642522412086379,17.473118279569892,56.0,1.0
4f05895107dbc3f156c756d6ac02884e,Inglewood Zone,Basketball,2028-07-12,-2,21:30,23:15,2028-07-12 21:30:00-07,2028-07-12 23:15:00-07,scheduled,,3.1,intuit_dome,Intuit Dome,indoor,la_metro,33.944_-118.342,33.9442586,-118.3421719,true,77,,,,19.661866305113588,20.0,0.0,0.0,0.0,indoor,,0.7865262445201856,0.12097864688174088,0.08769264672004806,126876.0,44.7527136597483,-0.683253233979471,46.0,0.0,,0.0,78.65262445201856,43.16746766020529,0.0,30.8,0.65
47074386688b89fb2496d041b09430e2,Inglewood Zone,Basketball,2028-07-13,-1,18:00,19:45,2028-07-13 18:00:00-07,2028-07-13 19:45:00-07,scheduled,,3.1,intuit_dome,Intuit Dome,indoor,la_metro,33.944_-118.342,33.9442586,-118.3421719,true,77,,,,24.69461495494456,24.1,0.0,0.0,0.0,indoor,,0.7865262445201856,0.12097864688174088,0.08769264672004806,126876.0,44.7527136597483,-0.683253233979471,46.0,0.0,,38.48045045036524,78.65262445201856,43.16746766020529,0.0,45.6,0.65
74aa94e2c54e4088a8811eea903c3d9f,Inglewood Zone,Basketball,2028-07-15,1,12:00,16:15,2028-07-15 12:00:00-07,2028-07-15 16:15:00-07,scheduled,,3.1,intuit_dome,Intuit Dome,indoor,la_metro,33.944_-118.342,33.9442586,-118.3421719,true,77,,,,26.8903426867047,28.1,0.0,0.0,0.0,indoor,,0.7865262445201856,0.12097864688174088,0.08769264672004806,126876.0,44.7527136597483,-0.683253233979471,46.0,0.0,,56.47821874348114,78.65262445201856,43.16746766020529,0.0,52.6,0.65
835857e4dca220b24506c693167a350f,Inglewood Zone,Basketball,2028-07-17,3,21:30,23:15,2028-07-17 21:30:00-07,2028-07-17 23:15:00-07,scheduled,,3.1,intuit_dome,Intuit Dome,indoor,la_metro,33.944_-118.342,33.9442586,-118.3421719,true,77,,,,19.890747729396974,20.1,0.0,0.0,0.0,indoor,,0.7865262445201856,0.12097864688174088,0.08769264672004806,126876.0,44.7527136597483,-0.683253233979471,46.0,0.0,,0.0,78.65262445201856,43.16746766020529,0.0,30.8,0.65
3441a2ca9950f17d4bbb18cd4abcb44e,Inglewood Zone,Basketball,2028-07-19,5,12:00,16:15,2028-07-19 12:00:00-07,2028-07-19 16:15:00-07,scheduled,,3.1,intuit_dome,Intuit Dome,indoor,la_metro,33.944_-118.342,33.9442586,-118.3421719,true,77,,,,27.294938632701324,29.1,0.0,0.0,0.0,indoor,,0.7865262445201856,0.12097864688174088,0.08769264672004806,126876.0,44.7527136597483,-0.683253233979471,46.0,0.0,,59.79457895656823,78.65262445201856,43.16746766020529,0.0,53.8,0.65
3eff8caee55a1fdc9327275c1998ae29,DTLA Zone,Fencing,2028-07-16,2,18:30,22:40,2028-07-16 18:30:00-07,2028-07-16 22:40:00-07,scheduled,gold,3.1,la_convention_center,Los Angeles Convention Center,indoor,la_metro,34.041_-118.269,34.0414677,-118.2689803,true,77,,,,24.91258753691938,24.7,0.0,0.0,0.0,indoor,,0.8429400714333551,0.10879754283099419,0.3231605710375201,251468.0,45.231211044975936,-1.3487515220421429,74.0,0.021505376344086023,,40.26711095835556,84.29400714333552,36.51248477957857,10.75268817204301,48.7,0.65
c79223ac882847f9a51224672a9aae1b,DTLA Zone,Fencing,2028-07-19,5,17:30,19:40,2028-07-19 17:30:00-07,2028-07-19 19:40:00-07,scheduled,gold,3.1,la_convention_center,Los Angeles Convention Center,indoor,la_metro,34.041_-118.269,34.0414677,-118.2689803,true,77,,,,25.85965118455886,26.7,0.0,0.0,0.0,indoor,,0.8429400714333551,0.10879754283099419,0.3231605710375201,251468.0,45.231211044975936,-1.3487515220421429,74.0,0.021505376344086023,,48.02992774228574,84.29400714333552,36.51248477957857,10.75268817204301,51.7,0.65
061b6e139e2433fbb2566a5de1724f9f,DTLA Zone,Wrestling,2028-07-24,10,19:00,20:00,2028-07-24 19:00:00-07,2028-07-24 20:00:00-07,scheduled,,3.1,la_convention_center,Los Angeles Convention Center,indoor,la_metro,34.041_-118.269,34.0414677,-118.2689803,true,77,,,,25.578861111916453,24.9,0.0,0.0,0.0,indoor,,0.8429400714333551,0.10879754283099419,0.3231605710375201,251468.0,45.231211044975936,-1.3487515220421429,74.0,0.021505376344086023,,45.728369769806996,84.29400714333552,36.51248477957857,10.75268817204301,50.8,0.65
501a380bb2445291df738a9adc070330,DTLA Zone,Wrestling,2028-07-27,13,11:00,13:30,2028-07-27 11:00:00-07,2028-07-27 13:30:00-07,scheduled,,3.1,la_convention_center,Los Angeles Convention Center,indoor,la_metro,34.041_-118.269,34.0414677,-118.2689803,true,77,,,,26.821223780518743,30.3,0.0,0.0,0.0,indoor,,0.8429400714333551,0.10879754283099419,0.3231605710375201,251468.0,45.231211044975936,-1.3487515220421429,74.0,0.021505376344086023,,55.91167033212084,84.29400714333552,36.51248477957857,10.75268817204301,54.7,0.65
b95ad88446ff46bf293782cb922fed22,DTLA Zone,Wrestling,2028-07-28,14,11:00,13:30,2028-07-28 11:00:00-07,2028-07-28 13:30:00-07,scheduled,,3.1,la_convention_center,Los Angeles Convention Center,indoor,la_metro,34.041_-118.269,34.0414677,-118.2689803,true,77,,,,26.755061588991435,30.4,0.0,0.0,0.0,indoor,,0.8429400714333551,0.10879754283099419,0.3231605710375201,251468.0,45.231211044975936,-1.3487515220421429,74.0,0.021505376344086023,,55.369357286815045,84.29400714333552,36.51248477957857,10.75268817204301,54.5,0.65
11dac206a46e28068e60b572eb4745a3,DTLA Zone,Table Tennis,2028-07-16,2,10:00,13:00,2028-07-16 10:00:00-07,2028-07-16 13:00:00-07,scheduled,,3.1,la_convention_center,Los Angeles Convention Center,indoor,la_metro,34.041_-118.269,34.0414677,-118.2689803,true,77,,,,24.943689792072924,30.1,0.0,0.0,0.0,indoor,,0.8429400714333551,0.10879754283099419,0.3231605710375201,251468.0,45.231211044975936,-1.3487515220421429,74.0,0.021505376344086023,,40.52204747600757,84.29400714333552,36.51248477957857,10.75268817204301,48.8,0.65
a1c7c43ba32c42057f3634ee3d4067b6,Exposition Park Zone,Athletics (Track & Field),2028-07-15,1,17:00,20:15,2028-07-15 17:00:00-07,2028-07-15 20:15:00-07,scheduled,gold,3.1,la_coliseum,Los Angeles Memorial Coliseum,outdoor,la_metro,34.014_-118.288,34.0139159,-118.2877996,true,77,23.381214117486106,24.90359615312367,26.06280190737119,25.28448160753845,25.3,0.0,0.0,0.0,none,0,0.8842784729266543,0.0861414204475082,0.1814579007213871,223828.0,43.448269839247956,-3.1241998908030304,71.0,0.021505376344086023,40.193411091177616,43.315423012610246,88.42784729266543,18.758001091969696,10.75268817204301,45.5,1.0
1df99ce3ed19ee72e848380f317d7227,Exposition Park Zone,Athletics (Track & Field),2028-07-16,2,15:15,18:55,2028-07-16 15:15:00-07,2028-07-16 18:55:00-07,scheduled,gold,3.1,la_coliseum,Los Angeles Memorial Coliseum,outdoor,la_metro,34.014_-118.288,34.0139159,-118.2877996,true,77,24.20779677325246,25.69282209288784,30.21040543677582,26.198780963813682,26.6,0.012987012987012988,0.0,0.0,none,0,0.8842784729266543,0.0861414204475082,0.1814579007213871,223828.0,43.448269839247956,-3.1241998908030304,71.0,0.021505376344086023,46.662476171211814,50.809680031259695,88.42784729266543,18.758001091969696,10.75268817204301,49.7,1.0
c9b8346f05acbdf32be01eca8acb8ab2,Exposition Park Zone,Athletics (Track & Field),2028-07-23,9,15:30,18:10,2028-07-23 15:30:00-07,2028-07-23 18:10:00-07,scheduled,gold,3.1,la_coliseum,Los Angeles Memorial Coliseum,outdoor,la_metro,34.014_-118.288,34.0139159,-118.2877996,true,77,24.33781078055146,26.947818502098226,29.05630500808786,27.41684846245264,27.1,0.0,0.0,0.0,green,1,0.8842784729266543,0.0861414204475082,0.1814579007213871,223828.0,43.448269839247956,-3.1241998908030304,71.0,0.021505376344086023,56.949331984411685,60.7938398561692,88.42784729266543,18.758001091969696,10.75268817204301,55.8,1.0
b6cf6f550ed49e81a955a0ca9c9bc211,Long Beach Zone,Artistic Swimming,2028-07-28,14,11:00,12:30,2028-07-28 11:00:00-07,2028-07-28 12:30:00-07,scheduled,,3.1,lb_aquatics,Long Beach Aquatics Center,outdoor,la_metro,33.765_-118.191,33.7647297,-118.1906881,true,77,24.68307820633946,26.899659041629516,27.65779521529628,25.768786551195298,25.0,0.0,0.0,0.0,green,1,0.7801262996131555,0.09415469660013052,0.16332926682508087,104578.0,41.78719308315273,-2.5038959552027364,44.0,0.0,56.55458230843866,47.285135665535236,78.01262996131555,24.961040447972636,0.0,49.7,1.0
0e30616c84cc7cfcceeda6eb37b08e74,Long Beach Zone,Water Polo,2028-07-17,3,10:00,13:00,2028-07-17 10:00:00-07,2028-07-17 13:00:00-07,scheduled,,3.1,lb_aquatics,Long Beach Aquatics Center,outdoor,la_metro,33.765_-118.191,33.7647297,-118.1906881,true,77,24.599586076109766,25.84008242063671,27.546749189463746,24.096313075540234,25.3,0.0,0.0,0.0,none,0,0.7801262996131555,0.09415469660013052,0.16332926682508087,104578.0,41.78719308315273,-2.5038959552027364,44.0,0.0,47.86952803800581,33.57633668475602,78.01262996131555,24.961040447972636,0.0,43.2,1.0
6b41ae2737af549477110fe6f0b18441,Long Beach Zone,Water Polo,2028-07-18,4,10:00,13:00,2028-07-18 10:00:00-07,2028-07-18 13:00:00-07,scheduled,,3.1,lb_aquatics,Long Beach Aquatics Center,outdoor,la_metro,33.765_-118.191,33.7647297,-118.1906881,true,77,24.68789237845679,25.84008242063671,27.708112165201015,24.202038966516984,25.3,0.0,0.0,0.0,none,0,0.7801262996131555,0.09415469660013052,0.16332926682508087,104578.0,41.78719308315273,-2.5038959552027364,44.0,0.0,47.86952803800581,34.44294234849987,78.01262996131555,24.961040447972636,0.0,43.5,1.0
c90a8f0162e51cbbda44771b75ac3651,Long Beach Zone,Handball,2028-07-12,-2,09:00,12:30,2028-07-12 09:00:00-07,2028-07-12 12:30:00-07,scheduled,,3.1,lb_arena,Long Beach Arena,indoor,la_metro,33.764_-118.188,33.7640942,-118.1883741,true,77,,,,22.474330575283304,24.5,0.0,0.0,0.0,indoor,,0.7738358699694163,0.09577072861356313,0.16007091093644696,107248.0,41.9957896607921,-2.275732057342644,44.0,0.0,,20.28139815805987,77.38358699694163,27.242679426573556,0.0,35.8,0.65
bf6c28e6be874bb6080ce508565ade5b,Long Beach Zone,Handball,2028-07-13,-1,14:00,17:30,2028-07-13 14:00:00-07,2028-07-13 17:30:00-07,scheduled,,3.1,lb_arena,Long Beach Arena,indoor,la_metro,33.764_-118.188,33.7640942,-118.1883741,true,77,,,,25.7160175366475,25.7,0.0,0.0,0.0,indoor,,0.7738358699694163,0.09577072861356313,0.16007091093644696,107248.0,41.9957896607921,-2.275732057342644,44.0,0.0,,46.852602759405734,77.38358699694163,27.242679426573556,0.0,46.0,0.65
88cb46cd94949722038413f0f82e5afd,Long Beach Zone,Handball,2028-07-20,6,14:00,17:30,2028-07-20 14:00:00-07,2028-07-20 17:30:00-07,scheduled,,3.1,lb_arena,Long Beach Arena,indoor,la_metro,33.764_-118.188,33.7640942,-118.1883741,true,77,,,,26.93217193139878,26.3,0.0,0.0,0.0,indoor,,0.7738358699694163,0.09577072861356313,0.16007091093644696,107248.0,41.9957896607921,-2.275732057342644,44.0,0.0,,56.821081404908035,77.38358699694163,27.242679426573556,0.0,49.9,0.65
d5da9ba8a4ce9833ebf390268e9f7b97,Long Beach Zone,Handball,2028-07-21,7,19:00,22:30,2028-07-21 19:00:00-07,2028-07-21 22:30:00-07,scheduled,,3.1,lb_arena,Long Beach Arena,indoor,la_metro,33.764_-118.188,33.7640942,-118.1883741,true,77,,,,24.719397570182156,22.6,0.0,0.0,0.0,indoor,,0.7738358699694163,0.09577072861356313,0.16007091093644696,107248.0,41.9957896607921,-2.275732057342644,44.0,0.0,,38.68358664083735,77.38358699694163,27.242679426573556,0.0,42.9,0.65
4d298e4205110df119e8b6adda4ab004,Long Beach Zone,Climbing,2028-07-28,14,09:00,10:55,2028-07-28 09:00:00-07,2028-07-28 10:55:00-07,scheduled,gold,3.1,lb_climbing,Long Beach Climbing Theater,outdoor,la_metro,33.765_-118.191,33.7647297,-118.1906881,true,77,23.932366579842395,25.78760536459355,27.674350632349544,22.448181783593082,23.2,0.0,0.0,0.0,none,0,0.7801262996131555,0.09415469660013052,0.16332926682508087,104578.0,41.78719308315273,-2.5038959552027364,44.0,0.0,47.43938823437336,20.0670637999433,78.01262996131555,24.961040447972636,0.0,39.7,1.0
63a8d532d3e45d7af2afd06604ef0ff4,DTLA Zone,Boxing - Preliminary Stages,2028-07-17,3,19:00,22:00,2028-07-17 19:00:00-07,2028-07-17 22:00:00-07,scheduled,,3.1,peacock_theater,Peacock Theater,indoor,la_metro,34.045_-118.267,34.0445026,-118.2670716,true,77,,,,24.989469136991985,24.8,0.0,0.0,0.0,indoor,,0.8362896053815339,0.11167189175274518,0.3209798271133104,255553.0,44.59364344327564,-2.0377940076130585,74.0,0.021505376344086023,,40.897288008131035,83.62896053815338,29.622059923869415,10.75268817204301,47.7,0.65
55580311b70c1cdcb3cd9c3e687b4ab9,DTLA Zone,Boxing - Preliminary Stages,2028-07-20,6,12:00,15:00,2028-07-20 12:00:00-07,2028-07-20 15:00:00-07,scheduled,,3.1,peacock_theater,Peacock Theater,indoor,la_metro,34.045_-118.267,34.0445026,-118.2670716,true,77,,,,27.62425697541768,31.5,0.0,0.0,0.0,indoor,,0.8362896053815339,0.11167189175274518,0.3209798271133104,255553.0,44.59364344327564,-2.0377940076130585,74.0,0.021505376344086023,,62.49390963457115,83.62896053815338,29.622059923869415,10.75268817204301,56.0,0.65
c405071415761e75224098188da33902,DTLA Zone,Weightlifting,2028-07-26,12,20:50,23:00,2028-07-26 20:50:00-07,2028-07-26 23:00:00-07,scheduled,gold,3.1,peacock_theater,Peacock Theater,indoor,la_metro,34.045_-118.267,34.0445026,-118.2670716,true,77,,,,22.037596612123366,21.7,0.0,0.0,0.0,indoor,,0.8362896053815339,0.11167189175274518,0.3209798271133104,255553.0,44.59364344327564,-2.0377940076130585,74.0,0.021505376344086023,,16.701611574781687,83.62896053815338,29.622059923869415,10.75268817204301,38.4,0.65
9b0b8d69aca24f381b16023403a6bda4,Port of Los Angeles Zone,"Sailing (Dinghy, Skiff & Multihull)",2028-07-27,13,14:00,20:00,2028-07-27 14:00:00-07,2028-07-27 20:00:00-07,scheduled,gold,3.1,port_of_la,Port of Los Angeles (sailing),outdoor,la_metro,33.724_-118.283,33.7239147,-118.2825205,true,77,24.698265137110297,26.777612124987865,28.228756691312128,26.91121704285515,24.6,0.0,0.0,0.0,green,1,0.6237465795178386,0.13942373275072925,0.1003758026912893,62846.0,42.343694402334236,-0.8761665694736465,44.0,0.0,55.55419774580217,56.64932002340287,62.37465795178386,41.238334305263535,0.0,50.2,1.0
10ca97f702d0b4b264f13e5c5433aac8,Riviera Zone,Golf,2028-07-21,7,09:00,18:00,2028-07-21 09:00:00-07,2028-07-21 18:00:00-07,scheduled,,3.1,riviera_cc,Riviera Country Club,outdoor,la_metro,34.045_-118.502,34.0451645,-118.5024932,true,77,26.574654416665012,28.330373003350854,30.137714070385094,23.44450245996921,28.6,0.05194805194805195,0.0,0.0,green,1,0.2345785426721352,0.21841170872377855,0.05693533352717709,64796.0,34.28187011868873,-3.5074867709350173,46.0,0.0,68.28174592910537,28.233626721059107,23.45785426721352,14.92513229064983,0.0,37.1,1.0
1fe2d6a06a76dfff85cb75780384bccf,Pasadena Zone,Diving,2028-07-21,7,15:30,16:45,2028-07-21 15:30:00-07,2028-07-21 16:45:00-07,scheduled,gold,3.1,rose_bowl_aquatics,Rose Bowl Aquatics Center,outdoor,la_metro,34.151_-118.164,34.1512722,-118.1643208,true,77,26.576086472169383,28.419153026587367,30.839536914059863,29.11820818731533,30.8,0.06493506493506493,0.0,0.0,green,1,0.5243720253796974,0.17175720663632174,0.1118154541255828,66806.0,39.53865394650686,-2.5830604621436777,126.0,0.22043010752688172,69.00945103760137,74.73941137143713,52.43720253796974,24.169395378563223,100.0,65.7,1.0
7c976eeb1ce03a7a51cb41dfd9ad77f8,Arcadia Zone,Equestrian,2028-07-20,6,16:15,19:00,2028-07-20 16:15:00-07,2028-07-20 19:00:00-07,scheduled,,3.1,santa_anita,Santa Anita Park,outdoor,la_metro,34.139_-118.046,34.1389561,-118.0458874,true,77,25.9463558318532,27.261488268186863,29.073542110011577,28.24255098997237,30.0,0.0,0.0,0.0,green,1,0.45412308101810017,0.18293394712012578,0.0417705268159025,64700.0,46.43810342368866,1.9522025554512332,126.0,0.22311827956989247,59.52039564087593,67.56189336042925,45.41230810181002,69.52202555451234,100.0,63.8,1.0
c917903b28e972d6222ab70409c4ca20,Arcadia Zone,Equestrian,2028-07-22,8,09:00,11:45,2028-07-22 09:00:00-07,2028-07-22 11:45:00-07,scheduled,,3.1,santa_anita,Santa Anita Park,outdoor,la_metro,34.139_-118.046,34.1389561,-118.0458874,true,77,26.67938798237351,28.642336515198647,30.992239813669595,23.954121553672238,28.4,0.05194805194805195,0.0,0.0,green,1,0.45412308101810017,0.18293394712012578,0.0417705268159025,64700.0,46.43810342368866,1.9522025554512332,126.0,0.22311827956989247,70.83882389507087,32.41083240714949,45.41230810181002,69.52202555451234,100.0,58.9,1.0
151d78f085f2718f024e65968a8e9802,Valley Zone,Skateboarding (Street),2028-07-19,5,10:30,13:40,2028-07-19 10:30:00-07,2028-07-19 13:40:00-07,scheduled,,3.1,sepulveda_basin_1,Valley Complex 1 (Sepulveda Basin),outdoor,la_metro,34.173_-118.487,34.1733026,-118.4868622,true,77,27.040261897348536,28.801863985797425,30.53973493870181,26.98101042742804,30.3,0.05194805194805195,0.0,0.0,green,1,0.5125414368774284,0.1421575817408121,0.0671343166412166,66043.0,39.22821859281644,-6.8142964041277025,129.0,0.29838709677419356,72.14642611309365,57.22139694613148,51.25414368774284,0.0,100.0,59.8,1.0
75c1bb2877c60b7ca5eebf1eb164c177,Inglewood Zone,Swimming,2028-07-29,15,18:00,20:00,2028-07-29 18:00:00-07,2028-07-29 20:00:00-07,scheduled,gold,3.1,sofi_stadium,SoFi Stadium,covered,la_metro,33.953_-118.339,33.9534074,-118.3390098,true,77,20.00686578112462,22.24213417031309,23.848301137544375,25.941155690870453,24.4,0.0,0.0,0.0,none,0,0.7949743701228478,0.1275460706213522,0.09863803257310466,134132.0,42.962126805734115,-2.661845745331796,46.0,0.0,18.37814893699254,48.69799746615126,79.49743701228478,23.38154254668204,0.0,36.8,1.0
af8c3393bae70a01c6ad9dcf10f5110b,Long Beach Zone,Beach Volleyball,2028-07-21,7,20:00,23:00,2028-07-21 20:00:00-07,2028-07-21 23:00:00-07,scheduled,,3.1,alamitos_beach,Alamitos Beach Stadium,outdoor,la_metro,33.762_-118.178,33.7622,-118.178,true,77,19.68383930191073,21.904945933228934,23.630977469328172,23.402650851904674,21.0,0.0,0.0,0.0,none,0,0.722444167544943,0.09900287134830982,0.1447523855740016,119359.0,40.29293224720002,-3.915892902295056,44.0,0.0,15.614310928106015,27.890580753317007,72.2444167544943,10.84107097704944,0.0,28.0,1.0
b3aeb42c3f927841639c49e96e87d845,Long Beach Zone,Beach Volleyball,2028-07-24,10,13:00,15:00,2028-07-24 13:00:00-07,2028-07-24 15:00:00-07,scheduled,,3.1,alamitos_beach,Alamitos Beach Stadium,outdoor,la_metro,33.762_-118.178,33.7622,-118.178,true,77,25.30199816550012,27.396890129361108,28.580688639565835,27.274911547977506,26.2,0.0,0.0,0.0,green,1,0.722444167544943,0.09900287134830982,0.1447523855740016,119359.0,40.29293224720002,-3.915892902295056,44.0,0.0,60.6302469619763,59.63042252440579,72.2444167544943,10.84107097704944,0.0,51.7,1.0
23473ff53b2093525bd44a55ea1156b3,Long Beach Zone,Rowing Coastal Beach Sprints,2028-07-24,10,14:30,16:50,2028-07-24 14:30:00-07,2028-07-24 16:50:00-07,scheduled,gold,3.1,belmont_shore,Belmont Shore,outdoor,la_metro,33.757_-118.137,33.7572435,-118.1370107,true,77,25.04262219589225,27.3393164131136,28.10609159610427,27.180826974318148,26.7,0.0,0.0,0.0,green,1,0.25663974898633546,0.16622647675774047,0.04377574088491976,63598.0,42.23614688798067,-0.7561596559308086,44.0,0.0,60.158331255029516,58.859237494411055,25.663974898633548,42.438403440691914,0.0,45.1,1.0
9cdcf7391233df6edb5d71810d015f3d,Carson Zone,Tennis,2028-07-21,7,18:30,23:30,2028-07-21 18:30:00-07,2028-07-21 23:30:00-07,scheduled,,3.1,carson_tennis,Carson Tennis Center (Dignity Health Sports Park),outdoor,la_metro,33.862_-118.263,33.8623767,-118.2629113,true,77,21.67750486762827,23.348318309138197,25.762170192527467,24.801384338257122,23.6,0.0,0.0,0.0,none,0,0.6024817596311259,0.18387482189886747,0.036071101931309975,48804.0,43.99505605118883,-2.327804008098596,47.0,0.0,27.44523204211637,39.35560932997642,60.248175963112594,26.721959919014036,0.0,34.2,1.0
bc6c57cf67449e0fb8bb1b70a3475ae4,Carson Zone,Hockey,2028-07-21,7,09:00,14:00,2028-07-21 09:00:00-07,2028-07-21 14:00:00-07,scheduled,,3.1,carson_field,Carson Field (hockey),outdoor,la_metro,33.862_-118.263,33.8623767,-118.2629113,true,77,26.506550469922246,28.43165643464684,31.95966743080922,22.972842394751698,28.8,0.03896103896103896,0.012987012987012988,0.0,green,1,0.6024817596311259,0.18387482189886747,0.036071101931309975,48804.0,43.99505605118883,-2.327804008098596,47.0,0.0,69.11193798890852,24.367560612718837,60.248175963112594,26.721959919014036,0.0,45.0,1.0
b2e57dec91a7bf80bd784fdfb96771eb,Carson Zone,Hockey,2028-07-25,11,17:00,22:00,2028-07-25 17:00:00-07,2028-07-25 22:00:00-07,scheduled,,3.1,carson_field,Carson Field (hockey),outdoor,la_metro,33.862_-118.263,33.8623767,-118.2629113,true,77,24.253802316251445,25.971821619295618,27.707568766761707,26.628685150646366,26.0,0.0,0.0,0.0,none,0,0.6024817596311259,0.18387482189886747,0.036071101931309975,48804.0,43.99505605118883,-2.327804008098596,47.0,0.0,48.949357535209984,54.333484841363656,60.248175963112594,26.721959919014036,0.0,45.4,1.0
33b548f0b475a3a294066c4ecd86be90,Carson Zone,Hockey,2028-07-26,12,20:00,22:00,2028-07-26 20:00:00-07,2028-07-26 22:00:00-07,scheduled,,3.1,carson_field,Carson Field (hockey),outdoor,la_metro,33.862_-118.263,33.8623767,-118.2629113,true,77,19.849961364004,21.731815179407924,23.118439624480605,23.362191220974847,21.5,0.0,0.0,0.0,none,0,0.6024817596311259,0.18387482189886747,0.036071101931309975,48804.0,43.99505605118883,-2.327804008098596,47.0,0.0,14.195206388589543,27.558944434220056,60.248175963112594,26.721959919014036,0.0,26.6,1.0
2d46d5fa491bb465d563ba34d492831b,Carson Zone,Hockey,2028-07-28,14,10:30,12:30,2028-07-28 10:30:00-07,2028-07-28 12:30:00-07,scheduled,bronze,3.1,carson_field,Carson Field (hockey),outdoor,la_metro,33.862_-118.263,33.8623767,-118.2629113,true,77,26.097245767262173,28.013076302578938,29.934914274107225,27.03913142381739,26.9,0.03896103896103896,0.0,0.0,green,1,0.6024817596311259,0.18387482189886747,0.036071101931309975,48804.0,43.99505605118883,-2.327804008098596,47.0,0.0,65.68095329982737,57.69779855588026,60.248175963112594,26.721959919014036,0.0,52.1,1.0
955a8539006937a9ff4d377356951ca0,Carson Zone,Archery,2028-07-22,8,09:30,12:35,2028-07-22 09:30:00-07,2028-07-22 12:35:00-07,scheduled,,3.1,carson_stadium,Carson Stadium (Dignity Health Sports Park),outdoor,la_metro,33.862_-118.263,33.8623767,-118.2629113,true,77,26.474781850774015,28.335821559139532,31.95966743080922,25.594105255525665,27.5,0.05194805194805195,0.012987012987012988,0.0,green,1,0.6024817596311259,0.18387482189886747,0.036071101931309975,48804.0,43.99505605118883,-2.327804008098596,47.0,0.0,68.32640622245518,45.85332176660381,60.248175963112594,26.721959919014036,0.0,50.1,1.0
043d12e0291227c1bb9c101b5ac54610,Carson Zone,Archery,2028-07-26,12,10:30,13:05,2028-07-26 10:30:00-07,2028-07-26 13:05:00-07,scheduled,,3.1,carson_stadium,Carson Stadium (Dignity Health Sports Park),outdoor,la_metro,33.862_-118.263,33.8623767,-118.2629113,true,77,26.18581836376787,28.585946107819225,30.07128645736658,27.223176932605956,27.5,0.05194805194805195,0.0,0.0,green,1,0.6024817596311259,0.18387482189886747,0.036071101931309975,48804.0,43.99505605118883,-2.327804008098596,47.0,0.0,70.37660744114119,59.206368300048815,60.248175963112594,26.721959919014036,0.0,54.2,1.0
6860efeb481bc3706633a4336a9290c9,Carson Zone,Rugby Sevens,2028-07-13,-1,16:00,19:00,2028-07-13 16:00:00-07,2028-07-13 19:00:00-07,scheduled,,3.1,carson_stadium,Carson Stadium (Dignity Health Sports Park),outdoor,la_metro,33.862_-118.263,33.8623767,-118.2629113,true,77,24.666404822400306,25.71594374427342,27.047145312802048,26.280027469901583,26.9,0.0,0.0,0.0,none,0,0.6024817596311259,0.18387482189886747,0.036071101931309975,48804.0,43.99505605118883,-2.327804008098596,47.0,0.0,46.8519979038805,51.47563499919331,60.248175963112594,26.721959919014036,0.0,44.0,1.0
660aad60767659f123bf6c535a272ae6,Exposition Park Zone,Lacrosse,2028-07-27,13,11:30,15:00,2028-07-27 11:30:00-07,2028-07-27 15:00:00-07,scheduled,,3.1,bmo_stadium,BMO Stadium,outdoor,la_metro,34.013_-118.284,34.012814,-118.2840892,true,77,26.082773028344242,28.4360575529629,30.10159830840564,27.953757525754806,28.5,0.03896103896103896,0.0,0.0,green,1,0.889761315639675,0.08244607076326733,0.18066424292001207,227191.0,44.454678368927794,-2.33653947573314,71.0,0.021505376344086023,69.1480127292041,65.19473381766235,88.9761315639675,26.634605242668595,10.75268817204301,62.0,1.0
79a1fd3e75890e412964433f5ef6c748,Exposition Park Zone,Badminton,2028-07-15,1,18:30,23:05,2028-07-15 18:30:00-07,2028-07-15 23:05:00-07,scheduled,,3.1,galen_center,Galen Center,indoor,la_metro,34.021_-118.28,34.020753,-118.2797965,true,77,,,,23.638204189479893,22.5,0.0,0.0,0.0,indoor,,0.880924266400335,0.08445838018839198,0.19996670316057882,219220.0,44.8627076408096,-2.06563381306729,71.0,0.021505376344086023,,29.82134581540896,88.09242664003351,29.343661869327097,10.75268817204301,44.7,0.65
2ba9abf1ed9d578e37245107e8a072ed,Exposition Park Zone,Badminton,2028-07-20,6,20:00,23:25,2028-07-20 20:00:00-07,2028-07-20 23:25:00-07,scheduled,,3.1,galen_center,Galen Center,indoor,la_metro,34.021_-118.28,34.020753,-118.2797965,true,77,,,,23.12950579772942,21.4,0.0,0.0,0.0,indoor,,0.880924266400335,0.08445838018839198,0.19996670316057882,219220.0,44.8627076408096,-2.06563381306729,71.0,0.021505376344086023,,25.65168686663458,88.09242664003351,29.343661869327097,10.75268817204301,43.1,0.65
4093b13e096f9311f30787fbfc1667e4,Anaheim Zone,Volleyball,2028-07-21,7,09:00,11:30,2028-07-21 09:00:00-07,2028-07-21 11:30:00-07,scheduled,,3.1,honda_center,Honda Center,indoor,la_metro,33.808_-117.877,33.8078316,-117.876534,true,77,,,,23.23626396702316,26.7,0.0,0.0,0.0,indoor,,0.6492647210536929,0.10353301803233088,0.039734922549210024,65718.0,47.43342904084868,0.4938292016918844,50.0,0.008064516129032258,,26.526753828058684,64.9264721053693,54.938292016918844,4.032258064516129,39.3,0.65
3420a8a346dd209511480d7e064f3ea4,Anaheim Zone,Volleyball,2028-07-22,8,13:00,15:30,2028-07-22 13:00:00-07,2028-07-22 15:30:00-07,scheduled,,3.1,honda_center,Honda Center,indoor,la_metro,33.808_-117.877,33.8078316,-117.876534,true,77,,,,28.228632074367773,29.5,0.0,0.0,0.0,indoor,,0.6492647210536929,0.10353301803233088,0.039734922549210024,65718.0,47.43342904084868,0.4938292016918844,50.0,0.008064516129032258,,67.44780388826044,64.9264721053693,54.938292016918844,4.032258064516129,55.0,0.65
360f6d2a6dfe966ceba8605280c03e8e,Anaheim Zone,Volleyball,2028-07-23,9,21:00,23:30,2028-07-23 21:00:00-07,2028-07-23 23:30:00-07,scheduled,,3.1,honda_center,Honda Center,indoor,la_metro,33.808_-117.877,33.8078316,-117.876534,true,77,,,,21.905184409710003,21.1,0.0,0.0,0.0,indoor,,0.6492647210536929,0.10353301803233088,0.039734922549210024,65718.0,47.43342904084868,0.4938292016918844,50.0,0.008064516129032258,,15.616265653360681,64.9264721053693,54.938292016918844,4.032258064516129,35.1,0.65
7b866970bf82bfe99baf9b187f791443,Anaheim Zone,Volleyball,2028-07-26,12,11:00,13:30,2028-07-26 11:00:00-07,2028-07-26 13:30:00-07,scheduled,,3.1,honda_center,Honda Center,indoor,la_metro,33.808_-117.877,33.8078316,-117.876534,true,77,,,,26.374258644011192,28.3,0.0,0.0,0.0,indoor,,0.6492647210536929,0.10353301803233088,0.039734922549210024,65718.0,47.43342904084868,0.4938292016918844,50.0,0.008064516129032258,,52.24802167222289,64.9264721053693,54.938292016918844,4.032258064516129,49.1,0.65
b4956441e0add567150a6ba6d07b005e,Inglewood Zone,Basketball,2028-07-24,10,20:00,22:00,2028-07-24 20:00:00-07,2028-07-24 22:00:00-07,scheduled,,3.1,intuit_dome,Intuit Dome,indoor,la_metro,33.944_-118.342,33.9442586,-118.3421719,true,77,,,,23.3411502855562,21.7,0.0,0.0,0.0,indoor,,0.7865262445201856,0.12097864688174088,0.08769264672004806,126876.0,44.7527136597483,-0.683253233979471,46.0,0.0,,27.386477750460656,78.65262445201856,43.16746766020529,0.0,41.4,0.65
de83186f46b75325bdc74c4d960872fb,DTLA Zone,Taekwondo,2028-07-26,12,09:00,13:00,2028-07-26 09:00:00-07,2028-07-26 13:00:00-07,scheduled,,3.1,la_convention_center,Los Angeles Convention Center,indoor,la_metro,34.041_-118.269,34.0414677,-118.2689803,true,77,,,,23.384104014721515,30.3,0.0,0.0,0.0,indoor,,0.8429400714333551,0.10879754283099419,0.3231605710375201,251468.0,45.231211044975936,-1.3487515220421429,74.0,0.021505376344086023,,27.73855749771734,84.29400714333552,36.51248477957857,10.75268817204301,43.9,0.65
3ad6ed533697d1539478d564f21e450f,DTLA Zone,Judo,2028-07-21,7,16:00,19:00,2028-07-21 16:00:00-07,2028-07-21 19:00:00-07,scheduled,gold,3.1,la_convention_center,Los Angeles Convention Center,indoor,la_metro,34.041_-118.269,34.0414677,-118.2689803,true,77,,,,27.98997266633283,29.5,0.0,0.0,0.0,indoor,,0.8429400714333551,0.10879754283099419,0.3231605710375201,251468.0,45.231211044975936,-1.3487515220421429,74.0,0.021505376344086023,,65.4915792322363,84.29400714333552,36.51248477957857,10.75268817204301,58.4,0.65
2ca2c6a8097a6203a25229d8ca9e67a3,DTLA Zone,Judo,2028-07-22,8,16:00,19:00,2028-07-22 16:00:00-07,2028-07-22 19:00:00-07,scheduled,gold,3.1,la_convention_center,Los Angeles Convention Center,indoor,la_metro,34.041_-118.269,34.0414677,-118.2689803,true,77,,,,28.052655577185956,29.9,0.0,0.0,0.0,indoor,,0.8429400714333551,0.10879754283099419,0.3231605710375201,251468.0,45.231211044975936,-1.3487515220421429,74.0,0.021505376344086023,,66.00537358349145,84.29400714333552,36.51248477957857,10.75268817204301,58.6,0.65
1d14ca6d84c716258b0996811c14c794,DTLA Zone,Table Tennis,2028-07-18,4,10:00,13:00,2028-07-18 10:00:00-07,2028-07-18 13:00:00-07,scheduled,,3.1,la_convention_center,Los Angeles Convention Center,indoor,la_metro,34.041_-118.269,34.0414677,-118.2689803,true,77,,,,24.50935687704508,30.8,0.0,0.0,0.0,indoor,,0.8429400714333551,0.10879754283099419,0.3231605710375201,251468.0,45.231211044975936,-1.3487515220421429,74.0,0.021505376344086023,,36.9619416151236,84.29400714333552,36.51248477957857,10.75268817204301,47.4,0.65
8352bd9b7773bbda85f87d52f16a560e,Exposition Park Zone,Athletics (Track & Field),2028-07-17,3,09:00,14:00,2028-07-17 09:00:00-07,2028-07-17 14:00:00-07,scheduled,gold,3.1,la_coliseum,Los Angeles Memorial Coliseum,outdoor,la_metro,34.014_-118.288,34.0139159,-118.2877996,true,77,26.350972870300396,27.548526063027825,28.788331632368315,22.71705251498216,28.6,0.0,0.0,0.0,green,1,0.8842784729266543,0.0861414204475082,0.1814579007213871,223828.0,43.448269839247956,-3.1241998908030304,71.0,0.021505376344086023,61.87316445104776,22.27092225395214,88.42784729266543,18.758001091969696,10.75268817204301,47.9,1.0
0cf0aec0a990ff752f0e402aa1ab48a4,Exposition Park Zone,Athletics (Track & Field),2028-07-20,6,15:30,18:30,2028-07-20 15:30:00-07,2028-07-20 18:30:00-07,scheduled,gold,3.1,la_coliseum,Los Angeles Memorial Coliseum,outdoor,la_metro,34.014_-118.288,34.0139159,-118.2877996,true,77,24.256796624486793,26.11721213541352,30.21040543677582,26.387193894878745,26.8,0.012987012987012988,0.0,0.0,none,0,0.8842784729266543,0.0861414204475082,0.1814579007213871,223828.0,43.448269839247956,-3.1241998908030304,71.0,0.021505376344086023,50.14108307716001,52.354048318678245,88.42784729266543,18.758001091969696,10.75268817204301,51.3,1.0
3810fdaabc316c4702a04f7f0b7ba0a9,Exposition Park Zone,Athletics (Track & Field),2028-07-24,10,16:25,18:25,2028-07-24 16:25:00-07,2028-07-24 18:25:00-07,scheduled,gold,3.1,la_coliseum,Los Angeles Memorial Coliseum,outdoor,la_metro,34.014_-118.288,34.0139159,-118.2877996,true,77,23.354562332163045,26.112671112190245,28.715394363670033,26.63600253511768,25.4,0.0,0.0,0.0,none,0,0.8842784729266543,0.0861414204475082,0.1814579007213871,223828.0,43.448269839247956,-3.1241998908030304,71.0,0.021505376344086023,50.10386157532988,54.393463402603935,88.42784729266543,18.758001091969696,10.75268817204301,51.8,1.0
fa4bcca316fe44aa173f05d35ef7753e,Griffith Park Zone,Cycling Road (Time Trial - Start),2028-07-19,5,10:30,14:30,2028-07-19 10:30:00-07,2028-07-19 14:30:00-07,scheduled,gold,3.1,la_zoo,Los Angeles Zoo (time trial start),outdoor,la_metro,34.148_-118.289,34.1482513,-118.2892689,true,77,27.84927258130124,29.11384451914229,30.25147279969695,26.49711276985088,31.7,0.05194805194805195,0.0,0.0,green,1,0.6375067023523571,0.16911922138750024,0.11032444657081901,61347.0,38.9930650526568,-3.884365372987478,108.0,0.15053763440860216,74.70364359952697,53.25502270369573,63.75067023523571,11.15634627012522,75.26881720430107,60.9,1.0
7852b82d1eb7931dae3a2283264e8de5,Long Beach Zone,Climbing,2028-07-24,10,13:45,15:25,2028-07-24 13:45:00-07,2028-07-24 15:25:00-07,scheduled,,3.1,lb_climbing,Long Beach Climbing Theater,outdoor,la_metro,33.765_-118.191,33.7647297,-118.1906881,true,77,25.22609344596242,27.296601863933116,28.373943661942278,27.363918456058798,26.2,0.0,0.0,0.0,green,1,0.7801262996131555,0.09415469660013052,0.16332926682508087,104578.0,41.78719308315273,-2.5038959552027364,44.0,0.0,59.80821199945178,60.35998734474425,78.01262996131555,24.961040447972636,0.0,54.1,1.0
6016df1e902ee866d0480b4249461fe7,Long Beach Zone,Climbing,2028-07-26,12,09:00,10:30,2028-07-26 09:00:00-07,2028-07-26 10:30:00-07,scheduled,gold,3.1,lb_climbing,Long Beach Climbing Theater,outdoor,la_metro,33.765_-118.191,33.7647297,-118.1906881,true,77,23.987211468829095,25.964565868076605,27.579244897384093,22.909961497012468,23.3,0.0,0.0,0.0,none,0,0.7801262996131555,0.09415469660013052,0.16332926682508087,104578.0,41.78719308315273,-2.5038959552027364,44.0,0.0,48.88988416456234,23.852143418134983,78.01262996131555,24.961040447972636,0.0,41.2,1.0
69f2c4faf9181573a0b1686039bad10b,Long Beach Zone,Shooting (Rifle & Pistol),2028-07-17,3,15:00,21:00,2028-07-17 15:00:00-07,2028-07-17 21:00:00-07,scheduled,gold,3.1,lb_shooting_hall,Long Beach Target Shooting Hall,indoor,la_metro,33.765_-118.191,33.7647297,-118.1906881,true,77,,,,25.739932097843546,25.7,0.0,0.0,0.0,indoor,,0.7801262996131555,0.09415469660013052,0.16332926682508087,104578.0,41.78719308315273,-2.5038959552027364,44.0,0.0,,47.048623752815956,78.01262996131555,24.961040447972636,0.0,45.9,0.65
d51f6c49ec01f214d722b42b53b52d37,DTLA Zone,Boxing - Preliminary Stages,2028-07-18,4,19:00,22:00,2028-07-18 19:00:00-07,2028-07-18 22:00:00-07,scheduled,,3.1,peacock_theater,Peacock Theater,indoor,la_metro,34.045_-118.267,34.0445026,-118.2670716,true,77,,,,25.035356334544243,24.8,0.0,0.0,0.0,indoor,,0.8362896053815339,0.11167189175274518,0.3209798271133104,255553.0,44.59364344327564,-2.0377940076130585,74.0,0.021505376344086023,,41.27341257823151,83.62896053815338,29.622059923869415,10.75268817204301,47.8,0.65
7611f43af29138d9d82dc901aaf3eb4a,DTLA Zone,Weightlifting,2028-07-25,11,20:50,23:00,2028-07-25 20:50:00-07,2028-07-25 23:00:00-07,scheduled,gold,3.1,peacock_theater,Peacock Theater,indoor,la_metro,34.045_-118.267,34.0445026,-118.2670716,true,77,,,,22.105475285383168,21.7,0.0,0.0,0.0,indoor,,0.8362896053815339,0.11167189175274518,0.3209798271133104,255553.0,44.59364344327564,-2.0377940076130585,74.0,0.021505376344086023,,17.257994142484982,83.62896053815338,29.622059923869415,10.75268817204301,38.6,0.65
4b3b74efd967c9d907c7191962d7f979,Port of Los Angeles Zone,"Sailing (Dinghy, Skiff & Multihull)",2028-07-24,10,14:00,20:00,2028-07-24 14:00:00-07,2028-07-24 20:00:00-07,scheduled,,3.1,port_of_la,Port of Los Angeles (sailing),outdoor,la_metro,33.724_-118.283,33.7239147,-118.2825205,true,77,25.158594771413394,26.729377447301218,28.228756691312128,26.920518888398213,25.4,0.0,0.0,0.0,green,1,0.6237465795178386,0.13942373275072925,0.1003758026912893,62846.0,42.343694402334236,-0.8761665694736465,44.0,0.0,55.15883153525589,56.72556465900175,62.37465795178386,41.238334305263535,0.0,50.1,1.0
051f7863e212a5f7d01f01f554cd1f70,Riviera Zone,Golf,2028-07-27,13,09:00,18:00,2028-07-27 09:00:00-07,2028-07-27 18:00:00-07,scheduled,,3.1,riviera_cc,Riviera Country Club,outdoor,la_metro,34.045_-118.502,34.0451645,-118.5024932,true,77,26.07548561812074,28.754217046386696,30.171240934555364,23.699091053845436,27.9,0.03896103896103896,0.0,0.0,green,1,0.2345785426721352,0.21841170872377855,0.05693533352717709,64796.0,34.28187011868873,-3.5074867709350173,46.0,0.0,71.75587742939915,30.32041847414292,23.45785426721352,14.92513229064983,0.0,38.9,1.0
5c4152e9761efe18e3f175072ae0c179,Valley Zone,3x3 Basketball,2028-07-17,3,21:00,23:00,2028-07-17 21:00:00-07,2028-07-17 23:00:00-07,scheduled,,3.1,sepulveda_basin_3,Valley Complex 3 (Sepulveda Basin),outdoor,la_metro,34.173_-118.487,34.1733026,-118.4868622,true,77,18.303029853278012,19.627991305798005,21.639113192434877,21.93683798724121,20.6,0.0,0.0,0.0,none,0,0.5125414368774284,0.1421575817408121,0.0671343166412166,66043.0,39.22821859281644,-6.8142964041277025,129.0,0.29838709677419356,0.0,15.875721206895152,51.25414368774284,0.0,100.0,24.2,1.0
c952f61136263ac4fc30674ca036c436,Venice Zone,Athletics (Marathon - Start),2028-07-30,16,07:15,10:15,2028-07-30 07:15:00-07,2028-07-30 10:15:00-07,scheduled,gold,3.1,venice_boardwalk,Venice Beach Boardwalk,outdoor,la_metro,33.987_-118.474,33.9867133,-118.4741048,true,77,24.426218909147426,26.13044564203789,27.29890182528281,20.55221263638719,23.3,0.0,0.0,0.0,none,0,0.28792142029818013,0.15575356614360425,0.09596654386371305,60810.0,40.694691283321575,-0.53840610768777,43.0,0.0,50.249554442933544,4.5263330851408945,28.792142029818013,44.6159389231223,0.0,28.9,1.0
09eeec090288815798d054d45620dacb,Venice Zone,Cycling Road (Road Race - Start),2028-07-22,8,11:30,16:15,2028-07-22 11:30:00-07,2028-07-22 16:15:00-07,scheduled,gold,3.1,venice_boardwalk,Venice Beach Boardwalk,outdoor,la_metro,33.987_-118.474,33.9867133,-118.4741048,true,77,24.84975694848849,27.836043329325197,29.519500792994783,27.2205603838103,25.4,0.025974025974025976,0.0,0.0,green,1,0.28792142029818013,0.15575356614360425,0.09596654386371305,60810.0,40.694691283321575,-0.53840610768777,43.0,0.0,64.22986335512456,59.18492117877297,28.792142029818013,44.6159389231223,0.0,47.5,1.0
94ddae2373ffc101db26851b1eb3939f,Whittier Narrows Zone,Shooting (Shotgun),2028-07-22,8,09:30,17:15,2028-07-22 09:30:00-07,2028-07-22 17:15:00-07,scheduled,gold,3.1,whittier_narrows,Whittier Narrows Clay Shooting Center,outdoor,la_metro,34.035_-118.051,34.03502,-118.0510434,true,77,27.763577551915333,29.777714832265424,31.418800171652144,25.505773266408102,32.0,0.14285714285714285,0.025974025974025976,0.0,yellow,2,0.737510568877609,0.15015709683397863,0.06567339261203715,40332.0,42.338014644481206,-3.0637092939680954,87.0,0.0456989247311828,80.14520354315921,45.12928906891888,73.7510568877609,19.362907060319046,22.849462365591396,58.3,1.0
5cdc106acc0fe06312d1cfe54ed044e5,Carson Zone,Tennis,2028-07-19,5,18:30,23:30,2028-07-19 18:30:00-07,2028-07-19 23:30:00-07,scheduled,,3.1,carson_tennis,Carson Tennis Center (Dignity Health Sports Park),outdoor,la_metro,33.862_-118.263,33.8623767,-118.2629113,true,77,21.555527295173757,22.865566044503673,25.762170192527467,24.343662197544642,23.3,0.0,0.0,0.0,none,0,0.6024817596311259,0.18387482189886747,0.036071101931309975,48804.0,43.99505605118883,-2.327804008098596,47.0,0.0,23.488246266423552,35.60378850446428,60.248175963112594,26.721959919014036,0.0,31.8,1.0
37bfae92fc40a6894d778f80b799cd96,Carson Zone,Tennis,2028-07-19,5,18:30,23:30,2028-07-19 18:30:00-07,2028-07-19 23:30:00-07,scheduled,,3.1,carson_tennis,Carson Tennis Center (Dignity Health Sports Park),outdoor,la_metro,33.862_-118.263,33.8623767,-118.2629113,true,77,21.555527295173757,22.865566044503673,25.762170192527467,24.343662197544642,23.3,0.0,0.0,0.0,none,0,0.6024817596311259,0.18387482189886747,0.036071101931309975,48804.0,43.99505605118883,-2.327804008098596,47.0,0.0,23.488246266423552,35.60378850446428,60.248175963112594,26.721959919014036,0.0,31.8,1.0
cfde508b5f6a7e9ff29a09f416d614c6,Carson Zone,Tennis,2028-07-25,11,11:00,16:30,2028-07-25 11:00:00-07,2028-07-25 16:30:00-07,scheduled,,3.1,carson_tennis,Carson Tennis Center (Dignity Health Sports Park),outdoor,la_metro,33.862_-118.263,33.8623767,-118.2629113,true,77,26.420031809704557,28.48541464180665,30.07128645736658,27.143134216467768,28.2,0.03896103896103896,0.0,0.0,green,1,0.6024817596311259,0.18387482189886747,0.036071101931309975,48804.0,43.99505605118883,-2.327804008098596,47.0,0.0,69.55257903120204,58.55028046285056,60.248175963112594,26.721959919014036,0.0,53.7,1.0
08f350e359c87b7acf65565879f1bbbf,Carson Zone,Tennis,2028-07-25,11,11:00,20:00,2028-07-25 11:00:00-07,2028-07-25 20:00:00-07,scheduled,,3.1,carson_tennis,Carson Tennis Center (Dignity Health Sports Park),outdoor,la_metro,33.862_-118.263,33.8623767,-118.2629113,true,77,26.420031809704557,28.48541464180665,30.07128645736658,27.143134216467768,28.2,0.03896103896103896,0.0,0.0,green,1,0.6024817596311259,0.18387482189886747,0.036071101931309975,48804.0,43.99505605118883,-2.327804008098596,47.0,0.0,69.55257903120204,58.55028046285056,60.248175963112594,26.721959919014036,0.0,53.7,1.0
09b6926e38058f0e3ad9abe1d59ecbf5,Carson Zone,Tennis,2028-07-25,11,11:00,20:00,2028-07-25 11:00:00-07,2028-07-25 20:00:00-07,scheduled,,3.1,carson_tennis,Carson Tennis Center (Dignity Health Sports Park),outdoor,la_metro,33.862_-118.263,33.8623767,-118.2629113,true,77,26.420031809704557,28.48541464180665,30.07128645736658,27.143134216467768,28.2,0.03896103896103896,0.0,0.0,green,1,0.6024817596311259,0.18387482189886747,0.036071101931309975,48804.0,43.99505605118883,-2.327804008098596,47.0,0.0,69.55257903120204,58.55028046285056,60.248175963112594,26.721959919014036,0.0,53.7,1.0
0e5bfd731c78a3f7f5072f1b529c860d,Carson Zone,Tennis,2028-07-25,11,11:00,20:00,2028-07-25 11:00:00-07,2028-07-25 20:00:00-07,scheduled,,3.1,carson_tennis,Carson Tennis Center (Dignity Health Sports Park),outdoor,la_metro,33.862_-118.263,33.8623767,-118.2629113,true,77,26.420031809704557,28.48541464180665,30.07128645736658,27.143134216467768,28.2,0.03896103896103896,0.0,0.0,green,1,0.6024817596311259,0.18387482189886747,0.036071101931309975,48804.0,43.99505605118883,-2.327804008098596,47.0,0.0,69.55257903120204,58.55028046285056,60.248175963112594,26.721959919014036,0.0,53.7,1.0
1ef6e3857f9f1ca95fe61d4f6db094b0,Carson Zone,Hockey,2028-07-17,3,17:00,22:00,2028-07-17 17:00:00-07,2028-07-17 22:00:00-07,scheduled,,3.1,carson_field,Carson Field (hockey),outdoor,la_metro,33.862_-118.263,33.8623767,-118.2629113,true,77,23.75707592088958,25.34620962531819,26.335862628518754,25.748111648241615,25.9,0.0,0.0,0.0,none,0,0.6024817596311259,0.18387482189886747,0.036071101931309975,48804.0,43.99505605118883,-2.327804008098596,47.0,0.0,43.82139037146056,47.11566924788209,60.248175963112594,26.721959919014036,0.0,41.8,1.0
f718a7c4644a2b61ae37980dfeebb5d2,Carson Zone,Hockey,2028-07-27,13,09:00,11:00,2028-07-27 09:00:00-07,2028-07-27 11:00:00-07,scheduled,,3.1,carson_field,Carson Field (hockey),outdoor,la_metro,33.862_-118.263,33.8623767,-118.2629113,true,77,25.89483521882246,27.899379982940683,29.442969855357227,22.540333537502836,26.1,0.012987012987012988,0.0,0.0,green,1,0.6024817596311259,0.18387482189886747,0.036071101931309975,48804.0,43.99505605118883,-2.327804008098596,47.0,0.0,64.74901625361215,20.82240604510521,60.248175963112594,26.721959919014036,0.0,42.6,1.0
b7e00a2d67894fbbc346820542ce13d0,Carson Zone,Archery,2028-07-19,5,13:30,16:30,2028-07-19 13:30:00-07,2028-07-19 16:30:00-07,scheduled,,3.1,carson_stadium,Carson Stadium (Dignity Health Sports Park),outdoor,la_metro,33.862_-118.263,33.8623767,-118.2629113,true,77,25.69334159355455,27.194223437835415,28.37349930415634,27.242389340389288,28.4,0.0,0.0,0.0,green,1,0.6024817596311259,0.18387482189886747,0.036071101931309975,48804.0,43.99505605118883,-2.327804008098596,47.0,0.0,58.96904457242144,59.36384705237121,60.248175963112594,26.721959919014036,0.0,50.2,1.0
e0570cee735e1b16972140178cc28d9f,Carson Zone,Archery,2028-07-25,11,10:30,12:40,2028-07-25 10:30:00-07,2028-07-25 12:40:00-07,scheduled,,3.1,carson_stadium,Carson Stadium (Dignity Health Sports Park),outdoor,la_metro,33.862_-118.263,33.8623767,-118.2629113,true,77,26.17075983441666,28.276817783196414,29.74501168488784,27.143134216467768,27.0,0.03896103896103896,0.0,0.0,green,1,0.6024817596311259,0.18387482189886747,0.036071101931309975,48804.0,43.99505605118883,-2.327804008098596,47.0,0.0,67.84276871472471,58.55028046285056,60.248175963112594,26.721959919014036,0.0,53.1,1.0
70a1e34b5be245d376f62b8fdfe0cb0a,Carson Zone,Rugby Sevens,2028-07-18,4,13:00,16:00,2028-07-18 13:00:00-07,2028-07-18 16:00:00-07,scheduled,,3.1,carson_stadium,Carson Stadium (Dignity Health Sports Park),outdoor,la_metro,33.862_-118.263,33.8623767,-118.2629113,true,77,25.933057391782253,27.242389340389288,28.178002091688843,27.245351172618406,28.3,0.0,0.0,0.0,green,1,0.6024817596311259,0.18387482189886747,0.036071101931309975,48804.0,43.99505605118883,-2.327804008098596,47.0,0.0,59.36384705237121,59.38812436572465,60.248175963112594,26.721959919014036,0.0,50.3,1.0
0ff6d32f33f28e86db4ca76c6d9f5df8,Carson Zone,Cycling Track,2028-07-28,14,13:00,15:15,2028-07-28 13:00:00-07,2028-07-28 15:15:00-07,scheduled,gold,3.1,carson_velodrome,VELO Sports Center,indoor,la_metro,33.859_-118.26,33.8590663,-118.259801,true,77,,,,27.976910065195494,27.9,0.0,0.0,0.0,indoor,,0.5814854964957744,0.1835093155427191,0.03493403822842241,46738.0,45.287884775188154,-0.8750988628050465,47.0,0.0,,65.3845087311106,58.14854964957744,41.249011371949535,0.0,49.4,0.65
6bd77a4d931a01c7ffa08ef513898aaf,DTLA Zone,Artistic Gymnastics,2028-07-25,11,16:00,18:30,2028-07-25 16:00:00-07,2028-07-25 18:30:00-07,scheduled,gold,3.1,crypto_arena,Crypto.com Arena,indoor,la_metro,34.043_-118.267,34.0429979,-118.2671352,true,77,,,,28.212400593657275,29.5,0.0,0.0,0.0,indoor,,0.8390710676842138,0.11034913662248746,0.3229660791465282,250992.0,44.956872521372205,-1.7580160159927765,74.0,0.021505376344086023,,67.3147589644039,83.90710676842139,32.419839840072235,10.75268817204301,58.3,0.65
b3ec4a40cf41b1a1137754a844ac060e,Exposition Park Zone,Lacrosse,2028-07-24,10,11:30,15:00,2028-07-24 11:30:00-07,2028-07-24 15:00:00-07,scheduled,,3.1,bmo_stadium,BMO Stadium,outdoor,la_metro,34.013_-118.284,34.012814,-118.2840892,true,77,26.396012605231782,28.630972975839075,30.10159830840564,28.171745763072636,29.0,0.05194805194805195,0.0,0.0,green,1,0.889761315639675,0.08244607076326733,0.18066424292001207,227191.0,44.454678368927794,-2.33653947573314,71.0,0.021505376344086023,70.74568012982849,66.98152264813636,88.9761315639675,26.634605242668595,10.75268817204301,63.0,1.0
2f73f7d77f182e46e759fb7d351fc90f,Exposition Park Zone,Lacrosse,2028-07-25,11,11:30,15:00,2028-07-25 11:30:00-07,2028-07-25 15:00:00-07,scheduled,,3.1,bmo_stadium,BMO Stadium,outdoor,la_metro,34.013_-118.284,34.012814,-118.2840892,true,77,26.356451054525973,28.630972975839075,30.10159830840564,28.171745763072636,29.0,0.05194805194805195,0.0,0.0,green,1,0.889761315639675,0.08244607076326733,0.18066424292001207,227191.0,44.454678368927794,-2.33653947573314,71.0,0.021505376344086023,70.74568012982849,66.98152264813636,88.9761315639675,26.634605242668595,10.75268817204301,63.0,1.0
381efca004272b866ff598b626023df0,Exposition Park Zone,Lacrosse,2028-07-28,14,11:30,15:00,2028-07-28 11:30:00-07,2028-07-28 15:00:00-07,scheduled,,3.1,bmo_stadium,BMO Stadium,outdoor,la_metro,34.013_-118.284,34.012814,-118.2840892,true,77,26.007594752471732,28.37968128761954,30.05029900251069,27.953757525754806,28.5,0.03896103896103896,0.0,0.0,green,1,0.889761315639675,0.08244607076326733,0.18066424292001207,227191.0,44.454678368927794,-2.33653947573314,71.0,0.021505376344086023,68.68591219360279,65.19473381766235,88.9761315639675,26.634605242668595,10.75268817204301,61.9,1.0
c66656dcd68cc8e9c94994c926c422de,Pomona Zone,Cricket,2028-07-12,-2,18:00,21:30,2028-07-12 18:00:00-07,2028-07-12 21:30:00-07,scheduled,,3.1,fairplex_cricket,Fairgrounds Cricket Stadium (Fairplex),outdoor,la_metro,34.087_-117.767,34.0870515,-117.7668542,true,77,24.206779140170667,25.641565327433895,26.801155554203586,26.888255262646197,30.0,0.0,0.0,0.0,none,0,0.7307144233518286,0.1444376036552249,0.06587964703957196,61516.0,47.23916496816421,1.1143602628049933,156.0,0.4327956989247312,46.242338749458156,56.46110871021474,73.07144233518285,61.14360262804993,100.0,61.0,1.0
711ca6bae891c3dead0607131c130810,Pomona Zone,Cricket,2028-07-13,-1,18:00,21:30,2028-07-13 18:00:00-07,2028-07-13 21:30:00-07,scheduled,,3.1,fairplex_cricket,Fairgrounds Cricket Stadium (Fairplex),outdoor,la_metro,34.087_-117.767,34.0870515,-117.7668542,true,77,24.206779140170667,25.641565327433895,26.801155554203586,26.814009769468093,29.3,0.0,0.0,0.0,none,0,0.7307144233518286,0.1444376036552249,0.06587964703957196,61516.0,47.23916496816421,1.1143602628049933,156.0,0.4327956989247312,46.242338749458156,55.85253909400076,73.07144233518285,61.14360262804993,100.0,60.9,1.0
c11a3d13bc0f347443be1237a595d4fa,Exposition Park Zone,Badminton,2028-07-15,1,08:00,12:15,2028-07-15 08:00:00-07,2028-07-15 12:15:00-07,scheduled,,3.1,galen_center,Galen Center,indoor,la_metro,34.021_-118.28,34.020753,-118.2797965,true,77,,,,19.838557337556228,27.5,0.0,0.0,0.0,indoor,,0.880924266400335,0.08445838018839198,0.19996670316057882,219220.0,44.8627076408096,-2.06563381306729,71.0,0.021505376344086023,,0.0,88.09242664003351,29.343661869327097,10.75268817204301,33.3,0.65
be7402296f52cd82608d04309fe5051e,Exposition Park Zone,Badminton,2028-07-16,2,18:00,23:05,2028-07-16 18:00:00-07,2028-07-16 23:05:00-07,scheduled,,3.1,galen_center,Galen Center,indoor,la_metro,34.021_-118.28,34.020753,-118.2797965,true,77,,,,24.997797974874278,24.2,0.0,0.0,0.0,indoor,,0.880924266400335,0.08445838018839198,0.19996670316057882,219220.0,44.8627076408096,-2.06563381306729,71.0,0.021505376344086023,,40.965557171100635,88.09242664003351,29.343661869327097,10.75268817204301,49.0,0.65
b2e60dc061332802d39a366c04895cac,Anaheim Zone,Volleyball,2028-07-21,7,21:00,23:30,2028-07-21 21:00:00-07,2028-07-21 23:30:00-07,scheduled,,3.1,honda_center,Honda Center,indoor,la_metro,33.808_-117.877,33.8078316,-117.876534,true,77,,,,21.961906167070307,21.1,0.0,0.0,0.0,indoor,,0.6492647210536929,0.10353301803233088,0.039734922549210024,65718.0,47.43342904084868,0.4938292016918844,50.0,0.008064516129032258,,16.08119809074022,64.9264721053693,54.938292016918844,4.032258064516129,35.2,0.65
c79e6b9c98fc32660e24cf9f15723a70,Anaheim Zone,Volleyball,2028-07-23,9,09:00,11:30,2028-07-23 09:00:00-07,2028-07-23 11:30:00-07,scheduled,,3.1,honda_center,Honda Center,indoor,la_metro,33.808_-117.877,33.8078316,-117.876534,true,77,,,,23.292329358514735,26.8,0.0,0.0,0.0,indoor,,0.6492647210536929,0.10353301803233088,0.039734922549210024,65718.0,47.43342904084868,0.4938292016918844,50.0,0.008064516129032258,,26.986306217333894,64.9264721053693,54.938292016918844,4.032258064516129,39.4,0.65
e3b668ccc811de215c6357191b6bfa63,Inglewood Zone,Basketball,2028-07-12,-2,18:00,19:45,2028-07-12 18:00:00-07,2028-07-12 19:45:00-07,scheduled,,3.1,intuit_dome,Intuit Dome,indoor,la_metro,33.944_-118.342,33.9442586,-118.3421719,true,77,,,,24.90184892461963,24.2,0.0,0.0,0.0,indoor,,0.7865262445201856,0.12097864688174088,0.08769264672004806,126876.0,44.7527136597483,-0.683253233979471,46.0,0.0,,40.179089546062556,78.65262445201856,43.16746766020529,0.0,46.3,0.65
90464127b8749434974405f7ac3d9b50,Inglewood Zone,Basketball,2028-07-13,-1,21:30,23:15,2028-07-13 21:30:00-07,2028-07-13 23:15:00-07,scheduled,,3.1,intuit_dome,Intuit Dome,indoor,la_metro,33.944_-118.342,33.9442586,-118.3421719,true,77,,,,19.422765717330154,20.0,0.0,0.0,0.0,indoor,,0.7865262445201856,0.12097864688174088,0.08769264672004806,126876.0,44.7527136597483,-0.683253233979471,46.0,0.0,,0.0,78.65262445201856,43.16746766020529,0.0,30.8,0.65
553ada0941b88808d77224b1bc6c87ca,Inglewood Zone,Basketball,2028-07-17,3,18:00,19:45,2028-07-17 18:00:00-07,2028-07-17 19:45:00-07,scheduled,,3.1,intuit_dome,Intuit Dome,indoor,la_metro,33.944_-118.342,33.9442586,-118.3421719,true,77,,,,25.019113310683846,24.2,0.0,0.0,0.0,indoor,,0.7865262445201856,0.12097864688174088,0.08769264672004806,126876.0,44.7527136597483,-0.683253233979471,46.0,0.0,,41.14027303839218,78.65262445201856,43.16746766020529,0.0,46.7,0.65
41af56e4edefdecafb5cf5b711a68e96,Inglewood Zone,Basketball,2028-07-27,13,16:00,18:00,2028-07-27 16:00:00-07,2028-07-27 18:00:00-07,scheduled,,3.1,intuit_dome,Intuit Dome,indoor,la_metro,33.944_-118.342,33.9442586,-118.3421719,true,77,,,,27.315964500601932,26.6,0.0,0.0,0.0,indoor,,0.7865262445201856,0.12097864688174088,0.08769264672004806,126876.0,44.7527136597483,-0.683253233979471,46.0,0.0,,59.966922136081415,78.65262445201856,43.16746766020529,0.0,53.9,0.65
c9df1de48e7a35501a106ae1cf0364f3,DTLA Zone,Fencing,2028-07-20,6,18:30,21:40,2028-07-20 18:30:00-07,2028-07-20 21:40:00-07,scheduled,gold,3.1,la_convention_center,Los Angeles Convention Center,indoor,la_metro,34.041_-118.269,34.0414677,-118.2689803,true,77,,,,25.189689411068002,24.9,0.0,0.0,0.0,indoor,,0.8429400714333551,0.10879754283099419,0.3231605710375201,251468.0,45.231211044975936,-1.3487515220421429,74.0,0.021505376344086023,,42.53843779563937,84.29400714333552,36.51248477957857,10.75268817204301,49.6,0.65
5f6c055661a7bf577fcd8557052f36b5,DTLA Zone,Fencing,2028-07-23,9,18:30,21:40,2028-07-23 18:30:00-07,2028-07-23 21:40:00-07,scheduled,gold,3.1,la_convention_center,Los Angeles Convention Center,indoor,la_metro,34.041_-118.269,34.0414677,-118.2689803,true,77,,,,25.523647510208633,24.9,0.0,0.0,0.0,indoor,,0.8429400714333551,0.10879754283099419,0.3231605710375201,251468.0,45.231211044975936,-1.3487515220421429,74.0,0.021505376344086023,,45.27579926400519,84.29400714333552,36.51248477957857,10.75268817204301,50.6,0.65
a665187dd7f5106e088d84d20b9e8ffe,DTLA Zone,Judo,2028-07-15,1,16:00,19:00,2028-07-15 16:00:00-07,2028-07-15 19:00:00-07,scheduled,gold,3.1,la_convention_center,Los Angeles Convention Center,indoor,la_metro,34.041_-118.269,34.0414677,-118.2689803,true,77,,,,27.305159362537445,29.0,0.0,0.0,0.0,indoor,,0.8429400714333551,0.10879754283099419,0.3231605710375201,251468.0,45.231211044975936,-1.3487515220421429,74.0,0.021505376344086023,,59.8783554306348,84.29400714333552,36.51248477957857,10.75268817204301,56.2,0.65
c10d8014e089ba8886038a736af4e65b,DTLA Zone,Judo,2028-07-16,2,16:00,19:00,2028-07-16 16:00:00-07,2028-07-16 19:00:00-07,scheduled,gold,3.1,la_convention_center,Los Angeles Convention Center,indoor,la_metro,34.041_-118.269,34.0414677,-118.2689803,true,77,,,,27.36466847777346,29.0,0.0,0.0,0.0,indoor,,0.8429400714333551,0.10879754283099419,0.3231605710375201,251468.0,45.231211044975936,-1.3487515220421429,74.0,0.021505376344086023,,60.36613506371688,84.29400714333552,36.51248477957857,10.75268817204301,56.4,0.65
68db1b40e5ec02788cf9d9bcda214893,DTLA Zone,Wrestling,2028-07-29,15,11:00,13:30,2028-07-29 11:00:00-07,2028-07-29 13:30:00-07,scheduled,,3.1,la_convention_center,Los Angeles Convention Center,indoor,la_metro,34.041_-118.269,34.0414677,-118.2689803,true,77,,,,26.6968462559109,30.7,0.0,0.0,0.0,indoor,,0.8429400714333551,0.10879754283099419,0.3231605710375201,251468.0,45.231211044975936,-1.3487515220421429,74.0,0.021505376344086023,,54.89218242549917,84.29400714333552,36.51248477957857,10.75268817204301,54.3,0.65
4e6dee2820a8475158c0a1f00f0ffb07,DTLA Zone,Table Tennis,2028-07-20,6,10:00,13:00,2028-07-20 10:00:00-07,2028-07-20 13:00:00-07,scheduled,,3.1,la_convention_center,Los Angeles Convention Center,indoor,la_metro,34.041_-118.269,34.0414677,-118.2689803,true,77,,,,24.68449287421053,31.0,0.0,0.0,0.0,indoor,,0.8429400714333551,0.10879754283099419,0.3231605710375201,251468.0,45.231211044975936,-1.3487515220421429,74.0,0.021505376344086023,,38.39748257549615,84.29400714333552,36.51248477957857,10.75268817204301,48.0,0.65
5916379cb29762fa58f5eafc037cae64,DTLA Zone,Table Tennis,2028-07-21,7,15:00,18:00,2028-07-21 15:00:00-07,2028-07-21 18:00:00-07,scheduled,,3.1,la_convention_center,Los Angeles Convention Center,indoor,la_metro,34.041_-118.269,34.0414677,-118.2689803,true,77,,,,28.699868928486016,30.7,0.0,0.0,0.0,indoor,,0.8429400714333551,0.10879754283099419,0.3231605710375201,251468.0,45.231211044975936,-1.3487515220421429,74.0,0.021505376344086023,,71.31040105316406,84.29400714333552,36.51248477957857,10.75268817204301,60.6,0.65
fb75c13c8cfb67f3cb854046d7a67cff,DTLA Zone,Table Tennis,2028-07-25,11,17:00,22:00,2028-07-25 17:00:00-07,2028-07-25 22:00:00-07,scheduled,,3.1,la_convention_center,Los Angeles Convention Center,indoor,la_metro,34.041_-118.269,34.0414677,-118.2689803,true,77,,,,27.652616062930136,28.5,0.0,0.0,0.0,indoor,,0.8429400714333551,0.10879754283099419,0.3231605710375201,251468.0,45.231211044975936,-1.3487515220421429,74.0,0.021505376344086023,,62.726361171558494,84.29400714333552,36.51248477957857,10.75268817204301,57.3,0.65
d9b601c58d508c275be3490bf5acc409,DTLA Zone,Table Tennis,2028-07-26,12,17:00,22:00,2028-07-26 17:00:00-07,2028-07-26 22:00:00-07,scheduled,,3.1,la_convention_center,Los Angeles Convention Center,indoor,la_metro,34.041_-118.269,34.0414677,-118.2689803,true,77,,,,27.758085639220766,28.2,0.0,0.0,0.0,indoor,,0.8429400714333551,0.10879754283099419,0.3231605710375201,251468.0,45.231211044975936,-1.3487515220421429,74.0,0.021505376344086023,,63.59086589525219,84.29400714333552,36.51248477957857,10.75268817204301,57.7,0.65
0d38916cebf4567142c91adcf96f94c1,Long Beach Zone,Water Polo,2028-07-19,5,11:30,14:30,2028-07-19 11:30:00-07,2028-07-19 14:30:00-07,scheduled,,3.1,lb_aquatics,Long Beach Aquatics Center,outdoor,la_metro,33.765_-118.191,33.7647297,-118.1906881,true,77,25.02722737695867,26.213382968453672,28.18634286623529,25.528469115442487,25.9,0.0,0.0,0.0,none,0,0.7801262996131555,0.09415469660013052,0.16332926682508087,104578.0,41.78719308315273,-2.5038959552027364,44.0,0.0,50.929368593882565,45.315320618381044,78.01262996131555,24.961040447972636,0.0,47.3,1.0
fff41df0cfc752cb26d62813cd416e35,Long Beach Zone,Handball,2028-07-16,2,14:00,17:30,2028-07-16 14:00:00-07,2028-07-16 17:30:00-07,scheduled,,3.1,lb_arena,Long Beach Arena,indoor,la_metro,33.764_-118.188,33.7640942,-118.1883741,true,77,,,,25.558067277457464,25.7,0.0,0.0,0.0,indoor,,0.7738358699694163,0.09577072861356313,0.16007091093644696,107248.0,41.9957896607921,-2.275732057342644,44.0,0.0,,45.557928503749714,77.38358699694163,27.242679426573556,0.0,45.5,0.65
6a00da769283635b938c6db4756a704e,Long Beach Zone,Handball,2028-07-18,4,14:00,17:30,2028-07-18 14:00:00-07,2028-07-18 17:30:00-07,scheduled,,3.1,lb_arena,Long Beach Arena,indoor,la_metro,33.764_-118.188,33.7640942,-118.1883741,true,77,,,,25.767043758765244,25.7,0.0,0.0,0.0,indoor,,0.7738358699694163,0.09577072861356313,0.16007091093644696,107248.0,41.9957896607921,-2.275732057342644,44.0,0.0,,47.27085048168233,77.38358699694163,27.242679426573556,0.0,46.2,0.65
cd5b76b179228c98727efb9a115acea6,Long Beach Zone,Handball,2028-07-19,5,19:00,22:30,2028-07-19 19:00:00-07,2028-07-19 22:30:00-07,scheduled,,3.1,lb_arena,Long Beach Arena,indoor,la_metro,33.764_-118.188,33.7640942,-118.1883741,true,77,,,,23.703263644285865,22.3,0.0,0.0,0.0,indoor,,0.7738358699694163,0.09577072861356313,0.16007091093644696,107248.0,41.9957896607921,-2.275732057342644,44.0,0.0,,30.354620035130047,77.38358699694163,27.242679426573556,0.0,39.7,0.65
40938229c93eb3c88fdb994ffc25cbd1,Long Beach Zone,Handball,2028-07-23,9,16:00,18:00,2028-07-23 16:00:00-07,2028-07-23 18:00:00-07,scheduled,,3.1,lb_arena,Long Beach Arena,indoor,la_metro,33.764_-118.188,33.7640942,-118.1883741,true,77,,,,27.03062128379395,25.7,0.0,0.0,0.0,indoor,,0.7738358699694163,0.09577072861356313,0.16007091093644696,107248.0,41.9957896607921,-2.275732057342644,44.0,0.0,,57.62804330978647,77.38358699694163,27.242679426573556,0.0,50.2,0.65
cd94dc04783f783950dee568da3b6b81,Long Beach Zone,Canoe Sprint,2028-07-27,13,09:00,13:30,2028-07-27 09:00:00-07,2028-07-27 13:30:00-07,scheduled,,3.1,marine_stadium,Marine Stadium,outdoor,la_metro,33.766_-118.127,33.7658713,-118.1268662,true,77,25.16836967660866,27.06698892707577,28.567824213023584,23.077717211801964,25.8,0.0,0.0,0.0,green,1,0.238919204098983,0.16645636928537386,0.03847797848994337,72741.0,39.278168418526626,-3.8697284565432284,44.0,0.0,57.9261387465227,25.22719026067184,23.8919204098983,11.302715434567716,0.0,32.5,1.0
ba6360e7723117fe61ae8125ffa5878d,Long Beach Zone,Canoe Sprint,2028-07-29,15,09:00,12:55,2028-07-29 09:00:00-07,2028-07-29 12:55:00-07,scheduled,gold,3.1,marine_stadium,Marine Stadium,outdoor,la_metro,33.766_-118.127,33.7658713,-118.1268662,true,77,25.183068215106324,26.738941592639918,28.810519532345122,22.688449928374233,25.5,0.0,0.0,0.0,green,1,0.238919204098983,0.16645636928537386,0.03847797848994337,72741.0,39.278168418526626,-3.8697284565432284,44.0,0.0,55.237226169179664,22.036474822739617,23.8919204098983,11.302715434567716,0.0,30.8,1.0
9f6b0d30e88c4fd32328bc9e47150335,Long Beach Zone,Rowing,2028-07-15,1,12:00,13:50,2028-07-15 12:00:00-07,2028-07-15 13:50:00-07,scheduled,,3.1,marine_stadium,Marine Stadium,outdoor,la_metro,33.766_-118.127,33.7658713,-118.1268662,true,77,24.57733717451053,25.934815257480214,26.75508764276762,25.22937488057205,25.3,0.0,0.0,0.0,none,0,0.238919204098983,0.16645636928537386,0.03847797848994337,72741.0,39.278168418526626,-3.8697284565432284,44.0,0.0,48.646026700657494,42.86372852927909,23.8919204098983,11.302715434567716,0.0,33.7,1.0
6b6a1ca6928a9f7b93abfbdc62385e48,Riviera Zone,Golf,2028-07-19,5,09:00,18:00,2028-07-19 09:00:00-07,2028-07-19 18:00:00-07,scheduled,,3.1,riviera_cc,Riviera Country Club,outdoor,la_metro,34.045_-118.502,34.0451645,-118.5024932,true,77,26.50025341185792,27.99069271887804,30.940697134160274,22.85781035282536,28.0,0.025974025974025976,0.0,0.0,green,1,0.2345785426721352,0.21841170872377855,0.05693533352717709,64796.0,34.28187011868873,-3.5074867709350173,46.0,0.0,65.49748130227903,23.424675023158695,23.45785426721352,14.92513229064983,0.0,35.0,1.0
16b5cb96053c30e81d70bcb3dbd0cbd4,Riviera Zone,Golf,2028-07-28,14,09:00,18:00,2028-07-28 09:00:00-07,2028-07-28 18:00:00-07,scheduled,,3.1,riviera_cc,Riviera Country Club,outdoor,la_metro,34.045_-118.502,34.0451645,-118.5024932,true,77,26.07548561812074,28.6510692275953,30.171240934555364,23.613409121220293,28.0,0.025974025974025976,0.0,0.0,green,1,0.2345785426721352,0.21841170872377855,0.05693533352717709,64796.0,34.28187011868873,-3.5074867709350173,46.0,0.0,70.91040350487951,29.61810755098601,23.45785426721352,14.92513229064983,0.0,38.4,1.0
5355ae09210dc9dfe425e7fbfa814225,Pasadena Zone,Diving,2028-07-22,8,15:30,16:45,2028-07-22 15:30:00-07,2028-07-22 16:45:00-07,scheduled,gold,3.1,rose_bowl_aquatics,Rose Bowl Aquatics Center,outdoor,la_metro,34.151_-118.164,34.1512722,-118.1643208,true,77,26.6717381147674,28.91909922053587,30.839536914059863,29.561293110997447,31.0,0.06493506493506493,0.0,0.0,green,1,0.5243720253796974,0.17175720663632174,0.1118154541255828,66806.0,39.53865394650686,-2.5830604621436777,126.0,0.22043010752688172,73.10737066013009,78.3712550081758,52.43720253796974,24.169395378563223,100.0,68.1,1.0
227aedf20a8c1277cabb1cd1b5eea627,Pasadena Zone,Football (Soccer) - Final Stages,2028-07-29,15,12:30,15:30,2028-07-29 12:30:00-07,2028-07-29 15:30:00-07,scheduled,gold,3.1,rose_bowl,Rose Bowl Stadium,outdoor,la_metro,34.161_-118.168,34.1613492,-118.1676674,true,77,28.064179271035794,29.9115526680755,31.561599908849846,29.237474909944755,32.6,0.19480519480519481,0.025974025974025976,0.0,yellow,2,0.5912465443947986,0.1668789224664589,0.10373286285397151,59559.0,42.076758266294206,0.38685025215099245,126.0,0.22043010752688172,81.24223498422542,75.71700745856357,59.12465443947986,53.86850252150992,100.0,74.6,1.0
9abb44177520161f6e459b8b9f83d751,Valley Zone,3x3 Basketball,2028-07-16,2,17:30,19:30,2028-07-16 17:30:00-07,2028-07-16 19:30:00-07,scheduled,,3.1,sepulveda_basin_3,Valley Complex 3 (Sepulveda Basin),outdoor,la_metro,34.173_-118.487,34.1733026,-118.4868622,true,77,24.37041373600625,25.56862690201476,26.56040843573856,26.510591040612326,27.2,0.0,0.0,0.0,none,0,0.5125414368774284,0.1421575817408121,0.0671343166412166,66043.0,39.22821859281644,-6.8142964041277025,129.0,0.29838709677419356,45.64448280339967,53.36550033288792,51.25414368774284,0.0,100.0,49.6,1.0
c69fa352c1b2ca8ae6d9f6e49fc22144,Valley Zone,3x3 Basketball,2028-07-20,6,14:00,16:00,2028-07-20 14:00:00-07,2028-07-20 16:00:00-07,scheduled,,3.1,sepulveda_basin_3,Valley Complex 3 (Sepulveda Basin),outdoor,la_metro,34.173_-118.487,34.1733026,-118.4868622,true,77,26.95638091773677,28.716464947624036,33.13337776397215,28.99103386140772,30.8,0.06493506493506493,0.012987012987012988,0.012987012987012988,green,1,0.5125414368774284,0.1421575817408121,0.0671343166412166,66043.0,39.22821859281644,-6.8142964041277025,129.0,0.29838709677419356,71.44643399691833,73.69699886399769,51.25414368774284,0.0,100.0,63.7,1.0
253904f421270038d67e6bec700dfef3,Venice Zone,Athletics (Marathon - Start),2028-07-29,15,07:15,10:15,2028-07-29 07:15:00-07,2028-07-29 10:15:00-07,scheduled,gold,3.1,venice_boardwalk,Venice Beach Boardwalk,outdoor,la_metro,33.987_-118.474,33.9867133,-118.4741048,true,77,24.426218909147426,26.220837974902654,27.29890182528281,20.77076981567344,23.2,0.0,0.0,0.0,none,0,0.28792142029818013,0.15575356614360425,0.09596654386371305,60810.0,40.694691283321575,-0.53840610768777,43.0,0.0,50.99047520412012,6.317785374372455,28.792142029818013,44.6159389231223,0.0,29.6,1.0
c26f6d32686744f914b1511716d985f3,Inglewood Zone,Swimming,2028-07-30,16,15:00,16:30,2028-07-30 15:00:00-07,2028-07-30 16:30:00-07,scheduled,gold,3.1,sofi_stadium,SoFi Stadium,covered,la_metro,33.953_-118.339,33.9534074,-118.3390098,true,77,21.664274076285775,23.545227303977807,25.7773185301916,27.342319054179843,27.7,0.0,0.0,0.0,none,0,0.7949743701228478,0.1275460706213522,0.09863803257310466,134132.0,42.962126805734115,-2.661845745331796,46.0,0.0,29.059240196539406,60.18294306704789,79.49743701228478,23.38154254668204,0.0,43.5,1.0
28e8632665228d3909b52fd13e0163d6,Long Beach Zone,Beach Volleyball,2028-07-15,1,14:00,18:00,2028-07-15 14:00:00-07,2028-07-15 18:00:00-07,scheduled,,3.1,alamitos_beach,Alamitos Beach Stadium,outdoor,la_metro,33.762_-118.178,33.7622,-118.178,true,77,24.72117153567125,25.477058348067548,27.064763457157,25.631738357758127,25.7,0.0,0.0,0.0,none,0,0.722444167544943,0.09900287134830982,0.1447523855740016,119359.0,40.29293224720002,-3.915892902295056,44.0,0.0,44.893920885799574,46.161789817689574,72.2444167544943,10.84107097704944,0.0,42.8,1.0
4c29ba332716d61b312259023406b9dd,Long Beach Zone,Beach Volleyball,2028-07-20,6,14:00,18:00,2028-07-20 14:00:00-07,2028-07-20 18:00:00-07,scheduled,,3.1,alamitos_beach,Alamitos Beach Stadium,outdoor,la_metro,33.762_-118.178,33.7622,-118.178,true,77,25.117070409983477,26.721153376561585,28.25865721598768,26.933427913896022,26.4,0.0,0.0,0.0,green,1,0.722444167544943,0.09900287134830982,0.1447523855740016,119359.0,40.29293224720002,-3.915892902295056,44.0,0.0,55.09142111935725,56.83137634341002,72.2444167544943,10.84107097704944,0.0,49.0,1.0
ab85bf0cfd7bece985745b65520e27f2,Carson Zone,Tennis,2028-07-24,10,11:00,16:30,2028-07-24 11:00:00-07,2028-07-24 16:30:00-07,scheduled,,3.1,carson_tennis,Carson Tennis Center (Dignity Health Sports Park),outdoor,la_metro,33.862_-118.263,33.8623767,-118.2629113,true,77,26.526812163601136,28.48541464180665,30.07128645736658,27.143134216467768,28.4,0.03896103896103896,0.0,0.0,green,1,0.6024817596311259,0.18387482189886747,0.036071101931309975,48804.0,43.99505605118883,-2.327804008098596,47.0,0.0,69.55257903120204,58.55028046285056,60.248175963112594,26.721959919014036,0.0,53.7,1.0
ecd714750bf5b9f01113b23a74972761,Carson Zone,Tennis,2028-07-24,10,11:00,20:00,2028-07-24 11:00:00-07,2028-07-24 20:00:00-07,scheduled,,3.1,carson_tennis,Carson Tennis Center (Dignity Health Sports Park),outdoor,la_metro,33.862_-118.263,33.8623767,-118.2629113,true,77,26.526812163601136,28.48541464180665,30.07128645736658,27.143134216467768,28.4,0.03896103896103896,0.0,0.0,green,1,0.6024817596311259,0.18387482189886747,0.036071101931309975,48804.0,43.99505605118883,-2.327804008098596,47.0,0.0,69.55257903120204,58.55028046285056,60.248175963112594,26.721959919014036,0.0,53.7,1.0
31bb489f7e237b14b084e18b16ad74ee,Carson Zone,Tennis,2028-07-24,10,11:00,20:00,2028-07-24 11:00:00-07,2028-07-24 20:00:00-07,scheduled,,3.1,carson_tennis,Carson Tennis Center (Dignity Health Sports Park),outdoor,la_metro,33.862_-118.263,33.8623767,-118.2629113,true,77,26.526812163601136,28.48541464180665,30.07128645736658,27.143134216467768,28.4,0.03896103896103896,0.0,0.0,green,1,0.6024817596311259,0.18387482189886747,0.036071101931309975,48804.0,43.99505605118883,-2.327804008098596,47.0,0.0,69.55257903120204,58.55028046285056,60.248175963112594,26.721959919014036,0.0,53.7,1.0
b425832ad5708adbc8ee1fbcff5bc07f,Carson Zone,Tennis,2028-07-24,10,11:00,20:00,2028-07-24 11:00:00-07,2028-07-24 20:00:00-07,scheduled,,3.1,carson_tennis,Carson Tennis Center (Dignity Health Sports Park),outdoor,la_metro,33.862_-118.263,33.8623767,-118.2629113,true,77,26.526812163601136,28.48541464180665,30.07128645736658,27.143134216467768,28.4,0.03896103896103896,0.0,0.0,green,1,0.6024817596311259,0.18387482189886747,0.036071101931309975,48804.0,43.99505605118883,-2.327804008098596,47.0,0.0,69.55257903120204,58.55028046285056,60.248175963112594,26.721959919014036,0.0,53.7,1.0
8b71c90d7cf4dc5d7c6dc6ab4cbe2892,Carson Zone,Hockey,2028-07-24,10,09:00,14:00,2028-07-24 09:00:00-07,2028-07-24 14:00:00-07,scheduled,,3.1,carson_field,Carson Field (hockey),outdoor,la_metro,33.862_-118.263,33.8623767,-118.2629113,true,77,26.526812163601136,28.48541464180665,30.07128645736658,22.878980064910934,28.4,0.03896103896103896,0.0,0.0,green,1,0.6024817596311259,0.18387482189886747,0.036071101931309975,48804.0,43.99505605118883,-2.327804008098596,47.0,0.0,69.55257903120204,23.598197253368312,60.248175963112594,26.721959919014036,0.0,45.0,1.0
9cf15d5ae62411cd70960909c2f985f6,Carson Zone,Archery,2028-07-23,9,20:00,22:35,2028-07-23 20:00:00-07,2028-07-23 22:35:00-07,scheduled,,3.1,carson_stadium,Carson Stadium (Dignity Health Sports Park),outdoor,la_metro,33.862_-118.263,33.8623767,-118.2629113,true,77,20.02886695306458,21.742603432429124,24.109470988092188,23.53762871599596,21.8,0.0,0.0,0.0,none,0,0.6024817596311259,0.18387482189886747,0.036071101931309975,48804.0,43.99505605118883,-2.327804008098596,47.0,0.0,14.283634692042005,28.996956688491487,60.248175963112594,26.721959919014036,0.0,27.0,1.0
ee8ff05da4716e4def2f63a4878b67bc,Carson Zone,Cycling Track,2028-07-29,15,11:00,14:35,2028-07-29 11:00:00-07,2028-07-29 14:35:00-07,scheduled,gold,3.1,carson_velodrome,VELO Sports Center,indoor,la_metro,33.859_-118.26,33.8590663,-118.259801,true,77,,,,26.79861535912408,27.9,0.0,0.0,0.0,indoor,,0.5814854964957744,0.1835093155427191,0.03493403822842241,46738.0,45.287884775188154,-0.8750988628050465,47.0,0.0,,55.72635540265642,58.14854964957744,41.249011371949535,0.0,45.7,0.65
22d840d569e89cef9adb4f04c76cc723,Universal City Zone,Squash,2028-07-19,5,19:30,23:15,2028-07-19 19:30:00-07,2028-07-19 23:15:00-07,scheduled,,3.1,universal_squash,Comcast Squash Center at Universal Studios,indoor,la_metro,34.139_-118.354,34.1392322,-118.3543834,true,77,,,,23.79121556696277,22.5,0.0,0.0,0.0,indoor,,0.27314579213257967,0.13454548874799477,0.060475225266751254,57367.0,42.11921961330288,-0.5442844072706237,108.0,0.15053763440860216,,31.075537434121063,27.314579213257968,44.55715592729376,75.26881720430107,38.8,0.65
823862b693e8f3e88c23b2ae8b90ba49,DTLA Zone,Artistic Gymnastics,2028-07-20,6,18:00,20:30,2028-07-20 18:00:00-07,2028-07-20 20:30:00-07,scheduled,gold,3.1,crypto_arena,Crypto.com Arena,indoor,la_metro,34.043_-118.267,34.0429979,-118.2671352,true,77,,,,25.908650631965493,26.7,0.0,0.0,0.0,indoor,,0.8390710676842138,0.11034913662248746,0.3229660791465282,250992.0,44.956872521372205,-1.7580160159927765,74.0,0.021505376344086023,,48.43156255709421,83.90710676842139,32.419839840072235,10.75268817204301,51.1,0.65
c31c7b3be58ba1be8439a68b8d1cdb3e,DTLA Zone,Artistic Gymnastics,2028-07-23,9,11:00,13:45,2028-07-23 11:00:00-07,2028-07-23 13:45:00-07,scheduled,gold,3.1,crypto_arena,Crypto.com Arena,indoor,la_metro,34.043_-118.267,34.0429979,-118.2671352,true,77,,,,26.99966862618026,30.7,0.0,0.0,0.0,indoor,,0.8390710676842138,0.11034913662248746,0.3229660791465282,250992.0,44.956872521372205,-1.7580160159927765,74.0,0.021505376344086023,,57.37433300147754,83.90710676842139,32.419839840072235,10.75268817204301,54.5,0.65
7b10120c8279b0695acd3fa5bf27d6a0,DTLA Zone,Boxing - Final Stages,2028-07-28,14,12:00,13:30,2028-07-28 12:00:00-07,2028-07-28 13:30:00-07,scheduled,gold,3.1,crypto_arena,Crypto.com Arena,indoor,la_metro,34.043_-118.267,34.0429979,-118.2671352,true,77,,,,28.1105420762015,30.4,0.0,0.0,0.0,indoor,,0.8390710676842138,0.11034913662248746,0.3229660791465282,250992.0,44.956872521372205,-1.7580160159927765,74.0,0.021505376344086023,,66.47985308361886,83.90710676842139,32.419839840072235,10.75268817204301,58.0,0.65
712387f69731a6d34f7fbfe3ad01db93,Exposition Park Zone,Flag Football,2028-07-19,5,14:00,17:15,2028-07-19 14:00:00-07,2028-07-19 17:15:00-07,scheduled,,3.1,bmo_stadium,BMO Stadium,outdoor,la_metro,34.013_-118.284,34.012814,-118.2840892,true,77,25.40684194551428,27.072996428881225,30.04565928839179,27.490951429496505,28.2,0.012987012987012988,0.0,0.0,green,1,0.889761315639675,0.08244607076326733,0.18066424292001207,227191.0,44.454678368927794,-2.33653947573314,71.0,0.021505376344086023,57.97538056460021,61.401241225381185,88.9761315639675,26.634605242668595,10.75268817204301,57.2,1.0
5df9a7473bfc6f67eaaac7923fc4faf5,Pomona Zone,Cricket,2028-07-17,3,09:00,12:30,2028-07-17 09:00:00-07,2028-07-17 12:30:00-07,scheduled,,3.1,fairplex_cricket,Fairgrounds Cricket Stadium (Fairplex),outdoor,la_metro,34.087_-117.767,34.0870515,-117.7668542,true,77,27.022291373515188,28.54365462053378,29.81299711907422,22.776353431152465,30.6,0.025974025974025976,0.0,0.0,green,1,0.7307144233518286,0.1444376036552249,0.06587964703957196,61516.0,47.23916496816421,1.1143602628049933,156.0,0.4327956989247312,70.02995590601458,22.75699533731529,73.07144233518285,61.14360262804993,100.0,60.9,1.0
d77a03b804c0885d2af9a151abf53d00,Pomona Zone,Cricket,2028-07-20,6,09:00,13:00,2028-07-20 09:00:00-07,2028-07-20 13:00:00-07,scheduled,gold,3.1,fairplex_cricket,Fairgrounds Cricket Stadium (Fairplex),outdoor,la_metro,34.087_-117.767,34.0870515,-117.7668542,true,77,27.783809929531365,29.067861635005837,31.60995378106897,22.867361196158612,32.1,0.09090909090909091,0.012987012987012988,0.0,green,1,0.7307144233518286,0.1444376036552249,0.06587964703957196,61516.0,47.23916496816421,1.1143602628049933,156.0,0.4327956989247312,74.32673471316261,23.502960624250917,73.07144233518285,61.14360262804993,100.0,62.6,1.0
bf946afe0b45d77630816dfdbf0ab634,Pomona Zone,Cricket,2028-07-22,8,09:00,12:30,2028-07-22 09:00:00-07,2028-07-22 12:30:00-07,scheduled,,3.1,fairplex_cricket,Fairgrounds Cricket Stadium (Fairplex),outdoor,la_metro,34.087_-117.767,34.0870515,-117.7668542,true,77,27.304649304674573,29.688051745049034,30.85718250976833,23.412370827991204,30.9,0.12987012987012986,0.0,0.0,yellow,2,0.7307144233518286,0.1444376036552249,0.06587964703957196,61516.0,47.23916496816421,1.1143602628049933,156.0,0.4327956989247312,79.41026020531994,27.97025268845249,73.07144233518285,61.14360262804993,100.0,65.5,1.0
f22b23f408a5bcd5c0a30c715c5e5158,Pomona Zone,Cricket,2028-07-23,9,09:00,12:30,2028-07-23 09:00:00-07,2028-07-23 12:30:00-07,scheduled,,3.1,fairplex_cricket,Fairgrounds Cricket Stadium (Fairplex),outdoor,la_metro,34.087_-117.767,34.0870515,-117.7668542,true,77,27.336865024665357,29.900733888549986,30.85718250976833,23.478074949921105,30.4,0.15584415584415584,0.0,0.0,yellow,2,0.7307144233518286,0.1444376036552249,0.06587964703957196,61516.0,47.23916496816421,1.1143602628049933,156.0,0.4327956989247312,81.15355646352448,28.50881106492709,73.07144233518285,61.14360262804993,100.0,66.3,1.0
ea05f8f6f31cb0e4df59019ddfc27cbc,Exposition Park Zone,Badminton,2028-07-17,3,14:00,16:35,2028-07-17 14:00:00-07,2028-07-17 16:35:00-07,scheduled,,3.1,galen_center,Galen Center,indoor,la_metro,34.021_-118.28,34.020753,-118.2797965,true,77,,,,27.211607822097314,28.0,0.0,0.0,0.0,indoor,,0.880924266400335,0.08445838018839198,0.19996670316057882,219220.0,44.8627076408096,-2.06563381306729,71.0,0.021505376344086023,,59.111539525387826,88.09242664003351,29.343661869327097,10.75268817204301,56.0,0.65
b1f91dd32f725562c3dced4e27512c27,Anaheim Zone,Volleyball,2028-07-16,2,21:00,23:30,2028-07-16 21:00:00-07,2028-07-16 23:30:00-07,scheduled,,3.1,honda_center,Honda Center,indoor,la_metro,33.808_-117.877,33.8078316,-117.876534,true,77,,,,20.912953071763475,20.4,0.0,0.0,0.0,indoor,,0.6492647210536929,0.10353301803233088,0.039734922549210024,65718.0,47.43342904084868,0.4938292016918844,50.0,0.008064516129032258,,7.483221899700617,64.9264721053693,54.938292016918844,4.032258064516129,31.9,0.65
09b64a1747e7d6a89855053e36d2d658,Anaheim Zone,Volleyball,2028-07-17,3,13:00,15:30,2028-07-17 13:00:00-07,2028-07-17 15:30:00-07,scheduled,,3.1,honda_center,Honda Center,indoor,la_metro,33.808_-117.877,33.8078316,-117.876534,true,77,,,,27.152899897051704,28.4,0.0,0.0,0.0,indoor,,0.6492647210536929,0.10353301803233088,0.039734922549210024,65718.0,47.43342904084868,0.4938292016918844,50.0,0.008064516129032258,,58.630327025013976,64.9264721053693,54.938292016918844,4.032258064516129,51.6,0.65
54c5ca5234720928a54ae456ac12a432,Anaheim Zone,Volleyball,2028-07-24,10,09:00,11:30,2028-07-24 09:00:00-07,2028-07-24 11:30:00-07,scheduled,,3.1,honda_center,Honda Center,indoor,la_metro,33.808_-117.877,33.8078316,-117.876534,true,77,,,,23.292329358514735,26.6,0.0,0.0,0.0,indoor,,0.6492647210536929,0.10353301803233088,0.039734922549210024,65718.0,47.43342904084868,0.4938292016918844,50.0,0.008064516129032258,,26.986306217333894,64.9264721053693,54.938292016918844,4.032258064516129,39.4,0.65
f4cc1c3d08af1143576962ae34711189,Anaheim Zone,Volleyball,2028-07-25,11,17:00,19:30,2028-07-25 17:00:00-07,2028-07-25 19:30:00-07,scheduled,,3.1,honda_center,Honda Center,indoor,la_metro,33.808_-117.877,33.8078316,-117.876534,true,77,,,,27.423028899507205,26.6,0.0,0.0,0.0,indoor,,0.6492647210536929,0.10353301803233088,0.039734922549210024,65718.0,47.43342904084868,0.4938292016918844,50.0,0.008064516129032258,,60.84449917628857,64.9264721053693,54.938292016918844,4.032258064516129,52.5,0.65
a9f791dfa0b2105293915a747ffb0194,Anaheim Zone,Volleyball,2028-07-30,16,10:00,13:15,2028-07-30 10:00:00-07,2028-07-30 13:15:00-07,scheduled,gold,3.1,honda_center,Honda Center,indoor,la_metro,33.808_-117.877,33.8078316,-117.876534,true,77,,,,24.446150527796128,28.9,0.0,0.0,0.0,indoor,,0.6492647210536929,0.10353301803233088,0.039734922549210024,65718.0,47.43342904084868,0.4938292016918844,50.0,0.008064516129032258,,36.443856785214166,64.9264721053693,54.938292016918844,4.032258064516129,43.1,0.65
5ce254fb7db03273b87665de5f512b9e,Inglewood Zone,Basketball,2028-07-22,8,20:00,22:00,2028-07-22 20:00:00-07,2028-07-22 22:00:00-07,scheduled,,3.1,intuit_dome,Intuit Dome,indoor,la_metro,33.944_-118.342,33.9442586,-118.3421719,true,77,,,,23.64714412009585,21.7,0.0,0.0,0.0,indoor,,0.7865262445201856,0.12097864688174088,0.08769264672004806,126876.0,44.7527136597483,-0.683253233979471,46.0,0.0,,29.89462393521188,78.65262445201856,43.16746766020529,0.0,42.3,0.65
c55f19d880a0285ee9827ab448304389,Inglewood Zone,Basketball,2028-07-25,11,20:00,22:00,2028-07-25 20:00:00-07,2028-07-25 22:00:00-07,scheduled,,3.1,intuit_dome,Intuit Dome,indoor,la_metro,33.944_-118.342,33.9442586,-118.3421719,true,77,,,,23.3411502855562,21.7,0.0,0.0,0.0,indoor,,0.7865262445201856,0.12097864688174088,0.08769264672004806,126876.0,44.7527136597483,-0.683253233979471,46.0,0.0,,27.386477750460656,78.65262445201856,43.16746766020529,0.0,41.4,0.65
d6551a66a9c527256a45887b453f912c,DTLA Zone,Fencing,2028-07-17,3,09:00,16:20,2028-07-17 09:00:00-07,2028-07-17 16:20:00-07,scheduled,,3.1,la_convention_center,Los Angeles Convention Center,indoor,la_metro,34.041_-118.269,34.0414677,-118.2689803,true,77,,,,22.906119604873673,31.0,0.0,0.0,0.0,indoor,,0.8429400714333551,0.10879754283099419,0.3231605710375201,251468.0,45.231211044975936,-1.3487515220421429,74.0,0.021505376344086023,,23.820652498964538,84.29400714333552,36.51248477957857,10.75268817204301,42.4,0.65
22db8fb75ec9543160da3f4f312e8be8,DTLA Zone,Taekwondo,2028-07-29,15,15:00,18:00,2028-07-29 15:00:00-07,2028-07-29 18:00:00-07,scheduled,,3.1,la_convention_center,Los Angeles Convention Center,indoor,la_metro,34.041_-118.269,34.0414677,-118.2689803,true,77,,,,28.58902326564021,30.7,0.0,0.0,0.0,indoor,,0.8429400714333551,0.10879754283099419,0.3231605710375201,251468.0,45.231211044975936,-1.3487515220421429,74.0,0.021505376344086023,,70.40183004623124,84.29400714333552,36.51248477957857,10.75268817204301,60.3,0.65
fb6856e9029f26fea87845b9237deccb,DTLA Zone,Taekwondo,2028-07-29,15,19:30,23:00,2028-07-29 19:30:00-07,2028-07-29 23:00:00-07,scheduled,gold,3.1,la_convention_center,Los Angeles Convention Center,indoor,la_metro,34.041_-118.269,34.0414677,-118.2689803,true,77,,,,23.941271162280852,23.1,0.0,0.0,0.0,indoor,,0.8429400714333551,0.10879754283099419,0.3231605710375201,251468.0,45.231211044975936,-1.3487515220421429,74.0,0.021505376344086023,,32.30550133017092,84.29400714333552,36.51248477957857,10.75268817204301,45.6,0.65
a010173b71be7ce750dfd924e4ff8a57,DTLA Zone,Wrestling,2028-07-26,12,11:00,13:30,2028-07-26 11:00:00-07,2028-07-26 13:30:00-07,scheduled,,3.1,la_convention_center,Los Angeles Convention Center,indoor,la_metro,34.041_-118.269,34.0414677,-118.2689803,true,77,,,,27.019099737461435,30.3,0.0,0.0,0.0,indoor,,0.8429400714333551,0.10879754283099419,0.3231605710375201,251468.0,45.231211044975936,-1.3487515220421429,74.0,0.021505376344086023,,57.5336044054216,84.29400714333552,36.51248477957857,10.75268817204301,55.3,0.65
b402b2b5758b1b53caf525099ecbe213,DTLA Zone,Table Tennis,2028-07-19,5,10:00,13:00,2028-07-19 10:00:00-07,2028-07-19 13:00:00-07,scheduled,,3.1,la_convention_center,Los Angeles Convention Center,indoor,la_metro,34.041_-118.269,34.0414677,-118.2689803,true,77,,,,24.591165167370054,30.9,0.0,0.0,0.0,indoor,,0.8429400714333551,0.10879754283099419,0.3231605710375201,251468.0,45.231211044975936,-1.3487515220421429,74.0,0.021505376344086023,,37.63250137188569,84.29400714333552,36.51248477957857,10.75268817204301,47.7,0.65
8667649a03e908055bf76fa867acfc9f,DTLA Zone,Table Tennis,2028-07-25,11,10:00,15:00,2028-07-25 10:00:00-07,2028-07-25 15:00:00-07,scheduled,,3.1,la_convention_center,Los Angeles Convention Center,indoor,la_metro,34.041_-118.269,34.0414677,-118.2689803,true,77,,,,25.342149520142808,31.0,0.0,0.0,0.0,indoor,,0.8429400714333551,0.10879754283099419,0.3231605710375201,251468.0,45.231211044975936,-1.3487515220421429,74.0,0.021505376344086023,,43.78811082084269,84.29400714333552,36.51248477957857,10.75268817204301,50.0,0.65
a581c8e1744466f2e401f78b89554ca5,DTLA Zone,Table Tennis,2028-07-26,12,10:00,15:00,2028-07-26 10:00:00-07,2028-07-26 15:00:00-07,scheduled,,3.1,la_convention_center,Los Angeles Convention Center,indoor,la_metro,34.041_-118.269,34.0414677,-118.2689803,true,77,,,,25.342149520142808,30.6,0.0,0.0,0.0,indoor,,0.8429400714333551,0.10879754283099419,0.3231605710375201,251468.0,45.231211044975936,-1.3487515220421429,74.0,0.021505376344086023,,43.78811082084269,84.29400714333552,36.51248477957857,10.75268817204301,50.0,0.65
9c111207bfb3e32b1699ab2e32f9fd5c,Long Beach Zone,Water Polo,2028-07-16,2,14:30,17:30,2028-07-16 14:30:00-07,2028-07-16 17:30:00-07,scheduled,,3.1,lb_aquatics,Long Beach Aquatics Center,outdoor,la_metro,33.765_-118.191,33.7647297,-118.1906881,true,77,24.312847916142715,25.465335711966947,27.649071639390026,25.552973903003036,25.5,0.0,0.0,0.0,none,0,0.7801262996131555,0.09415469660013052,0.16332926682508087,104578.0,41.78719308315273,-2.5038959552027364,44.0,0.0,44.79783370464711,45.51617953281177,78.01262996131555,24.961040447972636,0.0,45.2,1.0
2db0e0882d83b4d75c62f7d3af8171fc,Long Beach Zone,Water Polo,2028-07-17,3,19:00,22:00,2028-07-17 19:00:00-07,2028-07-17 22:00:00-07,scheduled,,3.1,lb_aquatics,Long Beach Aquatics Center,outdoor,la_metro,33.765_-118.191,33.7647297,-118.1906881,true,77,21.035390379042376,22.36969445887382,23.967378110643796,23.567197653323475,22.3,0.0,0.0,0.0,none,0,0.7801262996131555,0.09415469660013052,0.16332926682508087,104578.0,41.78719308315273,-2.5038959552027364,44.0,0.0,19.42372507273623,29.239325027241602,78.01262996131555,24.961040447972636,0.0,32.2,1.0
6619c09883a880230fea4977d177db3e,Long Beach Zone,Water Polo,2028-07-18,4,19:00,22:00,2028-07-18 19:00:00-07,2028-07-18 22:00:00-07,scheduled,,3.1,lb_aquatics,Long Beach Aquatics Center,outdoor,la_metro,33.765_-118.191,33.7647297,-118.1906881,true,77,21.078295433029023,22.423920984462672,23.967378110643796,23.594242032844956,22.3,0.0,0.0,0.0,none,0,0.7801262996131555,0.09415469660013052,0.16332926682508087,104578.0,41.78719308315273,-2.5038959552027364,44.0,0.0,19.86820479067764,29.461000269220953,78.01262996131555,24.961040447972636,0.0,32.4,1.0
314e596139b35f6d323fe0a61c201642,Long Beach Zone,Water Polo,2028-07-20,6,11:30,14:30,2028-07-20 11:30:00-07,2028-07-20 14:30:00-07,scheduled,,3.1,lb_aquatics,Long Beach Aquatics Center,outdoor,la_metro,33.765_-118.191,33.7647297,-118.1906881,true,77,25.143589759316065,26.98181280687182,28.495712639845497,26.12015870998342,26.0,0.0,0.0,0.0,green,1,0.7801262996131555,0.09415469660013052,0.16332926682508087,104578.0,41.78719308315273,-2.5038959552027364,44.0,0.0,57.22797382681819,50.16523532773296,78.01262996131555,24.961040447972636,0.0,50.7,1.0
e98600e157f69868f90fa90f12a80531,Long Beach Zone,Handball,2028-07-17,3,09:00,12:30,2028-07-17 09:00:00-07,2028-07-17 12:30:00-07,scheduled,,3.1,lb_arena,Long Beach Arena,indoor,la_metro,33.764_-118.188,33.7640942,-118.1883741,true,77,,,,22.4664297209866,24.5,0.0,0.0,0.0,indoor,,0.7738358699694163,0.09577072861356313,0.16007091093644696,107248.0,41.9957896607921,-2.275732057342644,44.0,0.0,,20.216637057267214,77.38358699694163,27.242679426573556,0.0,35.8,0.65
823834014725d40af900de7df207942b,Long Beach Zone,Handball,2028-07-27,13,09:30,11:30,2028-07-27 09:30:00-07,2028-07-27 11:30:00-07,scheduled,bronze,3.1,lb_arena,Long Beach Arena,indoor,la_metro,33.764_-118.188,33.7640942,-118.1883741,true,77,,,,24.646404654132876,24.3,0.0,0.0,0.0,indoor,,0.7738358699694163,0.09577072861356313,0.16007091093644696,107248.0,41.9957896607921,-2.275732057342644,44.0,0.0,,38.08528405026948,77.38358699694163,27.242679426573556,0.0,42.6,0.65
d50bf83870cc7c3cf17ed9f97ce69331,DTLA Zone,Boxing - Preliminary Stages,2028-07-21,7,19:00,22:00,2028-07-21 19:00:00-07,2028-07-21 22:00:00-07,scheduled,,3.1,peacock_theater,Peacock Theater,indoor,la_metro,34.045_-118.267,34.0445026,-118.2670716,true,77,,,,25.39709309853456,25.1,0.0,0.0,0.0,indoor,,0.8362896053815339,0.11167189175274518,0.3209798271133104,255553.0,44.59364344327564,-2.0377940076130585,74.0,0.021505376344086023,,44.2384680207751,83.62896053815338,29.622059923869415,10.75268817204301,49.0,0.65
37fc83e3281ecc763b900cb7bb4de353,Arcadia Zone,Equestrian,2028-07-28,14,08:00,12:00,2028-07-28 08:00:00-07,2028-07-28 12:00:00-07,scheduled,,3.1,santa_anita,Santa Anita Park,outdoor,la_metro,34.139_-118.046,34.1389561,-118.0458874,true,77,27.623702147312887,29.680223053227323,32.16956324402848,21.001439038052045,29.8,0.11688311688311688,0.012987012987012988,0.0,yellow,2,0.45412308101810017,0.18293394712012578,0.0417705268159025,64700.0,46.43810342368866,1.9522025554512332,126.0,0.22311827956989247,79.34609060022396,8.208516705344628,45.41230810181002,69.52202555451234,100.0,55.9,1.0
008ddae7f49b3d434a6d9d67ba0adf30,Valley Zone,Skateboarding (Street),2028-07-19,5,20:30,22:00,2028-07-19 20:30:00-07,2028-07-19 22:00:00-07,scheduled,gold,3.1,sepulveda_basin_1,Valley Complex 1 (Sepulveda Basin),outdoor,la_metro,34.173_-118.487,34.1733026,-118.4868622,true,77,18.104119401003764,20.32009482731493,22.934560400879533,22.60461666306139,20.9,0.0,0.0,0.0,none,0,0.5125414368774284,0.1421575817408121,0.0671343166412166,66043.0,39.22821859281644,-6.8142964041277025,129.0,0.29838709677419356,2.623728092745317,21.349316910339255,51.25414368774284,0.0,100.0,26.5,1.0
18a11d3ec1e73aafc2a978645e86dfce,Valley Zone,Modern Pentathlon,2028-07-16,2,09:00,13:30,2028-07-16 09:00:00-07,2028-07-16 13:30:00-07,scheduled,,3.1,sepulveda_basin_2,Valley Complex 2 (Sepulveda Basin),outdoor,la_metro,34.173_-118.487,34.1733026,-118.4868622,true,77,27.151088692518776,28.914806506801373,31.829576275231233,23.060280538406676,30.3,0.05194805194805195,0.012987012987012988,0.0,green,1,0.5125414368774284,0.1421575817408121,0.0671343166412166,66043.0,39.22821859281644,-6.8142964041277025,129.0,0.29838709677419356,73.07218448197847,25.084266708251445,51.25414368774284,0.0,100.0,52.1,1.0
06f1d5263f444f020210939f1fb8fc61,Valley Zone,Modern Pentathlon,2028-07-17,3,09:00,11:00,2028-07-17 09:00:00-07,2028-07-17 11:00:00-07,scheduled,gold,3.1,sepulveda_basin_2,Valley Complex 2 (Sepulveda Basin),outdoor,la_metro,34.173_-118.487,34.1733026,-118.4868622,true,77,26.342849370687976,28.009883789284462,31.829576275231233,23.1623005648277,28.0,0.012987012987012988,0.012987012987012988,0.0,green,1,0.5125414368774284,0.1421575817408121,0.0671343166412166,66043.0,39.22821859281644,-6.8142964041277025,129.0,0.29838709677419356,65.65478515806936,25.92049643301393,51.25414368774284,0.0,100.0,49.7,1.0
f66a0d12a9ba5a372a8c16171222a546,Valley Zone,Skateboarding (Park),2028-07-25,11,10:30,13:30,2028-07-25 10:30:00-07,2028-07-25 13:30:00-07,scheduled,,3.1,sepulveda_basin_2,Valley Complex 2 (Sepulveda Basin),outdoor,la_metro,34.173_-118.487,34.1733026,-118.4868622,true,77,27.442736762024555,30.014804202722214,31.058101032398493,27.887146416934236,30.1,0.19480519480519481,0.0,0.0,yellow,2,0.5125414368774284,0.1421575817408121,0.0671343166412166,66043.0,39.22821859281644,-6.8142964041277025,129.0,0.29838709677419356,82.08855903870668,64.64874112241178,51.25414368774284,0.0,100.0,65.1,1.0
e16356dbb89260c7327b8ae50e52ccb5,Valley Zone,3x3 Basketball,2028-07-18,4,17:30,19:30,2028-07-18 17:30:00-07,2028-07-18 19:30:00-07,scheduled,,3.1,sepulveda_basin_3,Valley Complex 3 (Sepulveda Basin),outdoor,la_metro,34.173_-118.487,34.1733026,-118.4868622,true,77,24.440081568577046,25.818587870030388,26.554033567143705,26.52102912025402,27.2,0.0,0.0,0.0,none,0,0.5125414368774284,0.1421575817408121,0.0671343166412166,66043.0,39.22821859281644,-6.8142964041277025,129.0,0.29838709677419356,47.693343196970396,53.45105836273788,51.25414368774284,0.0,100.0,50.3,1.0
0dc4b2d14cf6e1824f2276c8bdd0c147,Valley Zone,3x3 Basketball,2028-07-19,5,17:30,19:30,2028-07-19 17:30:00-07,2028-07-19 19:30:00-07,scheduled,,3.1,sepulveda_basin_3,Valley Complex 3 (Sepulveda Basin),outdoor,la_metro,34.173_-118.487,34.1733026,-118.4868622,true,77,24.374209035618996,26.0131235869494,28.669970014721848,26.54748178187658,27.1,0.0,0.0,0.0,none,0,0.5125414368774284,0.1421575817408121,0.0671343166412166,66043.0,39.22821859281644,-6.8142964041277025,129.0,0.29838709677419356,49.28789825368362,53.66788345800476,51.25414368774284,0.0,100.0,50.9,1.0
f17acbc45bc2e30f143844aef4da65bb,Venice Zone,Cycling Road (Road Race - Start),2028-07-23,9,09:00,16:15,2028-07-23 09:00:00-07,2028-07-23 16:15:00-07,scheduled,gold,3.1,venice_boardwalk,Venice Beach Boardwalk,outdoor,la_metro,33.987_-118.474,33.9867133,-118.4741048,true,77,25.11536276881608,27.906374399109,29.519500792994783,23.065322277291077,25.5,0.025974025974025976,0.0,0.0,green,1,0.28792142029818013,0.15575356614360425,0.09596654386371305,60810.0,40.694691283321575,-0.53840610768777,43.0,0.0,64.80634753368034,25.12559243681211,28.792142029818013,44.6159389231223,0.0,39.2,1.0
74ee80c6b81c4ea5adc5c72af5bd6738,Long Beach Zone,Beach Volleyball,2028-07-25,11,20:00,22:00,2028-07-25 20:00:00-07,2028-07-25 22:00:00-07,scheduled,,3.1,alamitos_beach,Alamitos Beach Stadium,outdoor,la_metro,33.762_-118.178,33.7622,-118.178,true,77,19.679893784938034,21.4639931707175,23.630977469328172,23.003293067860096,20.9,0.0,0.0,0.0,none,0,0.722444167544943,0.09900287134830982,0.1447523855740016,119359.0,40.29293224720002,-3.915892902295056,44.0,0.0,11.9999440222746,24.61715629393521,72.2444167544943,10.84107097704944,0.0,25.9,1.0
035b1673ef393e436df0733b95dc945f,Long Beach Zone,Beach Volleyball,2028-07-26,12,20:00,22:00,2028-07-26 20:00:00-07,2028-07-26 22:00:00-07,scheduled,,3.1,alamitos_beach,Alamitos Beach Stadium,outdoor,la_metro,33.762_-118.178,33.7622,-118.178,true,77,19.679893784938034,21.547285799676352,22.57565013901733,23.172691883559455,20.9,0.0,0.0,0.0,none,0,0.722444167544943,0.09900287134830982,0.1447523855740016,119359.0,40.29293224720002,-3.915892902295056,44.0,0.0,12.68267048915043,26.00567117671685,72.2444167544943,10.84107097704944,0.0,26.5,1.0
93c0e880fed947e8b2fc40850ffb10cd,Long Beach Zone,Sailing (Windsurfing & Kite),2028-07-17,3,14:00,20:00,2028-07-17 14:00:00-07,2028-07-17 20:00:00-07,scheduled,,3.1,belmont_shore,Belmont Shore,outdoor,la_metro,33.757_-118.137,33.7572435,-118.1370107,true,77,24.73935182141201,26.018818084466833,28.060076464339286,25.85088353109048,26.2,0.0,0.0,0.0,none,0,0.25663974898633546,0.16622647675774047,0.04377574088491976,63598.0,42.23614688798067,-0.7561596559308086,44.0,0.0,49.334574462842895,47.95806173024985,25.663974898633548,42.438403440691914,0.0,38.6,1.0
e1e609afaabc628a1c00454c70c897e3,Carson Zone,Tennis,2028-07-26,12,11:00,16:30,2028-07-26 11:00:00-07,2028-07-26 16:30:00-07,scheduled,,3.1,carson_tennis,Carson Tennis Center (Dignity Health Sports Park),outdoor,la_metro,33.862_-118.263,33.8623767,-118.2629113,true,77,26.347410321064846,28.585946107819225,30.07128645736658,27.223176932605956,27.9,0.05194805194805195,0.0,0.0,green,1,0.6024817596311259,0.18387482189886747,0.036071101931309975,48804.0,43.99505605118883,-2.327804008098596,47.0,0.0,70.37660744114119,59.206368300048815,60.248175963112594,26.721959919014036,0.0,54.2,1.0
e5f4b3258e121e7c8deb262d8348ee63,Carson Zone,Hockey,2028-07-18,4,09:00,14:00,2028-07-18 09:00:00-07,2028-07-18 14:00:00-07,scheduled,,3.1,carson_field,Carson Field (hockey),outdoor,la_metro,33.862_-118.263,33.8623767,-118.2629113,true,77,26.13802168414377,27.407226747359452,31.95966743080922,22.448778086856564,28.3,0.012987012987012988,0.012987012987012988,0.0,green,1,0.6024817596311259,0.18387482189886747,0.036071101931309975,48804.0,43.99505605118883,-2.327804008098596,47.0,0.0,60.714973339011905,20.07195153161118,60.248175963112594,26.721959919014036,0.0,41.0,1.0
c530b45111a544b312a7f8ffb44bcc2d,Carson Zone,Hockey,2028-07-20,6,17:00,22:00,2028-07-20 17:00:00-07,2028-07-20 22:00:00-07,scheduled,,3.1,carson_field,Carson Field (hockey),outdoor,la_metro,33.862_-118.263,33.8623767,-118.2629113,true,77,24.126762795971,25.698388116239066,27.707568766761707,26.364423086764322,26.0,0.0,0.0,0.0,none,0,0.6024817596311259,0.18387482189886747,0.036071101931309975,48804.0,43.99505605118883,-2.327804008098596,47.0,0.0,46.70809931343497,52.16740235052724,60.248175963112594,26.721959919014036,0.0,44.1,1.0
9a671c6cba75806515ebfaadfa2c3cee,Carson Zone,Hockey,2028-07-23,9,17:00,22:00,2028-07-23 17:00:00-07,2028-07-23 22:00:00-07,scheduled,,3.1,carson_field,Carson Field (hockey),outdoor,la_metro,33.862_-118.263,33.8623767,-118.2629113,true,77,24.247904550490883,26.08183702023155,27.707568766761707,26.707223877272167,26.2,0.0,0.0,0.0,none,0,0.6024817596311259,0.18387482189886747,0.036071101931309975,48804.0,43.99505605118883,-2.327804008098596,47.0,0.0,49.851123116652055,54.97724489567351,60.248175963112594,26.721959919014036,0.0,45.9,1.0
7f38b3b9446c848dee1bd094ba71ee57,Carson Zone,Hockey,2028-07-27,13,19:30,21:30,2028-07-27 19:30:00-07,2028-07-27 21:30:00-07,scheduled,,3.1,carson_field,Carson Field (hockey),outdoor,la_metro,33.862_-118.263,33.8623767,-118.2629113,true,77,19.841017063711234,21.758633538134596,23.118439624480605,23.44010581390598,21.5,0.0,0.0,0.0,none,0,0.6024817596311259,0.18387482189886747,0.036071101931309975,48804.0,43.99505605118883,-2.327804008098596,47.0,0.0,14.415029001103246,28.197588638573606,60.248175963112594,26.721959919014036,0.0,26.8,1.0
6dc8987b55069ecaaa56d0ff24eaff6e,Carson Zone,Archery,2028-07-22,8,20:00,22:35,2028-07-22 20:00:00-07,2028-07-22 22:35:00-07,scheduled,,3.1,carson_stadium,Carson Stadium (Dignity Health Sports Park),outdoor,la_metro,33.862_-118.263,33.8623767,-118.2629113,true,77,20.165543629189376,21.894471982041413,24.109470988092188,23.419296446151005,21.8,0.0,0.0,0.0,none,0,0.6024817596311259,0.18387482189886747,0.036071101931309975,48804.0,43.99505605118883,-2.327804008098596,47.0,0.0,15.52845886919191,28.027020050418077,60.248175963112594,26.721959919014036,0.0,27.2,1.0
5ed195755441130a77cedd27d3fdbdd4,Carson Zone,Archery,2028-07-24,10,10:30,12:40,2028-07-24 10:30:00-07,2028-07-24 12:40:00-07,scheduled,,3.1,carson_stadium,Carson Stadium (Dignity Health Sports Park),outdoor,la_metro,33.862_-118.263,33.8623767,-118.2629113,true,77,26.293789632122202,28.276817783196414,29.74501168488784,27.143134216467768,27.2,0.03896103896103896,0.0,0.0,green,1,0.6024817596311259,0.18387482189886747,0.036071101931309975,48804.0,43.99505605118883,-2.327804008098596,47.0,0.0,67.84276871472471,58.55028046285056,60.248175963112594,26.721959919014036,0.0,53.1,1.0
4044b8ed2e5d8fc89369378e7b555bc6,Carson Zone,Rugby Sevens,2028-07-13,-1,10:00,13:00,2028-07-13 10:00:00-07,2028-07-13 13:00:00-07,scheduled,,3.1,carson_stadium,Carson Stadium (Dignity Health Sports Park),outdoor,la_metro,33.862_-118.263,33.8623767,-118.2629113,true,77,25.997720503954724,27.460595785660207,28.567521214535105,24.684992775431805,27.8,0.0,0.0,0.0,green,1,0.6024817596311259,0.18387482189886747,0.036071101931309975,48804.0,43.99505605118883,-2.327804008098596,47.0,0.0,61.152424472624645,38.40158012649021,60.248175963112594,26.721959919014036,0.0,45.7,1.0
dacf50dee2c4e520fb8df78f92d12ab0,Universal City Zone,Squash,2028-07-16,2,19:30,23:15,2028-07-16 19:30:00-07,2028-07-16 23:15:00-07,scheduled,,3.1,universal_squash,Comcast Squash Center at Universal Studios,indoor,la_metro,34.139_-118.354,34.1392322,-118.3543834,true,77,,,,23.397841664665993,22.3,0.0,0.0,0.0,indoor,,0.27314579213257967,0.13454548874799477,0.060475225266751254,57367.0,42.11921961330288,-0.5442844072706237,108.0,0.15053763440860216,,27.851161185786832,27.314579213257968,44.55715592729376,75.26881720430107,37.6,0.65
e83009042c477a0ddd9fae9cdcc14ae4,Universal City Zone,Squash,2028-07-21,7,20:30,23:15,2028-07-21 20:30:00-07,2028-07-21 23:15:00-07,scheduled,,3.1,universal_squash,Comcast Squash Center at Universal Studios,indoor,la_metro,34.139_-118.354,34.1392322,-118.3543834,true,77,,,,22.139065424101666,21.3,0.0,0.0,0.0,indoor,,0.27314579213257967,0.13454548874799477,0.060475225266751254,57367.0,42.11921961330288,-0.5442844072706237,108.0,0.15053763440860216,,17.533323148374315,27.314579213257968,44.55715592729376,75.26881720430107,33.6,0.65
c7f933fd2bfa7357be4615265c31f7b5,DTLA Zone,Artistic Gymnastics,2028-07-16,2,09:45,13:35,2028-07-16 09:45:00-07,2028-07-16 13:35:00-07,scheduled,,3.1,crypto_arena,Crypto.com Arena,indoor,la_metro,34.043_-118.267,34.0429979,-118.2671352,true,77,,,,24.94344397586832,30.1,0.0,0.0,0.0,indoor,,0.8390710676842138,0.11034913662248746,0.3229660791465282,250992.0,44.956872521372205,-1.7580160159927765,74.0,0.021505376344086023,,40.52003258908459,83.90710676842139,32.419839840072235,10.75268817204301,48.0,0.65
b5bfa12168b2d3c76c1b8db537c7551f,DTLA Zone,Artistic Gymnastics,2028-07-17,3,17:15,20:30,2028-07-17 17:15:00-07,2028-07-17 20:30:00-07,scheduled,gold,3.1,crypto_arena,Crypto.com Arena,indoor,la_metro,34.043_-118.267,34.0429979,-118.2671352,true,77,,,,25.937469215603684,26.6,0.0,0.0,0.0,indoor,,0.8390710676842138,0.11034913662248746,0.3229660791465282,250992.0,44.956872521372205,-1.7580160159927765,74.0,0.021505376344086023,,48.667780455767904,83.90710676842139,32.419839840072235,10.75268817204301,51.2,0.65
ec6288f1971e09c52dcd7f1a33da6038,DTLA Zone,Boxing - Final Stages,2028-07-29,15,12:00,13:30,2028-07-29 12:00:00-07,2028-07-29 13:30:00-07,scheduled,gold,3.1,crypto_arena,Crypto.com Arena,indoor,la_metro,34.043_-118.267,34.0429979,-118.2671352,true,77,,,,27.87134413864485,30.7,0.0,0.0,0.0,indoor,,0.8390710676842138,0.11034913662248746,0.3229660791465282,250992.0,44.956872521372205,-1.7580160159927765,74.0,0.021505376344086023,,64.51921425118731,83.90710676842139,32.419839840072235,10.75268817204301,57.3,0.65
388927671dcdaa833d261726a6ab51d2,DTLA Zone,Baseball,2028-07-13,-1,19:00,22:00,2028-07-13 19:00:00-07,2028-07-13 22:00:00-07,scheduled,,3.1,dodger_stadium,Dodger Stadium,outdoor,la_metro,34.074_-118.24,34.0736255,-118.2398452,true,77,21.626141383221867,22.766394067048317,23.72853998631203,24.30250668622442,24.6,0.0,0.0,0.0,none,0,0.7157546100855401,0.12754781312621502,0.17472194450716344,136948.0,45.93319292054734,0.29604478539991064,74.0,0.021505376344086023,22.675361205314076,35.26644824774114,71.57546100855402,52.960447853999106,10.75268817204301,37.4,1.0
6e06d9ac2c00bf5aefbdc2e196a4a20e,Exposition Park Zone,Flag Football,2028-07-19,5,19:00,22:15,2028-07-19 19:00:00-07,2028-07-19 22:15:00-07,scheduled,,3.1,bmo_stadium,BMO Stadium,outdoor,la_metro,34.013_-118.284,34.012814,-118.2840892,true,77,21.113066780654833,22.716166007964066,26.34508075944907,24.060234158858737,22.8,0.0,0.0,0.0,none,0,0.889761315639675,0.08244607076326733,0.18066424292001207,227191.0,44.454678368927794,-2.33653947573314,71.0,0.021505376344086023,22.26365580298415,33.28060785949785,88.9761315639675,26.634605242668595,10.75268817204301,37.6,1.0
f03289658bfd4e7d86bbefc041a9db96,Pomona Zone,Cricket,2028-07-12,-2,09:00,12:30,2028-07-12 09:00:00-07,2028-07-12 12:30:00-07,scheduled,,3.1,fairplex_cricket,Fairgrounds Cricket Stadium (Fairplex),outdoor,la_metro,34.087_-117.767,34.0870515,-117.7668542,true,77,27.074667738086134,28.513717155905013,29.334731555137363,22.855888117544126,30.7,0.0,0.0,0.0,green,1,0.7307144233518286,0.1444376036552249,0.06587964703957196,61516.0,47.23916496816421,1.1143602628049933,156.0,0.4327956989247312,69.78456685168044,23.408918996263328,73.07144233518285,61.14360262804993,100.0,61.0,1.0
8f6250a517dfbc4ea52c8e75e97b2deb,Pomona Zone,Cricket,2028-07-13,-1,09:00,12:30,2028-07-13 09:00:00-07,2028-07-13 12:30:00-07,scheduled,,3.1,fairplex_cricket,Fairgrounds Cricket Stadium (Fairplex),outdoor,la_metro,34.087_-117.767,34.0870515,-117.7668542,true,77,27.072876300526545,28.477474718643705,29.334731555137363,22.855888117544126,30.6,0.0,0.0,0.0,green,1,0.7307144233518286,0.1444376036552249,0.06587964703957196,61516.0,47.23916496816421,1.1143602628049933,156.0,0.4327956989247312,69.48749769380088,23.408918996263328,73.07144233518285,61.14360262804993,100.0,60.9,1.0
a61a623b41e6d194fbe17c41f947014b,Exposition Park Zone,Badminton,2028-07-17,3,08:00,11:25,2028-07-17 08:00:00-07,2028-07-17 11:25:00-07,scheduled,,3.1,galen_center,Galen Center,indoor,la_metro,34.021_-118.28,34.020753,-118.2797965,true,77,,,,20.02201497601037,26.5,0.0,0.0,0.0,indoor,,0.880924266400335,0.08445838018839198,0.19996670316057882,219220.0,44.8627076408096,-2.06563381306729,71.0,0.021505376344086023,,0.1804506230358329,88.09242664003351,29.343661869327097,10.75268817204301,33.3,0.65
3bf9548e7682fe4521c68f66288a8754,Exposition Park Zone,Badminton,2028-07-17,3,19:00,23:05,2028-07-17 19:00:00-07,2028-07-17 23:05:00-07,scheduled,,3.1,galen_center,Galen Center,indoor,la_metro,34.021_-118.28,34.020753,-118.2797965,true,77,,,,23.984844803092884,22.6,0.0,0.0,0.0,indoor,,0.880924266400335,0.08445838018839198,0.19996670316057882,219220.0,44.8627076408096,-2.06563381306729,71.0,0.021505376344086023,,32.66266232043347,88.09242664003351,29.343661869327097,10.75268817204301,45.8,0.65
75f1e5e177eb956dd2af9f2049bf3aa2,Exposition Park Zone,Badminton,2028-07-22,8,18:30,23:15,2028-07-22 18:30:00-07,2028-07-22 23:15:00-07,scheduled,,3.1,galen_center,Galen Center,indoor,la_metro,34.021_-118.28,34.020753,-118.2797965,true,77,,,,24.918172264108414,23.2,0.0,0.0,0.0,indoor,,0.880924266400335,0.08445838018839198,0.19996670316057882,219220.0,44.8627076408096,-2.06563381306729,71.0,0.021505376344086023,,40.3128874107247,88.09242664003351,29.343661869327097,10.75268817204301,48.8,0.65
cb8354e63d55ce53a9c04f6e5f835dd0,Anaheim Zone,Volleyball,2028-07-17,3,17:00,19:30,2028-07-17 17:00:00-07,2028-07-17 19:30:00-07,scheduled,,3.1,honda_center,Honda Center,indoor,la_metro,33.808_-117.877,33.8078316,-117.876534,true,77,,,,26.274535097243334,26.3,0.0,0.0,0.0,indoor,,0.6492647210536929,0.10353301803233088,0.039734922549210024,65718.0,47.43342904084868,0.4938292016918844,50.0,0.008064516129032258,,51.43061555117486,64.9264721053693,54.938292016918844,4.032258064516129,48.8,0.65
247559e9d8978ce7bb4315fec965ba02,Anaheim Zone,Volleyball,2028-07-20,6,21:00,23:30,2028-07-20 21:00:00-07,2028-07-20 23:30:00-07,scheduled,,3.1,honda_center,Honda Center,indoor,la_metro,33.808_-117.877,33.8078316,-117.876534,true,77,,,,21.685297882486875,21.1,0.0,0.0,0.0,indoor,,0.6492647210536929,0.10353301803233088,0.039734922549210024,65718.0,47.43342904084868,0.4938292016918844,50.0,0.008064516129032258,,13.81391706956455,64.9264721053693,54.938292016918844,4.032258064516129,34.4,0.65
004aacbf2552472e23dec9d70877b084,Anaheim Zone,Volleyball,2028-07-25,11,13:00,15:30,2028-07-25 13:00:00-07,2028-07-25 15:30:00-07,scheduled,,3.1,honda_center,Honda Center,indoor,la_metro,33.808_-117.877,33.8078316,-117.876534,true,77,,,,28.384123789488623,29.0,0.0,0.0,0.0,indoor,,0.6492647210536929,0.10353301803233088,0.039734922549210024,65718.0,47.43342904084868,0.4938292016918844,50.0,0.008064516129032258,,68.72232614334936,64.9264721053693,54.938292016918844,4.032258064516129,55.5,0.65
a639659b53c773afa6ab2470d332a4f0,Inglewood Zone,Basketball,2028-07-18,4,12:00,16:15,2028-07-18 12:00:00-07,2028-07-18 16:15:00-07,scheduled,,3.1,intuit_dome,Intuit Dome,indoor,la_metro,33.944_-118.342,33.9442586,-118.3421719,true,77,,,,27.190715397063624,28.6,0.0,0.0,0.0,indoor,,0.7865262445201856,0.12097864688174088,0.08769264672004806,126876.0,44.7527136597483,-0.683253233979471,46.0,0.0,,58.940290139865766,78.65262445201856,43.16746766020529,0.0,53.5,0.65
19d9ff3177f3ed2431691b2b6764650f,DTLA Zone,Fencing,2028-07-15,1,18:30,22:20,2028-07-15 18:30:00-07,2028-07-15 22:20:00-07,scheduled,gold,3.1,la_convention_center,Los Angeles Convention Center,indoor,la_metro,34.041_-118.269,34.0414677,-118.2689803,true,77,,,,24.91258753691938,24.7,0.0,0.0,0.0,indoor,,0.8429400714333551,0.10879754283099419,0.3231605710375201,251468.0,45.231211044975936,-1.3487515220421429,74.0,0.021505376344086023,,40.26711095835556,84.29400714333552,36.51248477957857,10.75268817204301,48.7,0.65
5e2792c7ec4d16cf1ec175315ec619ec,DTLA Zone,Fencing,2028-07-18,4,09:00,14:30,2028-07-18 09:00:00-07,2028-07-18 14:30:00-07,scheduled,,3.1,la_convention_center,Los Angeles Convention Center,indoor,la_metro,34.041_-118.269,34.0414677,-118.2689803,true,77,,,,22.73103905073519,31.1,0.0,0.0,0.0,indoor,,0.8429400714333551,0.10879754283099419,0.3231605710375201,251468.0,45.231211044975936,-1.3487515220421429,74.0,0.021505376344086023,,22.385565989632717,84.29400714333552,36.51248477957857,10.75268817204301,41.8,0.65
f6ee082f08230631ddd9019900448769,DTLA Zone,Fencing,2028-07-22,8,18:30,21:20,2028-07-22 18:30:00-07,2028-07-22 21:20:00-07,scheduled,gold,3.1,la_convention_center,Los Angeles Convention Center,indoor,la_metro,34.041_-118.269,34.0414677,-118.2689803,true,77,,,,25.523647510208633,25.2,0.0,0.0,0.0,indoor,,0.8429400714333551,0.10879754283099419,0.3231605710375201,251468.0,45.231211044975936,-1.3487515220421429,74.0,0.021505376344086023,,45.27579926400519,84.29400714333552,36.51248477957857,10.75268817204301,50.6,0.65
647e61e965b65f616cf479aab2ea4ce1,DTLA Zone,Judo,2028-07-21,7,10:00,14:00,2028-07-21 10:00:00-07,2028-07-21 14:00:00-07,scheduled,,3.1,la_convention_center,Los Angeles Convention Center,indoor,la_metro,34.041_-118.269,34.0414677,-118.2689803,true,77,,,,25.18993487375803,31.5,0.0,0.0,0.0,indoor,,0.8429400714333551,0.10879754283099419,0.3231605710375201,251468.0,45.231211044975936,-1.3487515220421429,74.0,0.021505376344086023,,42.54044978490189,84.29400714333552,36.51248477957857,10.75268817204301,49.6,0.65
f22021f5b61f911306f72b092ac686f4,DTLA Zone,Table Tennis,2028-07-23,9,21:00,23:15,2028-07-23 21:00:00-07,2028-07-23 23:15:00-07,scheduled,gold,3.1,la_convention_center,Los Angeles Convention Center,indoor,la_metro,34.041_-118.269,34.0414677,-118.2689803,true,77,,,,22.377837132119257,22.0,0.0,0.0,0.0,indoor,,0.8429400714333551,0.10879754283099419,0.3231605710375201,251468.0,45.231211044975936,-1.3487515220421429,74.0,0.021505376344086023,,19.490468296059486,84.29400714333552,36.51248477957857,10.75268817204301,40.7,0.65
fd549344bf87208bd18b7c8b5ecaa5f1,DTLA Zone,Table Tennis,2028-07-28,14,20:00,22:30,2028-07-28 20:00:00-07,2028-07-28 22:30:00-07,scheduled,,3.1,la_convention_center,Los Angeles Convention Center,indoor,la_metro,34.041_-118.269,34.0414677,-118.2689803,true,77,,,,23.931573463087844,22.9,0.0,0.0,0.0,indoor,,0.8429400714333551,0.10879754283099419,0.3231605710375201,251468.0,45.231211044975936,-1.3487515220421429,74.0,0.021505376344086023,,32.22601199252331,84.29400714333552,36.51248477957857,10.75268817204301,45.6,0.65
72888634380b422697ab5089574e4416,Long Beach Zone,Handball,2028-07-22,8,09:00,12:30,2028-07-22 09:00:00-07,2028-07-22 12:30:00-07,scheduled,,3.1,lb_arena,Long Beach Arena,indoor,la_metro,33.764_-118.188,33.7640942,-118.1883741,true,77,,,,23.063461782433798,25.1,0.0,0.0,0.0,indoor,,0.7738358699694163,0.09577072861356313,0.16007091093644696,107248.0,41.9957896607921,-2.275732057342644,44.0,0.0,,25.11034247896556,77.38358699694163,27.242679426573556,0.0,37.7,0.65
e3fed8204afaf9f306f91e762ea0290a,Long Beach Zone,Handball,2028-07-28,14,09:30,11:30,2028-07-28 09:30:00-07,2028-07-28 11:30:00-07,scheduled,bronze,3.1,lb_arena,Long Beach Arena,indoor,la_metro,33.764_-118.188,33.7640942,-118.1883741,true,77,,,,24.466583408987933,24.2,0.0,0.0,0.0,indoor,,0.7738358699694163,0.09577072861356313,0.16007091093644696,107248.0,41.9957896607921,-2.275732057342644,44.0,0.0,,36.61133941793388,77.38358699694163,27.242679426573556,0.0,42.1,0.65
07982a0c7ea3d15edc43dee606aa7cce,Long Beach Zone,Shooting (Rifle & Pistol),2028-07-22,8,09:30,17:30,2028-07-22 09:30:00-07,2028-07-22 17:30:00-07,scheduled,,3.1,lb_shooting_hall,Long Beach Target Shooting Hall,indoor,la_metro,33.765_-118.191,33.7647297,-118.1906881,true,77,,,,24.94358353680573,26.7,0.0,0.0,0.0,indoor,,0.7801262996131555,0.09415469660013052,0.16332926682508087,104578.0,41.78719308315273,-2.5038959552027364,44.0,0.0,,40.521176531194506,78.01262996131555,24.961040447972636,0.0,43.4,0.65
22b5df38093dd91d227049a548e9b149,Long Beach Zone,Rowing,2028-07-18,4,13:30,16:00,2028-07-18 13:30:00-07,2028-07-18 16:00:00-07,scheduled,gold,3.1,marine_stadium,Marine Stadium,outdoor,la_metro,33.766_-118.127,33.7658713,-118.1268662,true,77,24.81161480284085,26.01948531318348,28.060503998471898,25.887659411845213,26.2,0.0,0.0,0.0,none,0,0.238919204098983,0.16645636928537386,0.03847797848994337,72741.0,39.278168418526626,-3.8697284565432284,44.0,0.0,49.34004355068427,48.25950337578044,23.8919204098983,11.302715434567716,0.0,35.2,1.0
5904075e4d2d4ffcacef70acf737e959,Long Beach Zone,Rowing,2028-07-20,6,09:00,11:00,2028-07-20 09:00:00-07,2028-07-20 11:00:00-07,scheduled,gold,3.1,marine_stadium,Marine Stadium,outdoor,la_metro,33.766_-118.127,33.7658713,-118.1268662,true,77,24.43152105259616,26.409168604206755,28.304997322760222,22.84838186822847,24.4,0.0,0.0,0.0,none,0,0.238919204098983,0.16645636928537386,0.03847797848994337,72741.0,39.278168418526626,-3.8697284565432284,44.0,0.0,52.53416888694061,23.34739236252843,23.8919204098983,11.302715434567716,0.0,30.1,1.0
278d0c1ab8cadc719077aa5e54317068,DTLA Zone,Weightlifting,2028-07-27,13,20:50,23:00,2028-07-27 20:50:00-07,2028-07-27 23:00:00-07,scheduled,gold,3.1,peacock_theater,Peacock Theater,indoor,la_metro,34.045_-118.267,34.0445026,-118.2670716,true,77,,,,22.076093277702466,21.7,0.0,0.0,0.0,indoor,,0.8362896053815339,0.11167189175274518,0.3209798271133104,255553.0,44.59364344327564,-2.0377940076130585,74.0,0.021505376344086023,,17.017158013954635,83.62896053815338,29.622059923869415,10.75268817204301,38.5,0.65
ca218c02e4cb56a15ba16f10caa311f0,DTLA Zone,Weightlifting,2028-07-28,14,20:50,23:00,2028-07-28 20:50:00-07,2028-07-28 23:00:00-07,scheduled,gold,3.1,peacock_theater,Peacock Theater,indoor,la_metro,34.045_-118.267,34.0445026,-118.2670716,true,77,,,,22.0047964200558,21.6,0.0,0.0,0.0,indoor,,0.8362896053815339,0.11167189175274518,0.3209798271133104,255553.0,44.59364344327564,-2.0377940076130585,74.0,0.021505376344086023,,16.43275754144099,83.62896053815338,29.622059923869415,10.75268817204301,38.3,0.65
80363cce38632d8b7a92f6f6dd2d2f11,Riviera Zone,Golf,2028-07-29,15,09:00,18:30,2028-07-29 09:00:00-07,2028-07-29 18:30:00-07,scheduled,gold,3.1,riviera_cc,Riviera Country Club,outdoor,la_metro,34.045_-118.502,34.0451645,-118.5024932,true,77,26.3318028722801,28.6510692275953,32.3309324921893,23.699091053845436,28.1,0.03896103896103896,0.012987012987012988,0.012987012987012988,green,1,0.2345785426721352,0.21841170872377855,0.05693533352717709,64796.0,34.28187011868873,-3.5074867709350173,46.0,0.0,70.91040350487951,30.32041847414292,23.45785426721352,14.92513229064983,0.0,38.6,1.0
ce40f807f0d4ea41dd6e8882a5aa44a0,Arcadia Zone,Equestrian,2028-07-15,1,16:30,19:00,2028-07-15 16:30:00-07,2028-07-15 19:00:00-07,scheduled,,3.1,santa_anita,Santa Anita Park,outdoor,la_metro,34.139_-118.046,34.1389561,-118.0458874,true,77,25.46422448013529,27.094998725288782,27.494389370951346,27.717548703057258,29.8,0.0,0.0,0.0,green,1,0.45412308101810017,0.18293394712012578,0.0417705268159025,64700.0,46.43810342368866,1.9522025554512332,126.0,0.22311827956989247,58.155727256465426,63.25859592669884,45.41230810181002,69.52202555451234,100.0,62.2,1.0
ae01df91008e15d6fb3be28a6f4a7854,Arcadia Zone,Equestrian,2028-07-21,7,09:00,11:45,2028-07-21 09:00:00-07,2028-07-21 11:45:00-07,scheduled,,3.1,santa_anita,Santa Anita Park,outdoor,la_metro,34.139_-118.046,34.1389561,-118.0458874,true,77,26.54456042081275,28.52315548927151,30.992239813669595,23.71997645508363,28.3,0.03896103896103896,0.0,0.0,green,1,0.45412308101810017,0.18293394712012578,0.0417705268159025,64700.0,46.43810342368866,1.9522025554512332,126.0,0.22311827956989247,69.86193023993042,30.491610287570726,45.41230810181002,69.52202555451234,100.0,58.1,1.0
db44c4f6534bd9b47d0d669baf79b805,Arcadia Zone,Equestrian,2028-07-24,10,08:30,12:00,2028-07-24 08:30:00-07,2028-07-24 12:00:00-07,scheduled,gold,3.1,santa_anita,Santa Anita Park,outdoor,la_metro,34.139_-118.046,34.1389561,-118.0458874,true,77,27.607453573279393,29.76570605870662,35.95142604886585,24.25645203143248,29.8,0.12987012987012986,0.012987012987012988,0.012987012987012988,yellow,2,0.45412308101810017,0.18293394712012578,0.0417705268159025,64700.0,46.43810342368866,1.9522025554512332,126.0,0.22311827956989247,80.04677097300508,34.888951077315426,45.41230810181002,69.52202555451234,100.0,62.8,1.0
2b1170ca3fb809e650c769b98d4bda26,Arcadia Zone,Equestrian,2028-07-25,11,09:00,12:00,2028-07-25 09:00:00-07,2028-07-25 12:00:00-07,scheduled,,3.1,santa_anita,Santa Anita Park,outdoor,la_metro,34.139_-118.046,34.1389561,-118.0458874,true,77,27.616264927488928,29.76570605870662,35.95142604886585,24.25645203143248,29.8,0.12987012987012986,0.012987012987012988,0.012987012987012988,yellow,2,0.45412308101810017,0.18293394712012578,0.0417705268159025,64700.0,46.43810342368866,1.9522025554512332,126.0,0.22311827956989247,80.04677097300508,34.888951077315426,45.41230810181002,69.52202555451234,100.0,62.8,1.0
2e220a8104adac620551800b213e1038,OKC Zone,Softball,2028-07-26,12,18:30,21:00,2028-07-26 18:30:00-07,2028-07-26 21:00:00-07,scheduled,,3.1,okc_softball,Devon Park (USA Softball Hall of Fame Stadium),outdoor,remote,35.525_-97.464,35.5247119,-97.4642798,true,77,25.56887317683723,26.907494970083448,27.521012363652005,28.00281233775687,30.0,0.0,0.0,0.0,green,1,,,,,,,84.0,0.021505376344086023,56.6188112301922,65.59682244063008,,,10.75268817204301,53.3,0.7
e844166eb527dda99adbe1e2db539fb7,San Diego Zone,Football (Soccer) - Group & Knockout Stages,2028-07-25,11,17:30,20:30,2028-07-25 17:30:00-07,2028-07-25 20:30:00-07,scheduled,,3.1,sd_stadium,Snapdragon Stadium,outdoor,remote,32.784_-117.122,32.7842418,-117.1223904,true,77,22.299090018138614,24.729440426654755,25.995785651211502,25.72761424949934,22.5,0.0,0.0,0.0,none,0,,,,,,,46.0,0.0,38.765905136514384,46.94765778278147,,,0.0,36.1,0.7
bcbc0074e2f1928c4a77faf82eaa9ab4,OKC Zone,Canoe Slalom,2028-07-15,1,08:00,11:10,2028-07-15 08:00:00-07,2028-07-15 11:10:00-07,scheduled,gold,3.1,okc_whitewater,Riversport OKC,outdoor,remote,35.453_-97.506,35.453,-97.506,true,77,29.902355317096287,31.555652050210345,37.81513336533655,26.89489474635778,33.0,0.6363636363636364,0.12987012987012986,0.03896103896103896,red,3,,,,,,,77.0,0.01881720430107527,94.71845942795365,56.51553070785067,,,9.408602150537634,68.9,0.7
223ce4dab23f9810aa07b99c8ac894ae,OKC Zone,Canoe Slalom,2028-07-22,8,07:00,09:20,2028-07-22 07:00:00-07,2028-07-22 09:20:00-07,scheduled,gold,3.1,okc_whitewater,Riversport OKC,outdoor,remote,35.453_-97.506,35.453,-97.506,true,77,28.779841196860826,29.971501783502255,33.03895261893903,25.356913991407403,31.1,0.2077922077922078,0.012987012987012988,0.012987012987012988,yellow,2,,,,,,,77.0,0.01881720430107527,81.733621176248,43.90913107710986,,,9.408602150537634,57.9,0.7
172bf7bbdd42626f5fdf344559570f2b,OKC Zone,Softball,2028-07-25,11,18:30,21:00,2028-07-25 18:30:00-07,2028-07-25 21:00:00-07,scheduled,,3.1,okc_softball,Devon Park (USA Softball Hall of Fame Stadium),outdoor,remote,35.525_-97.464,35.5247119,-97.4642798,true,77,25.496379877512805,26.8374186696097,27.521012363652005,28.03945494721468,30.1,0.0,0.0,0.0,green,1,,,,,,,84.0,0.021505376344086023,56.044415324669686,65.89717169848099,,,10.75268817204301,53.1,0.7
34c76fc7fdd18deba5c00b19d224a6b9,OKC Zone,Canoe Slalom,2028-07-19,5,07:00,10:10,2028-07-19 07:00:00-07,2028-07-19 10:10:00-07,scheduled,gold,3.1,okc_whitewater,Riversport OKC,outdoor,remote,35.453_-97.506,35.453,-97.506,true,77,29.54575088907211,30.85090549426623,32.738522890782804,25.330244539182885,32.2,0.5454545454545454,0.09090909090909091,0.012987012987012988,yellow,2,,,,,,,77.0,0.01881720430107527,88.94184831365763,43.69052900969578,,,9.408602150537634,61.4,0.7
54b85401c3fc38804cee8da0187cde6b,OKC Zone,Softball,2028-07-27,13,07:00,09:30,2028-07-27 07:00:00-07,2028-07-27 09:30:00-07,scheduled,,3.1,okc_softball,Devon Park (USA Softball Hall of Fame Stadium),outdoor,remote,35.525_-97.464,35.5247119,-97.4642798,true,77,29.07911093281918,30.866945569389237,32.65792909549264,25.440180965557303,31.1,0.36363636363636365,0.1038961038961039,0.03896103896103896,yellow,2,,,,,,,84.0,0.021505376344086023,89.07332433925606,44.59164725866642,,,10.75268817204301,62.0,0.7
18be2b20e2ec1844639d47166682194c,OKC Zone,Softball,2028-07-27,13,18:30,21:00,2028-07-27 18:30:00-07,2028-07-27 21:00:00-07,scheduled,,3.1,okc_softball,Devon Park (USA Softball Hall of Fame Stadium),outdoor,remote,35.525_-97.464,35.5247119,-97.4642798,true,77,25.383101612039855,26.875342708987286,27.521012363652005,28.00281233775687,30.1,0.0,0.0,0.0,green,1,,,,,,,84.0,0.021505376344086023,56.355268106453174,65.59682244063008,,,10.75268817204301,53.1,0.7
735027bfdeb71be2717913bc2b6542a6,OKC Zone,Canoe Slalom,2028-07-18,4,07:00,10:10,2028-07-18 07:00:00-07,2028-07-18 10:10:00-07,scheduled,gold,3.1,okc_whitewater,Riversport OKC,outdoor,remote,35.453_-97.506,35.453,-97.506,true,77,29.54575088907211,30.85090549426623,32.738522890782804,25.330244539182885,32.1,0.5324675324675324,0.07792207792207792,0.012987012987012988,yellow,2,,,,,,,77.0,0.01881720430107527,88.94184831365763,43.69052900969578,,,9.408602150537634,61.4,0.7
0fb3b80601b2da64a213410ca4229488,OKC Zone,Softball,2028-07-25,11,07:00,09:30,2028-07-25 07:00:00-07,2028-07-25 09:30:00-07,scheduled,,3.1,okc_softball,Devon Park (USA Softball Hall of Fame Stadium),outdoor,remote,35.525_-97.464,35.5247119,-97.4642798,true,77,28.57969091496484,30.34246081341575,32.20867304061888,25.40559000099558,30.7,0.2597402597402597,0.06493506493506493,0.012987012987012988,yellow,2,,,,,,,84.0,0.021505376344086023,84.7742689624242,44.30811476225886,,,10.75268817204301,59.7,0.7
3c1da06aaf85109645a218572724f567,OKC Zone,Softball,2028-07-26,12,14:00,16:30,2028-07-26 14:00:00-07,2028-07-26 16:30:00-07,scheduled,,3.1,okc_softball,Devon Park (USA Softball Hall of Fame Stadium),outdoor,remote,35.525_-97.464,35.5247119,-97.4642798,true,77,30.124524647862597,32.17367036619561,35.556345398717795,31.897274197811587,34.6,0.7012987012987013,0.2597402597402597,0.1038961038961039,red,3,,,,,,,84.0,0.021505376344086023,99.78418332947221,97.51864096566875,,,10.75268817204301,86.3,0.7
84e304614692334f343661974661e5af,OKC Zone,Softball,2028-07-29,15,07:00,09:45,2028-07-29 07:00:00-07,2028-07-29 09:45:00-07,scheduled,gold,3.1,okc_softball,Devon Park (USA Softball Hall of Fame Stadium),outdoor,remote,35.525_-97.464,35.5247119,-97.4642798,true,77,28.505642013144488,30.377999790889895,32.65792909549264,25.373452092751045,30.6,0.3246753246753247,0.09090909090909091,0.03896103896103896,yellow,2,,,,,,,84.0,0.021505376344086023,85.06557205647455,44.04468928484463,,,10.75268817204301,59.8,0.7
b3b78c408ab3f14065b16d2b2b9c9444,OKC Zone,Softball,2028-07-27,13,14:00,16:30,2028-07-27 14:00:00-07,2028-07-27 16:30:00-07,scheduled,,3.1,okc_softball,Devon Park (USA Softball Hall of Fame Stadium),outdoor,remote,35.525_-97.464,35.5247119,-97.4642798,true,77,30.303267257904185,32.17367036619561,35.556345398717795,31.930746678277295,34.9,0.7402597402597403,0.2597402597402597,0.1038961038961039,red,3,,,,,,,84.0,0.021505376344086023,99.78418332947221,97.79300555964996,,,10.75268817204301,86.4,0.7
1255ce41e63b4dd297fe367b272d1d96,OKC Zone,Canoe Slalom,2028-07-16,2,07:00,10:10,2028-07-16 07:00:00-07,2028-07-16 10:10:00-07,scheduled,gold,3.1,okc_whitewater,Riversport OKC,outdoor,remote,35.453_-97.506,35.453,-97.506,true,77,29.393103214972786,30.856965172502285,37.81513336533655,25.449188688617408,31.8,0.4805194805194805,0.06493506493506493,0.025974025974025976,yellow,2,,,,,,,77.0,0.01881720430107527,88.99151780739578,44.66548105424105,,,9.408602150537634,61.8,0.7
94a066bfb5ae08c587412e3520c00b1b,OKC Zone,Softball,2028-07-23,9,14:00,16:30,2028-07-23 14:00:00-07,2028-07-23 16:30:00-07,scheduled,,3.1,okc_softball,Devon Park (USA Softball Hall of Fame Stadium),outdoor,remote,35.525_-97.464,35.5247119,-97.4642798,true,77,30.017454156480763,31.849420391673746,32.72855775110773,31.76425937585688,35.1,0.6493506493506493,0.2077922077922078,0.05194805194805195,red,3,,,,,,,84.0,0.021505376344086023,97.1263966530635,96.42835553981051,,,10.75268817204301,84.5,0.7
96dc6d8dad344df529d02d552f6873fe,OKC Zone,Softball,2028-07-24,10,18:30,21:00,2028-07-24 18:30:00-07,2028-07-24 21:00:00-07,scheduled,,3.1,okc_softball,Devon Park (USA Softball Hall of Fame Stadium),outdoor,remote,35.525_-97.464,35.5247119,-97.4642798,true,77,25.314367703751053,26.72742229312792,27.489837261930248,28.153539089429028,30.1,0.0,0.0,0.0,green,1,,,,,,,84.0,0.021505376344086023,55.142805681376394,66.83228761827073,,,10.75268817204301,53.0,0.7
e961810c1e18b45e1569d970b0741646,OKC Zone,Softball,2028-07-28,14,17:00,19:30,2028-07-28 17:00:00-07,2028-07-28 19:30:00-07,scheduled,bronze,3.1,okc_softball,Devon Park (USA Softball Hall of Fame Stadium),outdoor,remote,35.525_-97.464,35.5247119,-97.4642798,true,77,28.006157192088455,28.984955399230646,29.645753846638407,30.220716560615802,32.5,0.05194805194805195,0.0,0.0,green,1,,,,,,,84.0,0.021505376344086023,73.64717540352989,83.7763652509492,,,10.75268817204301,68.3,0.7
f5ccf52e4b693a8b380508a3dae16f80,San Diego Zone,Football (Soccer) - Group & Knockout Stages,2028-07-28,14,13:00,16:00,2028-07-28 13:00:00-07,2028-07-28 16:00:00-07,scheduled,,3.1,sd_stadium,Snapdragon Stadium,outdoor,remote,32.784_-117.122,32.7842418,-117.1223904,true,77,24.812573611801177,27.21146901931427,28.418066415605026,27.091815627566064,25.1,0.0,0.0,0.0,green,1,,,,,,,46.0,0.0,59.11040179765794,58.12963629152511,,,0.0,50.3,0.7
b6efcf8942acf43419af8451dbe7103a,OKC Zone,Softball,2028-07-23,9,18:30,21:00,2028-07-23 18:30:00-07,2028-07-23 21:00:00-07,scheduled,,3.1,okc_softball,Devon Park (USA Softball Hall of Fame Stadium),outdoor,remote,35.525_-97.464,35.5247119,-97.4642798,true,77,25.367639760382033,26.720455483183315,27.489837261930248,28.25003787720384,30.9,0.0,0.0,0.0,green,1,,,,,,,84.0,0.021505376344086023,55.08570068183045,67.62326128855608,,,10.75268817204301,53.2,0.7
70b622c46413bf52ef5dfb91a874a415,OKC Zone,Softball,2028-07-24,10,14:00,16:30,2028-07-24 14:00:00-07,2028-07-24 16:30:00-07,scheduled,,3.1,okc_softball,Devon Park (USA Softball Hall of Fame Stadium),outdoor,remote,35.525_-97.464,35.5247119,-97.4642798,true,77,29.96939204819931,31.8058685619444,35.556345398717795,31.81190098651202,34.2,0.6363636363636364,0.19480519480519481,0.05194805194805195,red,3,,,,,,,84.0,0.021505376344086023,96.76941444216722,96.81886054518048,,,10.75268817204301,84.5,0.7
8c3a1d64dc3a61d2c9a0e798c65d1ec7,OKC Zone,Canoe Slalom,2028-07-17,3,07:00,09:35,2028-07-17 07:00:00-07,2028-07-17 09:35:00-07,scheduled,,3.1,okc_whitewater,Riversport OKC,outdoor,remote,35.453_-97.506,35.453,-97.506,true,77,28.587651333846804,29.763015877478594,32.738522890782804,25.407357074117087,30.8,0.2077922077922078,0.012987012987012988,0.012987012987012988,yellow,2,,,,,,,77.0,0.01881720430107527,80.02472030720159,44.32259896817284,,,9.408602150537634,57.2,0.7
fadf768eabe1e5c2937ac9463a39549e,OKC Zone,Softball,2028-07-23,9,07:00,09:30,2028-07-23 07:00:00-07,2028-07-23 09:30:00-07,scheduled,,3.1,okc_softball,Devon Park (USA Softball Hall of Fame Stadium),outdoor,remote,35.525_-97.464,35.5247119,-97.4642798,true,77,28.807810322843167,30.156051992684844,31.425044119672485,25.3793938140914,31.2,0.2597402597402597,0.025974025974025976,0.0,yellow,2,,,,,,,84.0,0.021505376344086023,83.24632780889218,44.093391918781975,,,10.75268817204301,58.9,0.7
a81061d7c77684d6a8e3293bc4976a69,San Diego Zone,Football (Soccer) - Group & Knockout Stages,2028-07-27,13,18:00,21:00,2028-07-27 18:00:00-07,2028-07-27 21:00:00-07,scheduled,,3.1,sd_stadium,Snapdragon Stadium,outdoor,remote,32.784_-117.122,32.7842418,-117.1223904,true,77,22.279701878558477,24.534366713244967,25.80752744685502,25.52292653023897,22.7,0.0,0.0,0.0,none,0,,,,,,,46.0,0.0,37.16694027249974,45.2698895921227,,,0.0,34.8,0.7
5c0686aeb09b5595a940eacf1b9702e1,OKC Zone,Canoe Slalom,2028-07-20,6,07:00,10:05,2028-07-20 07:00:00-07,2028-07-20 10:05:00-07,scheduled,,3.1,okc_whitewater,Riversport OKC,outdoor,remote,35.453_-97.506,35.453,-97.506,true,77,29.518744405390965,30.777817836946603,31.563689607263207,25.349000521050204,32.3,0.5454545454545454,0.06493506493506493,0.0,yellow,2,,,,,,,77.0,0.01881720430107527,88.34276915530003,43.84426656598528,,,9.408602150537634,61.2,0.7
e06f0b525c2d3d533971cff3432e762c,OKC Zone,Canoe Slalom,2028-07-21,7,07:00,09:00,2028-07-21 07:00:00-07,2028-07-21 09:00:00-07,scheduled,,3.1,okc_whitewater,Riversport OKC,outdoor,remote,35.453_-97.506,35.453,-97.506,true,77,28.672068888645406,29.684428550483027,33.03895261893903,25.373085503308925,30.9,0.18181818181818182,0.012987012987012988,0.012987012987012988,yellow,2,,,,,,,77.0,0.01881720430107527,79.38056188920514,44.04168445335185,,,9.408602150537634,56.8,0.7
4b1d1a57afab69f463f52dae727d2307,OKC Zone,Softball,2028-07-24,10,07:00,09:30,2028-07-24 07:00:00-07,2028-07-24 09:30:00-07,scheduled,,3.1,okc_softball,Devon Park (USA Softball Hall of Fame Stadium),outdoor,remote,35.525_-97.464,35.5247119,-97.4642798,true,77,28.647609038626797,30.313949787742136,32.20867304061888,25.3793938140914,30.9,0.2727272727272727,0.05194805194805195,0.012987012987012988,yellow,2,,,,,,,84.0,0.021505376344086023,84.54057203067325,44.093391918781975,,,10.75268817204301,59.6,0.7
6bc132d723a0c20dc527e5ffd1760281,OKC Zone,Softball,2028-07-25,11,14:00,16:30,2028-07-25 14:00:00-07,2028-07-25 16:30:00-07,scheduled,,3.1,okc_softball,Devon Park (USA Softball Hall of Fame Stadium),outdoor,remote,35.525_-97.464,35.5247119,-97.4642798,true,77,30.01028293458109,31.938097469986527,35.556345398717795,31.730481508582375,34.2,0.6623376623376623,0.2077922077922078,0.09090909090909091,red,3,,,,,,,84.0,0.021505376344086023,97.85325795070924,96.15148777526538,,,10.75268817204301,84.8,0.7
8cf5cf77cfd8576f58c31d3fb37f6ebb,OKC Zone,Softball,2028-07-26,12,07:00,09:30,2028-07-26 07:00:00-07,2028-07-26 09:30:00-07,scheduled,,3.1,okc_softball,Devon Park (USA Softball Hall of Fame Stadium),outdoor,remote,35.525_-97.464,35.5247119,-97.4642798,true,77,28.807810322843167,30.34246081341575,32.65792909549264,25.478115653611205,30.9,0.2987012987012987,0.07792207792207792,0.025974025974025976,yellow,2,,,,,,,84.0,0.021505376344086023,84.7742689624242,44.90258732468201,,,10.75268817204301,60.0,0.7
9bbd784ca200fe632d371aa646d73d25,OKC Zone,Canoe Slalom,2028-07-14,0,07:00,10:10,2028-07-14 07:00:00-07,2028-07-14 10:10:00-07,scheduled,,3.1,okc_whitewater,Riversport OKC,outdoor,remote,35.453_-97.506,35.453,-97.506,true,77,29.1421285444329,30.929465889673363,37.81513336533655,25.354380928205114,31.6,0.38961038961038963,0.07792207792207792,0.025974025974025976,yellow,2,,,,,,,77.0,0.01881720430107527,89.58578598092922,43.88836826397634,,,9.408602150537634,61.8,0.7
a7845f593239f41199310fa474f23999,San Diego Zone,Football (Soccer) - Group & Knockout Stages,2028-07-24,10,13:00,16:00,2028-07-24 13:00:00-07,2028-07-24 16:00:00-07,scheduled,,3.1,sd_stadium,Snapdragon Stadium,outdoor,remote,32.784_-117.122,32.7842418,-117.1223904,true,77,25.033904381705327,27.646738135440405,28.573116929488616,27.462593091847733,25.1,0.0,0.0,0.0,green,1,,,,,,,46.0,0.0,62.678181438036106,61.16879583481749,,,0.0,53.2,0.7
5289e68acec1d2f0339ea660141b9460,Nashville Zone,Football (Soccer) - Group & Knockout Stages,2028-07-17,3,,,,,tbd,,3.1,nashville_stadium,GEODIS Park,outdoor,remote,36.13_-86.766,36.130025,-86.7659442,false,,,,,,,,,,,,,,,,,,58.0,0.010752688172043012,,,,,5.376344086021505,,0.1
d96094a6e4be016cc5421c923b935a49,Nashville Zone,Football (Soccer) - Group & Knockout Stages,2028-07-17,3,,,,,tbd,,3.1,nashville_stadium,GEODIS Park,outdoor,remote,36.13_-86.766,36.130025,-86.7659442,false,,,,,,,,,,,,,,,,,,58.0,0.010752688172043012,,,,,5.376344086021505,,0.1
e62c15e350750f2c97b407833d16622f,San Diego Zone,Football (Soccer) - Group & Knockout Stages,2028-07-17,3,,,,,tbd,,3.1,sd_stadium,Snapdragon Stadium,outdoor,remote,32.784_-117.122,32.7842418,-117.1223904,false,,,,,,,,,,,,,,,,,,46.0,0.0,,,,,0.0,,0.1
00c1a9d8821bb0001b92d6f5e5818a9c,San Diego Zone,Football (Soccer) - Group & Knockout Stages,2028-07-17,3,,,,,tbd,,3.1,sd_stadium,Snapdragon Stadium,outdoor,remote,32.784_-117.122,32.7842418,-117.1223904,false,,,,,,,,,,,,,,,,,,46.0,0.0,,,,,0.0,,0.1
f364c5b0b53c0fc27772f508f8c73e2b,Nashville Zone,Football (Soccer) - Group & Knockout Stages,2028-07-21,7,,,,,tbd,,3.1,nashville_stadium,GEODIS Park,outdoor,remote,36.13_-86.766,36.130025,-86.7659442,false,,,,,,,,,,,,,,,,,,58.0,0.010752688172043012,,,,,5.376344086021505,,0.1
3c7ce6a04a0f18153542801618e4943b,Nashville Zone,Football (Soccer) - Group & Knockout Stages,2028-07-13,-1,,,,,tbd,,3.1,nashville_stadium,GEODIS Park,outdoor,remote,36.13_-86.766,36.130025,-86.7659442,false,,,,,,,,,,,,,,,,,,58.0,0.010752688172043012,,,,,5.376344086021505,,0.1
99d0bf12425a0bd0599b1ce7d741d7eb,San José Zone,Football (Soccer) - Group & Knockout Stages,2028-07-11,-3,,,,,tbd,,3.1,sj_stadium,PayPal Park,outdoor,remote,37.351_-121.925,37.3513087,-121.924672,false,,,,,,,,,,,,,,,,,,44.0,0.0064516129032258064,,,,,3.225806451612903,,0.1
f590c5be9c98518dfdf290fc08092101,San José Zone,Football (Soccer) - Group & Knockout Stages,2028-07-11,-3,,,,,tbd,,3.1,sj_stadium,PayPal Park,outdoor,remote,37.351_-121.925,37.3513087,-121.924672,false,,,,,,,,,,,,,,,,,,44.0,0.0064516129032258064,,,,,3.225806451612903,,0.1
b091ef2b12d716153179bf2728a13212,St. Louis Zone,Football (Soccer) - Group & Knockout Stages,2028-07-13,-1,,,,,tbd,,3.1,stl_stadium,Energizer Park,outdoor,remote,38.631_-90.21,38.6313184,-90.2103075,false,,,,,,,,,,,,,,,,,,67.0,0.016129032258064516,,,,,8.064516129032258,,0.1
ee219adb1fc9d8a27ee327511a3d40a2,Columbus Zone,Football (Soccer) - Group & Knockout Stages,2028-07-20,6,,,,,tbd,,3.1,columbus_stadium,ScottsMiracle-Gro Field,outdoor,remote,39.968_-83.017,39.968362,-83.0166582,false,,,,,,,,,,,,,,,,,,54.0,0.002688172043010753,,,,,1.3440860215053763,,0.1
55c1834ff6ff1c62dfc378696186de59,St. Louis Zone,Football (Soccer) - Group & Knockout Stages,2028-07-11,-3,,,,,tbd,,3.1,stl_stadium,Energizer Park,outdoor,remote,38.631_-90.21,38.6313184,-90.2103075,false,,,,,,,,,,,,,,,,,,67.0,0.016129032258064516,,,,,8.064516129032258,,0.1
e5af5ad5e5092dc0dc558cc899bb524e,San Diego Zone,Football (Soccer) - Group & Knockout Stages,2028-07-21,7,,,,,tbd,,3.1,sd_stadium,Snapdragon Stadium,outdoor,remote,32.784_-117.122,32.7842418,-117.1223904,false,,,,,,,,,,,,,,,,,,46.0,0.0,,,,,0.0,,0.1
eb3b49ec1f4b7386032a0ccf7e19c0b1,St. Louis Zone,Football (Soccer) - Group & Knockout Stages,2028-07-20,6,,,,,tbd,,3.1,stl_stadium,Energizer Park,outdoor,remote,38.631_-90.21,38.6313184,-90.2103075,false,,,,,,,,,,,,,,,,,,67.0,0.016129032258064516,,,,,8.064516129032258,,0.1
d5d81f287ea6fdd69c666a39854dda44,Columbus Zone,Football (Soccer) - Group & Knockout Stages,2028-07-11,-3,,,,,tbd,,3.1,columbus_stadium,ScottsMiracle-Gro Field,outdoor,remote,39.968_-83.017,39.968362,-83.0166582,false,,,,,,,,,,,,,,,,,,54.0,0.002688172043010753,,,,,1.3440860215053763,,0.1
bb2bb56c6930e90ee5d6a98af3afb10d,Columbus Zone,Football (Soccer) - Group & Knockout Stages,2028-07-13,-1,,,,,tbd,,3.1,columbus_stadium,ScottsMiracle-Gro Field,outdoor,remote,39.968_-83.017,39.968362,-83.0166582,false,,,,,,,,,,,,,,,,,,54.0,0.002688172043010753,,,,,1.3440860215053763,,0.1
86b278e834537830306c798c196f69f7,Columbus Zone,Football (Soccer) - Group & Knockout Stages,2028-07-13,-1,,,,,tbd,,3.1,columbus_stadium,ScottsMiracle-Gro Field,outdoor,remote,39.968_-83.017,39.968362,-83.0166582,false,,,,,,,,,,,,,,,,,,54.0,0.002688172043010753,,,,,1.3440860215053763,,0.1
b966e561696b74e4f4f0302bb9fa80fc,Nashville Zone,Football (Soccer) - Group & Knockout Stages,2028-07-11,-3,,,,,tbd,,3.1,nashville_stadium,GEODIS Park,outdoor,remote,36.13_-86.766,36.130025,-86.7659442,false,,,,,,,,,,,,,,,,,,58.0,0.010752688172043012,,,,,5.376344086021505,,0.1
9e1a4ad8c41ae7426df1a4ced18fb89b,St. Louis Zone,Football (Soccer) - Group & Knockout Stages,2028-07-14,0,,,,,tbd,,3.1,stl_stadium,Energizer Park,outdoor,remote,38.631_-90.21,38.6313184,-90.2103075,false,,,,,,,,,,,,,,,,,,67.0,0.016129032258064516,,,,,8.064516129032258,,0.1
2ed03bae3ded8166dac29325a479960a,St. Louis Zone,Football (Soccer) - Group & Knockout Stages,2028-07-16,2,,,,,tbd,,3.1,stl_stadium,Energizer Park,outdoor,remote,38.631_-90.21,38.6313184,-90.2103075,false,,,,,,,,,,,,,,,,,,67.0,0.016129032258064516,,,,,8.064516129032258,,0.1
1beb575f35dbd87072fe03753557d0c1,St. Louis Zone,Football (Soccer) - Group & Knockout Stages,2028-07-16,2,,,,,tbd,,3.1,stl_stadium,Energizer Park,outdoor,remote,38.631_-90.21,38.6313184,-90.2103075,false,,,,,,,,,,,,,,,,,,67.0,0.016129032258064516,,,,,8.064516129032258,,0.1
01d13e49b036e5a030fd106e17a6b7ef,Nashville Zone,Football (Soccer) - Group & Knockout Stages,2028-07-14,0,,,,,tbd,,3.1,nashville_stadium,GEODIS Park,outdoor,remote,36.13_-86.766,36.130025,-86.7659442,false,,,,,,,,,,,,,,,,,,58.0,0.010752688172043012,,,,,5.376344086021505,,0.1
7a5341ddb5fe801d686fd365a19d1bfb,New York Zone,Football (Soccer) - Group & Knockout Stages,2028-07-14,0,,,,,tbd,,3.1,ny_stadium,Etihad Park,outdoor,remote,40.758_-73.843,40.7583415,-73.8433618,false,,,,,,,,,,,,,,,,,,87.0,0.051075268817204304,,,,,25.537634408602152,,0.1
1dbe2b386ba91ca5678932d3628160bd,San Diego Zone,Football (Soccer) - Group & Knockout Stages,2028-07-11,-3,,,,,tbd,,3.1,sd_stadium,Snapdragon Stadium,outdoor,remote,32.784_-117.122,32.7842418,-117.1223904,false,,,,,,,,,,,,,,,,,,46.0,0.0,,,,,0.0,,0.1
8cf72025e29f1a22194423056aebfd39,San Diego Zone,Football (Soccer) - Group & Knockout Stages,2028-07-11,-3,,,,,tbd,,3.1,sd_stadium,Snapdragon Stadium,outdoor,remote,32.784_-117.122,32.7842418,-117.1223904,false,,,,,,,,,,,,,,,,,,46.0,0.0,,,,,0.0,,0.1
fd506769257853911911b76bbdf7ea86,San José Zone,Football (Soccer) - Group & Knockout Stages,2028-07-14,0,,,,,tbd,,3.1,sj_stadium,PayPal Park,outdoor,remote,37.351_-121.925,37.3513087,-121.924672,false,,,,,,,,,,,,,,,,,,44.0,0.0064516129032258064,,,,,3.225806451612903,,0.1
44c8e1c4de75963ba9ffc8672b56241c,San José Zone,Football (Soccer) - Group & Knockout Stages,2028-07-14,0,,,,,tbd,,3.1,sj_stadium,PayPal Park,outdoor,remote,37.351_-121.925,37.3513087,-121.924672,false,,,,,,,,,,,,,,,,,,44.0,0.0064516129032258064,,,,,3.225806451612903,,0.1
168db05bd93301e94cb9badaf8e9dbf2,Nashville Zone,Football (Soccer) - Group & Knockout Stages,2028-07-10,-4,,,,,tbd,,3.1,nashville_stadium,GEODIS Park,outdoor,remote,36.13_-86.766,36.130025,-86.7659442,false,,,,,,,,,,,,,,,,,,58.0,0.010752688172043012,,,,,5.376344086021505,,0.1
b902a0f3c92e9bf5c84ea57511fa2260,Nashville Zone,Football (Soccer) - Group & Knockout Stages,2028-07-16,2,,,,,tbd,,3.1,nashville_stadium,GEODIS Park,outdoor,remote,36.13_-86.766,36.130025,-86.7659442,false,,,,,,,,,,,,,,,,,,58.0,0.010752688172043012,,,,,5.376344086021505,,0.1
6dca61c6567772d45c68f50f07ea7748,New York Zone,Football (Soccer) - Group & Knockout Stages,2028-07-16,2,,,,,tbd,,3.1,ny_stadium,Etihad Park,outdoor,remote,40.758_-73.843,40.7583415,-73.8433618,false,,,,,,,,,,,,,,,,,,87.0,0.051075268817204304,,,,,25.537634408602152,,0.1
2251a693ad534de87feabe39f9f0dbd8,St. Louis Zone,Football (Soccer) - Group & Knockout Stages,2028-07-17,3,,,,,tbd,,3.1,stl_stadium,Energizer Park,outdoor,remote,38.631_-90.21,38.6313184,-90.2103075,false,,,,,,,,,,,,,,,,,,67.0,0.016129032258064516,,,,,8.064516129032258,,0.1
c3f5881db8c4e1081aaa96983a5cc66e,New York Zone,Football (Soccer) - Group & Knockout Stages,2028-07-11,-3,,,,,tbd,,3.1,ny_stadium,Etihad Park,outdoor,remote,40.758_-73.843,40.7583415,-73.8433618,false,,,,,,,,,,,,,,,,,,87.0,0.051075268817204304,,,,,25.537634408602152,,0.1
5e70a8da0c96ed06d1abf4071d962dee,San José Zone,Football (Soccer) - Group & Knockout Stages,2028-07-21,7,,,,,tbd,,3.1,sj_stadium,PayPal Park,outdoor,remote,37.351_-121.925,37.3513087,-121.924672,false,,,,,,,,,,,,,,,,,,44.0,0.0064516129032258064,,,,,3.225806451612903,,0.1
781e7f753b91434d38326db9cee14c20,Nashville Zone,Football (Soccer) - Group & Knockout Stages,2028-07-20,6,,,,,tbd,,3.1,nashville_stadium,GEODIS Park,outdoor,remote,36.13_-86.766,36.130025,-86.7659442,false,,,,,,,,,,,,,,,,,,58.0,0.010752688172043012,,,,,5.376344086021505,,0.1
924111afd8a66e170260764fbcfa61ad,Columbus Zone,Football (Soccer) - Group & Knockout Stages,2028-07-10,-4,,,,,tbd,,3.1,columbus_stadium,ScottsMiracle-Gro Field,outdoor,remote,39.968_-83.017,39.968362,-83.0166582,false,,,,,,,,,,,,,,,,,,54.0,0.002688172043010753,,,,,1.3440860215053763,,0.1
eb33b8baeb054c28668659088b971bd6,Columbus Zone,Football (Soccer) - Group & Knockout Stages,2028-07-10,-4,,,,,tbd,,3.1,columbus_stadium,ScottsMiracle-Gro Field,outdoor,remote,39.968_-83.017,39.968362,-83.0166582,false,,,,,,,,,,,,,,,,,,54.0,0.002688172043010753,,,,,1.3440860215053763,,0.1
90e5803f74c5bf09745a4a3df7b6ef49,New York Zone,Football (Soccer) - Group & Knockout Stages,2028-07-10,-4,,,,,tbd,,3.1,ny_stadium,Etihad Park,outdoor,remote,40.758_-73.843,40.7583415,-73.8433618,false,,,,,,,,,,,,,,,,,,87.0,0.051075268817204304,,,,,25.537634408602152,,0.1
3e5c7774c8966b77da4616e232a34fb2,New York Zone,Football (Soccer) - Group & Knockout Stages,2028-07-10,-4,,,,,tbd,,3.1,ny_stadium,Etihad Park,outdoor,remote,40.758_-73.843,40.7583415,-73.8433618,false,,,,,,,,,,,,,,,,,,87.0,0.051075268817204304,,,,,25.537634408602152,,0.1
ca325f23e9a1f67551484e63e6718eee,Columbus Zone,Football (Soccer) - Group & Knockout Stages,2028-07-16,2,,,,,tbd,,3.1,columbus_stadium,ScottsMiracle-Gro Field,outdoor,remote,39.968_-83.017,39.968362,-83.0166582,false,,,,,,,,,,,,,,,,,,54.0,0.002688172043010753,,,,,1.3440860215053763,,0.1
2830d1c73fb35c090dd35c5ec2b30e35,Columbus Zone,Football (Soccer) - Group & Knockout Stages,2028-07-16,2,,,,,tbd,,3.1,columbus_stadium,ScottsMiracle-Gro Field,outdoor,remote,39.968_-83.017,39.968362,-83.0166582,false,,,,,,,,,,,,,,,,,,54.0,0.002688172043010753,,,,,1.3440860215053763,,0.1
ac86d6c102f8970110b9fb77657ec775,New York Zone,Football (Soccer) - Group & Knockout Stages,2028-07-17,3,,,,,tbd,,3.1,ny_stadium,Etihad Park,outdoor,remote,40.758_-73.843,40.7583415,-73.8433618,false,,,,,,,,,,,,,,,,,,87.0,0.051075268817204304,,,,,25.537634408602152,,0.1
0c215da5a8d7a3056289bd1d2187cc82,New York Zone,Football (Soccer) - Group & Knockout Stages,2028-07-20,6,,,,,tbd,,3.1,ny_stadium,Etihad Park,outdoor,remote,40.758_-73.843,40.7583415,-73.8433618,false,,,,,,,,,,,,,,,,,,87.0,0.051075268817204304,,,,,25.537634408602152,,0.1
cddf4e1ecf8ffcb875af24d6977d8681,St. Louis Zone,Football (Soccer) - Group & Knockout Stages,2028-07-10,-4,,,,,tbd,,3.1,stl_stadium,Energizer Park,outdoor,remote,38.631_-90.21,38.6313184,-90.2103075,false,,,,,,,,,,,,,,,,,,67.0,0.016129032258064516,,,,,8.064516129032258,,0.1
fdb8ddeba1c3d93a5a281fa052e7a32b,Columbus Zone,Football (Soccer) - Group & Knockout Stages,2028-07-14,0,,,,,tbd,,3.1,columbus_stadium,ScottsMiracle-Gro Field,outdoor,remote,39.968_-83.017,39.968362,-83.0166582,false,,,,,,,,,,,,,,,,,,54.0,0.002688172043010753,,,,,1.3440860215053763,,0.1
ba9a4aca952f0f173cf899c75948aabf,New York Zone,Football (Soccer) - Group & Knockout Stages,2028-07-13,-1,,,,,tbd,,3.1,ny_stadium,Etihad Park,outdoor,remote,40.758_-73.843,40.7583415,-73.8433618,false,,,,,,,,,,,,,,,,,,87.0,0.051075268817204304,,,,,25.537634408602152,,0.1
8f57ddd36cc53e5518f64afec324d24a,New York Zone,Football (Soccer) - Group & Knockout Stages,2028-07-13,-1,,,,,tbd,,3.1,ny_stadium,Etihad Park,outdoor,remote,40.758_-73.843,40.7583415,-73.8433618,false,,,,,,,,,,,,,,,,,,87.0,0.051075268817204304,,,,,25.537634408602152,,0.1
d0d2c9f867711a107c463ba564b68c37,San Diego Zone,Football (Soccer) - Group & Knockout Stages,2028-07-14,0,,,,,tbd,,3.1,sd_stadium,Snapdragon Stadium,outdoor,remote,32.784_-117.122,32.7842418,-117.1223904,false,,,,,,,,,,,,,,,,,,46.0,0.0,,,,,0.0,,0.1
4812473193f08d281e811b47476419d6,San Diego Zone,Football (Soccer) - Group & Knockout Stages,2028-07-14,0,,,,,tbd,,3.1,sd_stadium,Snapdragon Stadium,outdoor,remote,32.784_-117.122,32.7842418,-117.1223904,false,,,,,,,,,,,,,,,,,,46.0,0.0,,,,,0.0,,0.1
b2cadde804c24630b8bf25e52ae88c74,San José Zone,Football (Soccer) - Group & Knockout Stages,2028-07-17,3,,,,,tbd,,3.1,sj_stadium,PayPal Park,outdoor,remote,37.351_-121.925,37.3513087,-121.924672,false,,,,,,,,,,,,,,,,,,44.0,0.0064516129032258064,,,,,3.225806451612903,,0.1
af75724d99382e2cfadd762c440bd8b4,San José Zone,Football (Soccer) - Group & Knockout Stages,2028-07-17,3,,,,,tbd,,3.1,sj_stadium,PayPal Park,outdoor,remote,37.351_-121.925,37.3513087,-121.924672,false,,,,,,,,,,,,,,,,,,44.0,0.0064516129032258064,,,,,3.225806451612903,,0.1
11ea30345db592929448a0fb0ef315d2,Trestles Beach Zone,Surfing,2028-07-18,4,07:00,17:30,2028-07-18 07:00:00-07,2028-07-18 17:30:00-07,scheduled,gold,3.1,trestles,Trestles State Beach,outdoor,socal,33.388_-117.595,33.3883865,-117.5945414,true,77,24.923153381583365,26.04121019421259,29.26161749146014,19.443768640505244,24.3,0.0,0.0,0.0,none,0,0.1978476134375511,0.19456930904618175,0.010600869257293257,5084.0,31.764108465696065,-5.258953065099597,,,49.518116346004824,0.0,19.78476134375511,0.0,,23.7,0.9
c3eedd6c746f1349c28183d6d6b3fca4,Trestles Beach Zone,Surfing,2028-07-16,2,07:00,16:30,2028-07-16 07:00:00-07,2028-07-16 16:30:00-07,scheduled,,3.1,trestles,Trestles State Beach,outdoor,socal,33.388_-117.595,33.3883865,-117.5945414,true,77,24.68451784681495,25.922542274561142,29.26161749146014,19.124087260712464,24.2,0.0,0.0,0.0,none,0,0.1978476134375511,0.19456930904618175,0.010600869257293257,5084.0,31.764108465696065,-5.258953065099597,,,48.54542848000936,0.0,19.78476134375511,0.0,,23.3,0.9
01bcb9eac7cf8b087842534739035033,Trestles Beach Zone,Surfing,2028-07-17,3,07:00,16:30,2028-07-17 07:00:00-07,2028-07-17 16:30:00-07,scheduled,,3.1,trestles,Trestles State Beach,outdoor,socal,33.388_-117.595,33.3883865,-117.5945414,true,77,24.77654527314013,26.04121019421259,29.26161749146014,19.31837304411879,24.3,0.0,0.0,0.0,none,0,0.1978476134375511,0.19456930904618175,0.010600869257293257,5084.0,31.764108465696065,-5.258953065099597,,,49.518116346004824,0.0,19.78476134375511,0.0,,23.7,0.9
03a7d2acdb381b0b07600b3d1d1663a5,Trestles Beach Zone,Surfing,2028-07-15,1,07:00,16:30,2028-07-15 07:00:00-07,2028-07-15 16:30:00-07,scheduled,,3.1,trestles,Trestles State Beach,outdoor,socal,33.388_-117.595,33.3883865,-117.5945414,true,77,24.6458132363826,25.942374430792405,26.403995081380135,19.009241424933276,24.1,0.0,0.0,0.0,none,0,0.1978476134375511,0.19456930904618175,0.010600869257293257,5084.0,31.764108465696065,-5.258953065099597,,,48.707987137642675,0.0,19.78476134375511,0.0,,23.3,0.9
e2c514abf5d9c61518c9d63d0c556307,TBD Zone,Athletics (Race Walk),2028-07-27,13,07:30,11:35,2028-07-27 07:30:00-07,2028-07-27 11:35:00-07,scheduled,gold,3.1,,TBD,,,,,,false,,,,,,,,,,,,,,,,,,,,,,,,,,0.0
57a48eb90afa7c46701d4002c2f333a9,Pasadena Zone,Football (Soccer) - Final Stages,2028-07-21,7,,,,,tbd,,3.1,rose_bowl,Rose Bowl Stadium,outdoor,la_metro,34.161_-118.168,34.1613492,-118.1676674,false,,,,,,,,,,,,0.5912465443947986,0.1668789224664589,0.10373286285397151,59559.0,42.076758266294206,0.38685025215099245,126.0,0.22043010752688172,,,59.12465443947986,53.86850252150992,100.0,,0.4
89aa93e5816ab640e52c2129a38c20b3,Ceremonies,Opening Ceremony,2028-07-14,0,17:00,,2028-07-14 17:00:00-07,,scheduled,,3.1,sofi_stadium,SoFi Stadium,covered,la_metro,33.953_-118.339,33.9534074,-118.3390098,true,,,,,,,,,,,,0.7949743701228478,0.1275460706213522,0.09863803257310466,134132.0,42.962126805734115,-2.661845745331796,46.0,0.0,,,79.49743701228478,23.38154254668204,0.0,,0.4
4298d81c4d3aa3ef64c76090ce20095d,Ceremonies,Closing Ceremony,2028-07-30,16,18:00,,2028-07-30 18:00:00-07,,scheduled,,3.1,la_coliseum,Los Angeles Memorial Coliseum,outdoor,la_metro,34.014_-118.288,34.0139159,-118.2877996,true,,,,,,,,,,,,0.8842784729266543,0.0861414204475082,0.1814579007213871,223828.0,43.448269839247956,-3.1241998908030304,71.0,0.021505376344086023,,,88.42784729266543,18.758001091969696,10.75268817204301,,0.4
33dc7dc5f586cbbb8208b94cd6460214,Ceremonies,Opening Ceremony - Celebration,2028-07-14,0,17:00,,2028-07-14 17:00:00-07,,scheduled,,3.1,la_coliseum,Los Angeles Memorial Coliseum,outdoor,la_metro,34.014_-118.288,34.0139159,-118.2877996,true,,,,,,,,,,,,0.8842784729266543,0.0861414204475082,0.1814579007213871,223828.0,43.448269839247956,-3.1241998908030304,71.0,0.021505376344086023,,,88.42784729266543,18.758001091969696,10.75268817204301,,0.4
