session_id,sport,venue_id,venue_name,zone,region,exposure,session_date,start_time,end_time,medal,time_of_day,comfort,comfort_rank,typical_temp_f,hot_day_temp_f,typical_low_temp_f,p_rain,p_heat_flag,p_smoggy_day,strong_sun,what_to_bring
280ec3b75e4c8168af659d32f1f9540e,Swimming,sofi_stadium,SoFi Stadium,Inglewood Zone,la_metro,covered,2028-07-27,18:00,20:00,gold,Evening,Comfortable,1,76.0,83.0,71.0,0.0,0.0,0.0,false,""
3775f7ef11d8e28e256be9eb57150035,Beach Volleyball,alamitos_beach,Alamitos Beach Stadium,Long Beach Zone,la_metro,outdoor,2028-07-18,14:00,18:00,,Afternoon,Comfortable,1,78.0,82.0,74.0,0.025974025974025976,0.0,0.0,true,sunscreen and a hat
364a48085ed0b5cd4a9348a5adb95727,Beach Volleyball,alamitos_beach,Alamitos Beach Stadium,Long Beach Zone,la_metro,outdoor,2028-07-19,14:00,18:00,,Afternoon,Comfortable,1,79.0,83.0,74.0,0.025974025974025976,0.0,0.0,true,sunscreen and a hat
44a92b221f7f01b4cea5ccdbea759787,Beach Volleyball,alamitos_beach,Alamitos Beach Stadium,Long Beach Zone,la_metro,outdoor,2028-07-23,13:00,15:00,,Afternoon,Warm,2,80.0,87.0,78.0,0.0,0.0,0.0,true,sunscreen and a hat; plenty of water
759592ae0a74db7b58f95e151435a911,Open Water Swimming,belmont_shore,Belmont Shore,Long Beach Zone,la_metro,outdoor,2028-07-18,13:30,16:30,gold,Afternoon,Comfortable,1,79.0,84.0,78.0,0.012987012987012988,0.0,0.0,true,sunscreen and a hat
4503f607d25a527a3a9eb1a96ebb9874,Tennis,carson_tennis,Carson Tennis Center (Dignity Health Sports Park),Carson Zone,la_metro,outdoor,2028-07-19,11:00,16:30,,Morning,Warm,2,83.0,88.0,79.0,0.012987012987012988,0.0,0.0,true,sunscreen and a hat; plenty of water
80da966c009e472244fa4569a012e625,Tennis,carson_tennis,Carson Tennis Center (Dignity Health Sports Park),Carson Zone,la_metro,outdoor,2028-07-19,11:00,16:30,,Morning,Warm,2,83.0,88.0,79.0,0.012987012987012988,0.0,0.0,true,sunscreen and a hat; plenty of water
a70adb9c693d5a5c3ba6051428ed1da8,Tennis,carson_tennis,Carson Tennis Center (Dignity Health Sports Park),Carson Zone,la_metro,outdoor,2028-07-19,11:00,16:30,,Morning,Warm,2,83.0,88.0,79.0,0.012987012987012988,0.0,0.0,true,sunscreen and a hat; plenty of water
a55391ad41667160eb1d8a202a460cb0,Tennis,carson_tennis,Carson Tennis Center (Dignity Health Sports Park),Carson Zone,la_metro,outdoor,2028-07-25,18:30,23:30,,Evening,Comfortable,1,74.0,79.0,68.0,0.0,0.0,0.0,false,""
7dbfe4b15b0175b8832df51765c87e36,Hockey,carson_field,Carson Field (hockey),Carson Zone,la_metro,outdoor,2028-07-17,09:00,14:00,,Morning,Warm,2,83.0,87.0,71.0,0.0,0.012987012987012988,0.0,true,sunscreen and a hat; plenty of water
9eb1d7d0814f7613fa3abf28c33e50c7,Rugby Sevens,carson_stadium,Carson Stadium (Dignity Health Sports Park),Carson Zone,la_metro,outdoor,2028-07-16,16:00,19:00,,Afternoon,Comfortable,1,80.0,83.0,74.0,0.0,0.0,0.0,true,sunscreen and a hat
09abe3cfc58e04ea7139c8830a98c61d,Rugby Sevens,carson_stadium,Carson Stadium (Dignity Health Sports Park),Carson Zone,la_metro,outdoor,2028-07-17,16:00,19:00,,Afternoon,Comfortable,1,80.0,83.0,74.0,0.0,0.0,0.0,true,sunscreen and a hat
89c365516c0e20cce6cb2907caa2b7e8,Squash,universal_squash,Comcast Squash Center at Universal Studios,Universal City Zone,la_metro,indoor,2028-07-24,20:30,23:30,gold,Evening,Indoors,0,70.0,77.0,67.0,0.0,0.0,0.15053763440860216,false,water for the queue outside
ff4ab271603523c7e4381516a5531978,Artistic Gymnastics,crypto_arena,Crypto.com Arena,DTLA Zone,la_metro,indoor,2028-07-15,19:30,22:00,,Evening,Indoors,0,73.0,75.0,68.0,0.0,0.0,0.021505376344086023,false,water for the queue outside
8686f9b2002f705a6aeafd6d641588df,Artistic Gymnastics,crypto_arena,Crypto.com Arena,DTLA Zone,la_metro,indoor,2028-07-16,15:05,16:45,,Afternoon,Indoors,0,84.0,89.0,84.0,0.012987012987012988,0.0,0.021505376344086023,false,water for the queue outside
046912336d807b89e799034b45e94aa2,Flag Football,bmo_stadium,BMO Stadium,Exposition Park Zone,la_metro,outdoor,2028-07-16,14:00,17:15,,Afternoon,Comfortable,1,82.0,86.0,78.0,0.025974025974025976,0.012987012987012988,0.021505376344086023,true,sunscreen and a hat
f6273b5ad098d371e9dc7af4c24b1a38,Flag Football,bmo_stadium,BMO Stadium,Exposition Park Zone,la_metro,outdoor,2028-07-22,12:30,15:40,gold,Afternoon,Warm,2,84.0,92.0,82.0,0.0,0.025974025974025976,0.021505376344086023,true,sunscreen and a hat; plenty of water
3d5d6c764ffc99684f826988f896ae3a,Cricket,fairplex_cricket,Fairgrounds Cricket Stadium (Fairplex),Pomona Zone,la_metro,outdoor,2028-07-15,18:00,21:30,,Evening,Comfortable,1,84.0,88.0,72.0,0.0,0.0,0.4327956989247312,false,check air quality if you are sensitive to smog
8b12b5182a2dab73dbbf946715dc0c43,Badminton,galen_center,Galen Center,Exposition Park Zone,la_metro,indoor,2028-07-18,14:00,16:35,,Afternoon,Indoors,0,83.0,87.0,80.0,0.025974025974025976,0.0,0.021505376344086023,false,water for the queue outside
6a0255dd039f8bcac8d7d2a0a6a093b8,Badminton,galen_center,Galen Center,Exposition Park Zone,la_metro,indoor,2028-07-23,08:00,11:35,gold,Morning,Indoors,0,81.0,88.0,69.0,0.05194805194805195,0.0,0.021505376344086023,false,water for the queue outside
8ba1dd326c3d0a7dc29ac948f739ba74,Cycling Road (Road Race - Finish),griffith_observatory,Griffith Observatory (road cycling finish),Griffith Park Zone,la_metro,outdoor,2028-07-22,11:30,16:15,gold,Morning,Hot,3,89.0,98.0,85.0,0.012987012987012988,0.11688311688311688,0.021505376344086023,true,sunscreen and a hat; plenty of water; plan breaks in the shade
2a0581f98ddf8d1bd9b272671c0f3500,Cycling Road (Road Race - Finish),griffith_observatory,Griffith Observatory (road cycling finish),Griffith Park Zone,la_metro,outdoor,2028-07-23,09:00,16:15,gold,Morning,Hot,3,88.0,98.0,74.0,0.025974025974025976,0.12987012987012986,0.021505376344086023,true,sunscreen and a hat; plenty of water; plan breaks in the shade
6321d94dae2c4a53c44386379b787a60,Volleyball,honda_center,Honda Center,Anaheim Zone,la_metro,indoor,2028-07-15,13:00,15:30,,Afternoon,Indoors,0,83.0,87.0,82.0,0.012987012987012988,0.0,0.008064516129032258,false,water for the queue outside
d995b14a56310e9681cd2b47dd974650,Volleyball,honda_center,Honda Center,Anaheim Zone,la_metro,indoor,2028-07-23,17:00,19:30,,Evening,Indoors,0,80.0,88.0,75.0,0.0,0.0,0.008064516129032258,false,water for the queue outside
0d9ef455bc775513fd80dc330f9bebe5,Basketball,intuit_dome,Intuit Dome,Inglewood Zone,la_metro,indoor,2028-07-13,12:00,16:15,,Afternoon,Indoors,0,83.0,87.0,79.0,0.0,0.0,0.0,false,water for the queue outside
9d7cb4b890f8ee1a1f98ccb7e289bcb0,Basketball,intuit_dome,Intuit Dome,Inglewood Zone,la_metro,indoor,2028-07-15,18:00,19:45,,Evening,Indoors,0,75.0,79.0,73.0,0.0,0.0,0.0,false,water for the queue outside
132b4c8e7223f37ea336511c553ef1cd,Basketball,intuit_dome,Intuit Dome,Inglewood Zone,la_metro,indoor,2028-07-19,18:00,19:45,,Evening,Indoors,0,76.0,80.0,73.0,0.0,0.0,0.0,false,water for the queue outside
ceffc7397ddb180c1b23607dcdb8d31c,Basketball,intuit_dome,Intuit Dome,Inglewood Zone,la_metro,indoor,2028-07-27,21:30,23:30,,Evening,Indoors,0,69.0,73.0,69.0,0.0,0.0,0.0,false,water for the queue outside
e3aa1b49eb91ce1f531add951c61608e,Fencing,la_convention_center,Los Angeles Convention Center,DTLA Zone,la_metro,indoor,2028-07-17,18:30,22:40,gold,Evening,Indoors,0,77.0,79.0,69.0,0.012987012987012988,0.0,0.021505376344086023,false,water for the queue outside
755a3932bcc01b96c410aeaa7b240a39,Taekwondo,la_convention_center,Los Angeles Convention Center,DTLA Zone,la_metro,indoor,2028-07-27,15:00,18:00,,Afternoon,Indoors,0,87.0,93.0,80.0,0.0,0.0,0.021505376344086023,false,water for the queue outside
9dc5a4e426f794e27e1ddf90de156e6e,Taekwondo,la_convention_center,Los Angeles Convention Center,DTLA Zone,la_metro,indoor,2028-07-27,19:30,23:00,gold,Evening,Indoors,0,74.0,78.0,69.0,0.0,0.0,0.021505376344086023,false,water for the queue outside
5a41e7161ca6568905461f2edfa8a91c,Table Tennis,la_convention_center,Los Angeles Convention Center,DTLA Zone,la_metro,indoor,2028-07-23,14:00,16:00,,Afternoon,Indoors,0,88.0,96.0,85.0,0.0,0.0,0.021505376344086023,false,water for the queue outside
de1f52d9c88f7c6dad4f910d8fa3a292,Artistic Swimming,lb_aquatics,Long Beach Aquatics Center,Long Beach Zone,la_metro,outdoor,2028-07-25,11:00,13:00,,Morning,Warm,2,78.0,85.0,75.0,0.03896103896103896,0.0,0.0,true,sunscreen and a hat; plenty of water
fdf3f9c5e3778f97d6761097a446600c,Artistic Swimming,lb_aquatics,Long Beach Aquatics Center,Long Beach Zone,la_metro,outdoor,2028-07-26,11:00,13:15,gold,Morning,Warm,2,78.0,85.0,76.0,0.03896103896103896,0.0,0.0,true,sunscreen and a hat; plenty of water
56997018a387a0a45eb586004642ebed,Artistic Swimming,lb_aquatics,Long Beach Aquatics Center,Long Beach Zone,la_metro,outdoor,2028-07-29,10:45,12:30,gold,Morning,Comfortable,1,77.0,83.0,76.0,0.012987012987012988,0.0,0.0,true,sunscreen and a hat
59930cbf6fcfc6e20a4eafc550d14c9f,Water Polo,lb_aquatics,Long Beach Aquatics Center,Long Beach Zone,la_metro,outdoor,2028-07-16,19:00,22:00,,Evening,Comfortable,1,72.0,75.0,67.0,0.012987012987012988,0.0,0.0,false,""
1e273aee23b0f83f8eb29f4f56cea8bf,Water Polo,lb_aquatics,Long Beach Aquatics Center,Long Beach Zone,la_metro,outdoor,2028-07-17,14:30,17:30,,Afternoon,Comfortable,1,78.0,82.0,76.0,0.012987012987012988,0.0,0.0,true,sunscreen and a hat
948a706e0f615c2c6d29d185b8cd5033,Water Polo,lb_aquatics,Long Beach Aquatics Center,Long Beach Zone,la_metro,outdoor,2028-07-18,14:30,17:30,,Afternoon,Comfortable,1,78.0,82.0,76.0,0.012987012987012988,0.0,0.0,true,sunscreen and a hat
1b5a51fa766c0e04504e266d189844c0,Water Polo,lb_aquatics,Long Beach Aquatics Center,Long Beach Zone,la_metro,outdoor,2028-07-21,17:00,20:00,,Evening,Comfortable,1,76.0,81.0,70.0,0.012987012987012988,0.0,0.0,false,""
e88666e475b6e1353d1aedb6d438053e,Water Polo,lb_aquatics,Long Beach Aquatics Center,Long Beach Zone,la_metro,outdoor,2028-07-22,15:00,17:00,gold,Afternoon,Warm,2,79.0,85.0,77.0,0.012987012987012988,0.0,0.0,true,sunscreen and a hat; plenty of water
6bbcbafdc3cc7c8ae477c716822b458f,Handball,lb_arena,Long Beach Arena,Long Beach Zone,la_metro,indoor,2028-07-12,19:00,22:30,,Evening,Indoors,0,71.0,75.0,67.0,0.0,0.0,0.0,false,water for the queue outside
78224f81017726dbc042ced8a8f8216f,Handball,lb_arena,Long Beach Arena,Long Beach Zone,la_metro,indoor,2028-07-21,09:00,12:30,,Morning,Indoors,0,77.0,84.0,71.0,0.012987012987012988,0.0,0.0,false,water for the queue outside
c8e2c7b4c40cf0cf8533c18438b54808,Handball,lb_arena,Long Beach Arena,Long Beach Zone,la_metro,indoor,2028-07-25,09:30,11:30,,Morning,Indoors,0,76.0,82.0,74.0,0.025974025974025976,0.0,0.0,false,water for the queue outside
7023017192edd7a685202a4599bc0daf,Handball,lb_arena,Long Beach Arena,Long Beach Zone,la_metro,indoor,2028-07-26,13:00,15:00,,Afternoon,Indoors,0,79.0,86.0,77.0,0.0,0.0,0.0,false,water for the queue outside
ab792915f6a0ee6169fe5bc7fe26bb1a,Rowing,marine_stadium,Marine Stadium,Long Beach Zone,la_metro,outdoor,2028-07-21,10:00,11:30,gold,Morning,Warm,2,76.0,82.0,74.0,0.0,0.0,0.0,true,sunscreen and a hat; plenty of water
2e220a8104adac620551800b213e1038,Softball,okc_softball,Devon Park (USA Softball Hall of Fame Stadium),OKC Zone,remote,outdoor,2028-07-26,18:30,21:00,,Evening,Warm,2,86.0,91.0,83.0,0.03896103896103896,0.0,0.021505376344086023,false,plenty of water
19391867d150c30e8f210f39bf001e96,Weightlifting,peacock_theater,Peacock Theater,DTLA Zone,la_metro,indoor,2028-07-28,16:50,19:00,gold,Afternoon,Indoors,0,83.0,89.0,77.0,0.0,0.0,0.021505376344086023,false,water for the queue outside
e844166eb527dda99adbe1e2db539fb7,Football (Soccer) - Group & Knockout Stages,sd_stadium,Snapdragon Stadium,San Diego Zone,remote,outdoor,2028-07-25,17:30,20:30,,Evening,Comfortable,1,73.0,79.0,70.0,0.0,0.0,0.0,false,""
789dc7c71bbc88902d370a537f353017,Equestrian,santa_anita,Santa Anita Park,Arcadia Zone,la_metro,outdoor,2028-07-15,09:00,11:30,,Morning,Warm,2,82.0,86.0,74.0,0.0,0.0,0.22311827956989247,true,sunscreen and a hat; plenty of water; check air quality if you are sensitive to smog
8f252d78d393a796c7136dcacb4ec1db,Equestrian,santa_anita,Santa Anita Park,Arcadia Zone,la_metro,outdoor,2028-07-20,09:00,11:45,,Morning,Warm,2,83.0,89.0,74.0,0.0,0.025974025974025976,0.22311827956989247,true,sunscreen and a hat; plenty of water; check air quality if you are sensitive to smog
abcf071b5bb9ca6863716878e960163d,Equestrian,santa_anita,Santa Anita Park,Arcadia Zone,la_metro,outdoor,2028-07-22,16:15,19:00,gold,Afternoon,Warm,2,87.0,95.0,80.0,0.012987012987012988,0.025974025974025976,0.22311827956989247,false,plenty of water; check air quality if you are sensitive to smog
fcb4fd18650d4b0fc1a849171514c987,BMX Freestyle,sepulveda_basin_1,Valley Complex 1 (Sepulveda Basin),Valley Zone,la_metro,outdoor,2028-07-29,10:30,13:50,gold,Morning,Hot,3,87.0,94.0,83.0,0.012987012987012988,0.11688311688311688,0.29838709677419356,true,sunscreen and a hat; plenty of water; plan breaks in the shade; check air quality if you are sensitive to smog
6545dd3c3d9e928b9560d84b640e44f7,Skateboarding (Street),sepulveda_basin_1,Valley Complex 1 (Sepulveda Basin),Valley Zone,la_metro,outdoor,2028-07-20,20:30,22:00,gold,Evening,Comfortable,1,70.0,78.0,68.0,0.012987012987012988,0.0,0.29838709677419356,false,check air quality if you are sensitive to smog
cd7280f23dadbe8faf539e7b7e1c4b95,Swimming,sofi_stadium,SoFi Stadium,Inglewood Zone,la_metro,covered,2028-07-22,18:00,20:00,gold,Evening,Comfortable,1,76.0,83.0,71.0,0.012987012987012988,0.0,0.0,false,""
ce66f9beabb5a0c4774be4b28d602275,Swimming,sofi_stadium,SoFi Stadium,Inglewood Zone,la_metro,covered,2028-07-28,09:30,11:30,,Morning,Comfortable,1,79.0,87.0,76.0,0.012987012987012988,0.0,0.0,false,""
f876209a17e263d3d20a1f7831ab7781,Beach Volleyball,alamitos_beach,Alamitos Beach Stadium,Long Beach Zone,la_metro,outdoor,2028-07-23,17:00,19:00,,Evening,Comfortable,1,76.0,84.0,73.0,0.0,0.0,0.0,false,""
23f29211a9411419a5156cc507e1366c,Beach Volleyball,alamitos_beach,Alamitos Beach Stadium,Long Beach Zone,la_metro,outdoor,2028-07-24,21:00,23:00,,Evening,Comfortable,1,69.0,73.0,67.0,0.0,0.0,0.0,false,""
cf3430950dbdcafc1b40bd1c3a7976c9,Beach Volleyball,alamitos_beach,Alamitos Beach Stadium,Long Beach Zone,la_metro,outdoor,2028-07-29,19:00,22:00,gold,Evening,Comfortable,1,71.0,77.0,68.0,0.0,0.0,0.0,false,""
191ac424828ca3070c18e313021f0367,Sailing (Windsurfing & Kite),belmont_shore,Belmont Shore,Long Beach Zone,la_metro,outdoor,2028-07-20,14:00,17:00,gold,Afternoon,Warm,2,80.0,86.0,78.0,0.025974025974025976,0.0,0.0,true,sunscreen and a hat; plenty of water
4cf19761d732e79a00804bbb8276da64,Tennis,carson_tennis,Carson Tennis Center (Dignity Health Sports Park),Carson Zone,la_metro,outdoor,2028-07-28,11:00,16:30,gold,Morning,Warm,2,82.0,90.0,79.0,0.012987012987012988,0.03896103896103896,0.0,true,sunscreen and a hat; plenty of water
f2fcb707c495f1f96c882cc5baefd17d,Hockey,carson_field,Carson Field (hockey),Carson Zone,la_metro,outdoor,2028-07-16,09:00,14:00,,Morning,Warm,2,83.0,86.0,71.0,0.0,0.012987012987012988,0.0,true,sunscreen and a hat; plenty of water
eb2454b5cccb2366169b4bb0c8c0001b,Hockey,carson_field,Carson Field (hockey),Carson Zone,la_metro,outdoor,2028-07-18,17:30,22:30,,Evening,Comfortable,1,76.0,79.0,68.0,0.012987012987012988,0.0,0.0,false,""
72ea8b93ecfd926bd2ac54a2b0a79353,Hockey,carson_field,Carson Field (hockey),Carson Zone,la_metro,outdoor,2028-07-22,17:00,22:00,,Evening,Comfortable,1,80.0,86.0,69.0,0.012987012987012988,0.0,0.0,false,""
4d1071569e91e54d7c9d181b0e6d764f,Hockey,carson_field,Carson Field (hockey),Carson Zone,la_metro,outdoor,2028-07-28,21:00,23:30,gold,Evening,Comfortable,1,69.0,74.0,68.0,0.0,0.0,0.0,false,""
8df29225432b77d5da2ad6ec44e81645,Archery,carson_stadium,Carson Stadium (Dignity Health Sports Park),Carson Zone,la_metro,outdoor,2028-07-24,19:30,23:10,gold,Evening,Comfortable,1,71.0,76.0,68.0,0.0,0.0,0.0,false,""
5659fdb752e710260c40dc117d89f5f7,Cycling Track,carson_velodrome,VELO Sports Center,Carson Zone,la_metro,indoor,2028-07-28,09:00,11:20,,Morning,Indoors,0,79.0,85.0,72.0,0.03896103896103896,0.0,0.0,false,water for the queue outside
260e8d44de616c032b16027da7dd6718,Baseball,dodger_stadium,Dodger Stadium,DTLA Zone,la_metro,outdoor,2028-07-17,19:00,22:00,,Evening,Comfortable,1,76.0,80.0,68.0,0.012987012987012988,0.0,0.021505376344086023,false,""
90774092b029aefde35cffb800671c5e,Flag Football,bmo_stadium,BMO Stadium,Exposition Park Zone,la_metro,outdoor,2028-07-16,19:00,22:15,,Evening,Comfortable,1,73.0,78.0,68.0,0.012987012987012988,0.0,0.021505376344086023,false,""
9ac6cd4ba1f7aec0c2690df8ca2be6d3,Lacrosse,bmo_stadium,BMO Stadium,Exposition Park Zone,la_metro,outdoor,2028-07-26,18:30,22:00,,Evening,Comfortable,1,73.0,81.0,69.0,0.0,0.0,0.021505376344086023,false,""
1a554377f396b7e8db2bb845771e815c,Lacrosse,bmo_stadium,BMO Stadium,Exposition Park Zone,la_metro,outdoor,2028-07-29,13:30,16:15,gold,Afternoon,Warm,2,83.0,90.0,80.0,0.0,0.0,0.021505376344086023,true,sunscreen and a hat; plenty of water
717777819ea386a5a3c6c80e0530d867,Cricket,fairplex_cricket,Fairgrounds Cricket Stadium (Fairplex),Pomona Zone,la_metro,outdoor,2028-07-18,18:00,21:30,,Evening,Comfortable,1,84.0,90.0,72.0,0.012987012987012988,0.0,0.4327956989247312,false,check air quality if you are sensitive to smog
3143ff1f2ff1748b69443d2f45ad7b8c,Cricket,fairplex_cricket,Fairgrounds Cricket Stadium (Fairplex),Pomona Zone,la_metro,outdoor,2028-07-24,18:00,21:30,,Evening,Comfortable,1,85.0,93.0,73.0,0.0,0.0,0.4327956989247312,false,check air quality if you are sensitive to smog
55133c0857dcb0892a1589fac58a438e,Badminton,galen_center,Galen Center,Exposition Park Zone,la_metro,indoor,2028-07-18,08:00,11:25,,Morning,Indoors,0,80.0,84.0,68.0,0.012987012987012988,0.0,0.021505376344086023,false,water for the queue outside
044ef46c71683d762a503340b14ccd7a,Badminton,galen_center,Galen Center,Exposition Park Zone,la_metro,indoor,2028-07-18,19:00,23:05,,Evening,Indoors,0,73.0,77.0,68.0,0.012987012987012988,0.0,0.021505376344086023,false,water for the queue outside
d22375dd4f801ef37c4edc5ab0ff00b8,Volleyball,honda_center,Honda Center,Anaheim Zone,la_metro,indoor,2028-07-15,17:00,19:30,,Evening,Indoors,0,79.0,82.0,74.0,0.0,0.0,0.008064516129032258,false,water for the queue outside
d25ab5132a0962597fd47e1538e7b275,Volleyball,honda_center,Honda Center,Anaheim Zone,la_metro,indoor,2028-07-22,21:00,23:30,,Evening,Indoors,0,71.0,74.0,68.0,0.012987012987012988,0.0,0.008064516129032258,false,water for the queue outside
ac230ad708a85fccdccac35a2eef98b4,Volleyball,honda_center,Honda Center,Anaheim Zone,la_metro,indoor,2028-07-23,13:00,15:30,,Afternoon,Indoors,0,85.0,93.0,83.0,0.0,0.0,0.008064516129032258,false,water for the queue outside
94c6922d6b35b4b65b4f7d0c31a275ae,Basketball,intuit_dome,Intuit Dome,Inglewood Zone,la_metro,indoor,2028-07-20,12:00,16:15,,Afternoon,Indoors,0,84.0,89.0,80.0,0.025974025974025976,0.0,0.0,false,water for the queue outside
a57ac43826207af5dc08d73612500821,Fencing,la_convention_center,Los Angeles Convention Center,DTLA Zone,la_metro,indoor,2028-07-15,09:00,15:40,,Morning,Indoors,0,87.0,92.0,71.0,0.025974025974025976,0.0,0.021505376344086023,false,water for the queue outside
f823d49890653827ff747f3e2709ac44,Fencing,la_convention_center,Los Angeles Convention Center,DTLA Zone,la_metro,indoor,2028-07-18,17:30,19:40,gold,Evening,Indoors,0,80.0,83.0,77.0,0.0,0.0,0.021505376344086023,false,water for the queue outside
efdb6c54b883a62158cf6eba1c8a830b,Fencing,la_convention_center,Los Angeles Convention Center,DTLA Zone,la_metro,indoor,2028-07-22,09:00,14:30,,Morning,Indoors,0,89.0,97.0,73.0,0.03896103896103896,0.0,0.021505376344086023,false,water for the queue outside
bdabf3dfebc477da72420a34cd6db2ac,Table Tennis,la_convention_center,Los Angeles Convention Center,DTLA Zone,la_metro,indoor,2028-07-20,15:00,18:00,,Afternoon,Indoors,0,87.0,93.0,80.0,0.012987012987012988,0.0,0.021505376344086023,false,water for the queue outside
3b7c8b5188328a03cd7391312bcd2f9c,Table Tennis,la_convention_center,Los Angeles Convention Center,DTLA Zone,la_metro,indoor,2028-07-21,10:00,13:00,,Morning,Indoors,0,88.0,94.0,78.0,0.012987012987012988,0.0,0.021505376344086023,false,water for the queue outside
e137d130ad61bc289e7b148416b542b2,Athletics (Track & Field),la_coliseum,Los Angeles Memorial Coliseum,Exposition Park Zone,la_metro,outdoor,2028-07-22,14:05,18:15,gold,Afternoon,Warm,2,82.0,89.0,76.0,0.012987012987012988,0.0,0.021505376344086023,true,sunscreen and a hat; plenty of water
3ca02b24ea3b65c4fa995f2553b008ed,Water Polo,lb_aquatics,Long Beach Aquatics Center,Long Beach Zone,la_metro,outdoor,2028-07-13,10:00,13:00,,Morning,Comfortable,1,78.0,81.0,73.0,0.0,0.0,0.0,true,sunscreen and a hat
3a2d7a5d4590623a0c4f33684951d211,Water Polo,lb_aquatics,Long Beach Aquatics Center,Long Beach Zone,la_metro,outdoor,2028-07-23,15:00,17:00,gold,Afternoon,Warm,2,79.0,87.0,76.0,0.0,0.0,0.0,true,sunscreen and a hat; plenty of water
82e79769096f0f5b68157ad2b83fa25d,Handball,lb_arena,Long Beach Arena,Long Beach Zone,la_metro,indoor,2028-07-12,14:00,17:30,,Afternoon,Indoors,0,78.0,82.0,76.0,0.0,0.0,0.0,false,water for the queue outside
3e565105c35f426ab3bf5f3e37c90e6f,Handball,lb_arena,Long Beach Arena,Long Beach Zone,la_metro,indoor,2028-07-13,09:00,12:30,,Morning,Indoors,0,76.0,80.0,69.0,0.0,0.0,0.0,false,water for the queue outside
dc7baae4ebba55b9f9c6143dca63b6ba,Handball,lb_arena,Long Beach Arena,Long Beach Zone,la_metro,indoor,2028-07-20,09:00,12:30,,Morning,Indoors,0,77.0,83.0,71.0,0.0,0.0,0.0,false,water for the queue outside
bcbc0074e2f1928c4a77faf82eaa9ab4,Canoe Slalom,okc_whitewater,Riversport OKC,OKC Zone,remote,outdoor,2028-07-15,08:00,11:10,gold,Morning,Very hot,4,91.0,96.0,84.0,0.09090909090909091,0.6363636363636364,0.01881720430107527,true,sunscreen and a hat; plenty of water; plan breaks in the shade
223ce4dab23f9810aa07b99c8ac894ae,Canoe Slalom,okc_whitewater,Riversport OKC,OKC Zone,remote,outdoor,2028-07-22,07:00,09:20,gold,Morning,Hot,3,88.0,92.0,83.0,0.025974025974025976,0.2077922077922078,0.01881720430107527,false,plenty of water; plan breaks in the shade
c22c4e5825bf0ca5cff468893882587b,Golf,riviera_cc,Riviera Country Club,Riviera Zone,la_metro,outdoor,2028-07-26,09:00,18:00,,Morning,Warm,2,82.0,91.0,72.0,0.012987012987012988,0.05194805194805195,0.0,true,sunscreen and a hat; plenty of water
6d8f24a0c148f7d6d56c402942f6583a,Diving,rose_bowl_aquatics,Rose Bowl Aquatics Center,Pasadena Zone,la_metro,outdoor,2028-07-18,15:30,17:30,,Afternoon,Warm,2,87.0,92.0,85.0,0.025974025974025976,0.012987012987012988,0.22043010752688172,true,sunscreen and a hat; plenty of water; check air quality if you are sensitive to smog
6917eccc2cf68bbcaaa9df065f891257,Football (Soccer) - Final Stages,rose_bowl,Rose Bowl Stadium,Pasadena Zone,la_metro,outdoor,2028-07-24,20:30,23:30,,Evening,Comfortable,1,73.0,78.0,69.0,0.0,0.0,0.22043010752688172,false,check air quality if you are sensitive to smog
ee940d4d6638af0f6a5a9385d69f7d99,3x3 Basketball,sepulveda_basin_3,Valley Complex 3 (Sepulveda Basin),Valley Zone,la_metro,outdoor,2028-07-21,17:30,19:30,,Evening,Warm,2,82.0,90.0,78.0,0.012987012987012988,0.0,0.29838709677419356,false,plenty of water; check air quality if you are sensitive to smog
a39d45f83e7287d60ffdcf26e88b98a2,Triathlon,venice_beach,Venice Beach,Venice Zone,la_metro,outdoor,2028-07-20,08:00,10:00,gold,Morning,Warm,2,75.0,79.0,69.0,0.012987012987012988,0.0,0.0,false,plenty of water
ad3f574ba81e4f4586d6c719ee4a4a46,Shooting (Shotgun),whittier_narrows,Whittier Narrows Clay Shooting Center,Whittier Narrows Zone,la_metro,outdoor,2028-07-17,09:30,14:30,,Morning,Warm,2,89.0,95.0,77.0,0.012987012987012988,0.0,0.0456989247311828,true,sunscreen and a hat; plenty of water
bd8c6408b3b775ed91941bfe733516f6,Beach Volleyball,alamitos_beach,Alamitos Beach Stadium,Long Beach Zone,la_metro,outdoor,2028-07-18,09:00,12:00,,Morning,Comfortable,1,76.0,81.0,70.0,0.0,0.0,0.0,true,sunscreen and a hat
d41e9942c64193fbef4dbe544b98c2d8,Beach Volleyball,alamitos_beach,Alamitos Beach Stadium,Long Beach Zone,la_metro,outdoor,2028-07-19,09:00,12:00,,Morning,Comfortable,1,76.0,82.0,70.0,0.0,0.0,0.0,true,sunscreen and a hat
017f6709a99af6742ce6345e0c426fad,Sailing (Windsurfing & Kite),belmont_shore,Belmont Shore,Long Beach Zone,la_metro,outdoor,2028-07-19,14:00,20:00,gold,Afternoon,Comfortable,1,80.0,85.0,71.0,0.025974025974025976,0.0,0.0,true,sunscreen and a hat
1083267b160f74ed60a4d477cf2a4e19,Tennis,carson_tennis,Carson Tennis Center (Dignity Health Sports Park),Carson Zone,la_metro,outdoor,2028-07-27,18:30,00:00,gold,Evening,Comfortable,1,73.0,79.0,67.0,0.0,0.0,0.0,false,""
011f93fb51fc01e20b3db16466295e7c,Hockey,carson_field,Carson Field (hockey),Carson Zone,la_metro,outdoor,2028-07-13,17:00,22:00,,Evening,Comfortable,1,78.0,82.0,68.0,0.0,0.0,0.0,false,""
63c2a3d2b7c028885ca9cf3d38eaa91a,Archery,carson_stadium,Carson Stadium (Dignity Health Sports Park),Carson Zone,la_metro,outdoor,2028-07-19,09:30,12:00,,Morning,Warm,2,81.0,86.0,76.0,0.0,0.012987012987012988,0.0,true,sunscreen and a hat; plenty of water
bdd767742a4e04360f91eba82efb4cb8,Archery,carson_stadium,Carson Stadium (Dignity Health Sports Park),Carson Zone,la_metro,outdoor,2028-07-28,20:30,22:50,gold,Evening,Comfortable,1,69.0,74.0,69.0,0.0,0.0,0.0,false,""
94bd7f42b891054d1793cdae0f14e920,Rugby Sevens,carson_stadium,Carson Stadium (Dignity Health Sports Park),Carson Zone,la_metro,outdoor,2028-07-18,19:00,21:30,gold,Evening,Comfortable,1,74.0,76.0,69.0,0.012987012987012988,0.0,0.0,false,""
24523d8b71495798aab61ffed6d9ec79,Cycling Track,carson_velodrome,VELO Sports Center,Carson Zone,la_metro,indoor,2028-07-26,08:45,12:15,,Morning,Indoors,0,80.0,89.0,72.0,0.05194805194805195,0.0,0.0,false,water for the queue outside
42776fa6467ef3b5bacc17cf8cbe0e86,Artistic Gymnastics,crypto_arena,Crypto.com Arena,DTLA Zone,la_metro,indoor,2028-07-24,11:00,14:30,gold,Morning,Indoors,0,88.0,97.0,81.0,0.025974025974025976,0.0,0.021505376344086023,false,water for the queue outside
802199c9fb7d77378d807ab9037c4e86,Baseball,dodger_stadium,Dodger Stadium,DTLA Zone,la_metro,outdoor,2028-07-15,19:00,22:00,,Evening,Comfortable,1,76.0,80.0,68.0,0.0,0.0,0.021505376344086023,false,""
b9ad94dcf1fe4cfa9e747d55b6de581b,Baseball,dodger_stadium,Dodger Stadium,DTLA Zone,la_metro,outdoor,2028-07-16,19:00,22:00,,Evening,Comfortable,1,76.0,80.0,68.0,0.012987012987012988,0.0,0.021505376344086023,false,""
931b6b6cec0cca49dcbc5531e88b571f,Baseball,dodger_stadium,Dodger Stadium,DTLA Zone,la_metro,outdoor,2028-07-18,19:00,22:00,,Evening,Comfortable,1,76.0,80.0,68.0,0.012987012987012988,0.0,0.021505376344086023,false,""
91d4acf9e01eb7bfb142add6bfadb2a0,Baseball,dodger_stadium,Dodger Stadium,DTLA Zone,la_metro,outdoor,2028-07-19,11:00,14:00,bronze,Morning,Warm,2,87.0,92.0,81.0,0.012987012987012988,0.025974025974025976,0.021505376344086023,true,sunscreen and a hat; plenty of water
b775bce8d0b4fc08f8653d8c174e7730,Flag Football,bmo_stadium,BMO Stadium,Exposition Park Zone,la_metro,outdoor,2028-07-18,19:00,22:15,,Evening,Comfortable,1,73.0,77.0,69.0,0.012987012987012988,0.0,0.021505376344086023,false,""
2eff3877318fa751f382e63660b18f07,Flag Football,bmo_stadium,BMO Stadium,Exposition Park Zone,la_metro,outdoor,2028-07-21,17:30,20:40,gold,Evening,Comfortable,1,76.0,82.0,71.0,0.012987012987012988,0.0,0.021505376344086023,false,""
1c85b950aceef9739bacb52a9dc23fbd,Badminton,galen_center,Galen Center,Exposition Park Zone,la_metro,indoor,2028-07-19,08:00,11:45,,Morning,Indoors,0,81.0,84.0,68.0,0.025974025974025976,0.0,0.021505376344086023,false,water for the queue outside
36e83429410a0457e743301532bc6b4d,Badminton,galen_center,Galen Center,Exposition Park Zone,la_metro,indoor,2028-07-19,19:00,23:05,,Evening,Indoors,0,73.0,77.0,68.0,0.012987012987012988,0.0,0.021505376344086023,false,water for the queue outside
0924fabdea19db7c2f421886cb15c74c,Badminton,galen_center,Galen Center,Exposition Park Zone,la_metro,indoor,2028-07-22,08:00,10:45,gold,Morning,Indoors,0,77.0,83.0,69.0,0.025974025974025976,0.0,0.021505376344086023,false,water for the queue outside
17e1e8172ad3505ebb8da4e12fbcbdfb,Volleyball,honda_center,Honda Center,Anaheim Zone,la_metro,indoor,2028-07-19,17:00,19:30,,Evening,Indoors,0,80.0,86.0,75.0,0.012987012987012988,0.0,0.008064516129032258,false,water for the queue outside
857f5d6a8ff2ff7f7208de669aa3a6a7,Volleyball,honda_center,Honda Center,Anaheim Zone,la_metro,indoor,2028-07-20,09:00,11:30,,Morning,Indoors,0,80.0,84.0,71.0,0.0,0.0,0.008064516129032258,false,water for the queue outside
5ecd3048bf2a323273b629354ebe1487,Basketball,intuit_dome,Intuit Dome,Inglewood Zone,la_metro,indoor,2028-07-20,18:00,19:45,,Evening,Indoors,0,76.0,80.0,73.0,0.0,0.0,0.0,false,water for the queue outside
a3e6c3b26134b9f819d07663cb76235c,Taekwondo,la_convention_center,Los Angeles Convention Center,DTLA Zone,la_metro,indoor,2028-07-26,15:00,18:00,,Afternoon,Indoors,0,87.0,94.0,80.0,0.0,0.0,0.021505376344086023,false,water for the queue outside
13e859563fb4909b3c7201d7fb7fbf9b,Taekwondo,la_convention_center,Los Angeles Convention Center,DTLA Zone,la_metro,indoor,2028-07-26,19:30,23:00,gold,Evening,Indoors,0,74.0,79.0,69.0,0.0,0.0,0.021505376344086023,false,water for the queue outside
0f3166788daeda56fbcd39dde3dff472,Judo,la_convention_center,Los Angeles Convention Center,DTLA Zone,la_metro,indoor,2028-07-15,10:00,14:00,,Morning,Indoors,0,87.0,92.0,76.0,0.012987012987012988,0.0,0.021505376344086023,false,water for the queue outside
9849148c6a6c521bd30d5b09fdfd60a5,Judo,la_convention_center,Los Angeles Convention Center,DTLA Zone,la_metro,indoor,2028-07-16,10:00,14:00,,Morning,Indoors,0,87.0,92.0,76.0,0.012987012987012988,0.0,0.021505376344086023,false,water for the queue outside
c618dcf833ebb7e3831a15c90885f863,Judo,la_convention_center,Los Angeles Convention Center,DTLA Zone,la_metro,indoor,2028-07-22,08:00,14:00,,Morning,Indoors,0,89.0,97.0,69.0,0.03896103896103896,0.0,0.021505376344086023,false,water for the queue outside
0dcba7cb8e6a52398b78fe1915d44f44,Wrestling,la_convention_center,Los Angeles Convention Center,DTLA Zone,la_metro,indoor,2028-07-25,11:00,13:30,,Morning,Indoors,0,87.0,96.0,81.0,0.012987012987012988,0.0,0.021505376344086023,false,water for the queue outside
2ee71fb6b2e4000a2811c4bb6c930d00,Table Tennis,la_convention_center,Los Angeles Convention Center,DTLA Zone,la_metro,indoor,2028-07-21,21:00,23:00,,Evening,Indoors,0,71.0,76.0,69.0,0.012987012987012988,0.0,0.021505376344086023,false,water for the queue outside
8d0d275ba8d8d4418bb5c7c799050755,Athletics (Track & Field),la_coliseum,Los Angeles Memorial Coliseum,Exposition Park Zone,la_metro,outdoor,2028-07-21,09:35,12:25,gold,Morning,Warm,2,83.0,90.0,77.0,0.012987012987012988,0.03896103896103896,0.021505376344086023,true,sunscreen and a hat; plenty of water
39625caa8053d969959b404a5065287f,Water Polo,lb_aquatics,Long Beach Aquatics Center,Long Beach Zone,la_metro,outdoor,2028-07-13,14:30,17:30,,Afternoon,Comfortable,1,78.0,82.0,76.0,0.0,0.0,0.0,true,sunscreen and a hat
210d797970f18cce7bd1fcb58a752231,Handball,lb_arena,Long Beach Arena,Long Beach Zone,la_metro,indoor,2028-07-13,19:00,22:30,,Evening,Indoors,0,71.0,75.0,67.0,0.0,0.0,0.0,false,water for the queue outside
861fc99ecb42a867813d6403119f88b9,Handball,lb_arena,Long Beach Arena,Long Beach Zone,la_metro,indoor,2028-07-20,19:00,22:30,,Evening,Indoors,0,72.0,77.0,67.0,0.012987012987012988,0.0,0.0,false,water for the queue outside
d49a48eb4b8344b6e5fb1b620fadcd02,Handball,lb_arena,Long Beach Arena,Long Beach Zone,la_metro,indoor,2028-07-21,14:00,17:30,,Afternoon,Indoors,0,80.0,85.0,76.0,0.025974025974025976,0.0,0.0,false,water for the queue outside
b688e1573da19ee6a1b46a73b55a68cb,Handball,lb_arena,Long Beach Arena,Long Beach Zone,la_metro,indoor,2028-07-25,13:00,15:00,,Afternoon,Indoors,0,79.0,87.0,78.0,0.0,0.0,0.0,false,water for the queue outside
597013dfc549e3f9aa3430d6dc5b4c04,Handball,lb_arena,Long Beach Arena,Long Beach Zone,la_metro,indoor,2028-07-26,09:30,11:30,,Morning,Indoors,0,76.0,82.0,74.0,0.025974025974025976,0.0,0.0,false,water for the queue outside
172bf7bbdd42626f5fdf344559570f2b,Softball,okc_softball,Devon Park (USA Softball Hall of Fame Stadium),OKC Zone,remote,outdoor,2028-07-25,18:30,21:00,,Evening,Warm,2,86.0,92.0,83.0,0.03896103896103896,0.0,0.021505376344086023,false,plenty of water
d83920262a334281b4947b0440a9e973,Boxing - Preliminary Stages,peacock_theater,Peacock Theater,DTLA Zone,la_metro,indoor,2028-07-18,12:00,15:00,,Afternoon,Indoors,0,88.0,93.0,85.0,0.025974025974025976,0.0,0.021505376344086023,false,water for the queue outside
1453639ee7f5e904063ad2a49b310d9e,Weightlifting,peacock_theater,Peacock Theater,DTLA Zone,la_metro,indoor,2028-07-29,16:50,19:00,gold,Afternoon,Indoors,0,83.0,89.0,77.0,0.0,0.0,0.021505376344086023,false,water for the queue outside
b56ed1c3ef1668ca5606e5710a8cb840,Diving,rose_bowl_aquatics,Rose Bowl Aquatics Center,Pasadena Zone,la_metro,outdoor,2028-07-22,10:00,12:00,,Morning,Hot,3,86.0,95.0,79.0,0.0,0.11688311688311688,0.22043010752688172,true,sunscreen and a hat; plenty of water; plan breaks in the shade; check air quality if you are sensitive to smog
58dad5c752c0319d14dde14875c6c60a,Diving,rose_bowl_aquatics,Rose Bowl Aquatics Center,Pasadena Zone,la_metro,outdoor,2028-07-28,16:00,17:00,gold,Afternoon,Hot,3,89.0,96.0,85.0,0.012987012987012988,0.11688311688311688,0.22043010752688172,true,sunscreen and a hat; plenty of water; plan breaks in the shade; check air quality if you are sensitive to smog
15a443d90745faab6d1f396e0079c3ce,3x3 Basketball,sepulveda_basin_3,Valley Complex 3 (Sepulveda Basin),Valley Zone,la_metro,outdoor,2028-07-18,14:00,16:00,,Afternoon,Warm,2,87.0,93.0,85.0,0.025974025974025976,0.0,0.29838709677419356,true,sunscreen and a hat; plenty of water; check air quality if you are sensitive to smog
9da04fb09f4996302c6922adcebfa516,3x3 Basketball,sepulveda_basin_3,Valley Complex 3 (Sepulveda Basin),Valley Zone,la_metro,outdoor,2028-07-19,14:00,16:00,,Afternoon,Warm,2,87.0,93.0,86.0,0.025974025974025976,0.012987012987012988,0.29838709677419356,true,sunscreen and a hat; plenty of water; check air quality if you are sensitive to smog
121c9b2b0ed25b8cea07233e640da8d3,3x3 Basketball,sepulveda_basin_3,Valley Complex 3 (Sepulveda Basin),Valley Zone,la_metro,outdoor,2028-07-21,21:00,23:00,,Evening,Comfortable,1,71.0,79.0,67.0,0.012987012987012988,0.0,0.29838709677419356,false,check air quality if you are sensitive to smog
5bf35031c36b874fd227395f54de2b7f,3x3 Basketball,sepulveda_basin_3,Valley Complex 3 (Sepulveda Basin),Valley Zone,la_metro,outdoor,2028-07-22,17:00,19:00,,Evening,Warm,2,83.0,94.0,78.0,0.012987012987012988,0.025974025974025976,0.29838709677419356,false,plenty of water; check air quality if you are sensitive to smog
bfab4cc4598f7f9c21f79442be93a7e4,BMX Racing,sepulveda_basin_4,Valley Complex 4 (Sepulveda Basin),Valley Zone,la_metro,outdoor,2028-07-15,10:30,12:50,,Morning,Warm,2,84.0,89.0,82.0,0.0,0.012987012987012988,0.29838709677419356,true,sunscreen and a hat; plenty of water; check air quality if you are sensitive to smog
c25cc1f89aaec4fdf746e75354cae4ba,Swimming,sofi_stadium,SoFi Stadium,Inglewood Zone,la_metro,covered,2028-07-22,09:30,11:30,,Morning,Comfortable,1,81.0,88.0,77.0,0.0,0.0,0.0,false,""
e64746f611c7256f363fb8f6659a96d0,Swimming,sofi_stadium,SoFi Stadium,Inglewood Zone,la_metro,covered,2028-07-28,18:00,20:00,gold,Evening,Comfortable,1,76.0,83.0,71.0,0.0,0.0,0.0,false,""
a6df1212097d68c410bcba78ef5c8706,Beach Volleyball,alamitos_beach,Alamitos Beach Stadium,Long Beach Zone,la_metro,outdoor,2028-07-15,20:00,23:00,,Evening,Comfortable,1,69.0,72.0,66.0,0.0,0.0,0.0,false,""
976b1eee4ae207da18a890be7a34cd83,Beach Volleyball,alamitos_beach,Alamitos Beach Stadium,Long Beach Zone,la_metro,outdoor,2028-07-20,20:00,23:00,,Evening,Comfortable,1,70.0,74.0,67.0,0.012987012987012988,0.0,0.0,false,""
290ba28a05b57193f4cc03e1d1b31654,Rowing Coastal Beach Sprints,belmont_shore,Belmont Shore,Long Beach Zone,la_metro,outdoor,2028-07-24,08:30,12:15,,Morning,Warm,2,77.0,84.0,71.0,0.05194805194805195,0.0,0.0,true,sunscreen and a hat; plenty of water
cd7598723ccba16336c7ba8a668eac1d,Sailing (Windsurfing & Kite),belmont_shore,Belmont Shore,Long Beach Zone,la_metro,outdoor,2028-07-16,14:00,20:00,,Afternoon,Comfortable,1,79.0,84.0,71.0,0.025974025974025976,0.0,0.0,true,sunscreen and a hat
d387bdf9b1db1c745a19be2b4a465e01,Tennis,carson_tennis,Carson Tennis Center (Dignity Health Sports Park),Carson Zone,la_metro,outdoor,2028-07-21,11:00,16:30,,Morning,Warm,2,84.0,91.0,80.0,0.025974025974025976,0.025974025974025976,0.0,true,sunscreen and a hat; plenty of water
39ff693c6524b96d84757ebebf4b338d,Tennis,carson_tennis,Carson Tennis Center (Dignity Health Sports Park),Carson Zone,la_metro,outdoor,2028-07-21,11:00,20:00,,Morning,Warm,2,84.0,91.0,71.0,0.03896103896103896,0.025974025974025976,0.0,true,sunscreen and a hat; plenty of water
6544858953e1da9df69991e3e532a115,Tennis,carson_tennis,Carson Tennis Center (Dignity Health Sports Park),Carson Zone,la_metro,outdoor,2028-07-21,11:00,20:00,,Morning,Warm,2,84.0,91.0,71.0,0.03896103896103896,0.025974025974025976,0.0,true,sunscreen and a hat; plenty of water
7ac2a53d308cbe677d92aa2641a49085,Tennis,carson_tennis,Carson Tennis Center (Dignity Health Sports Park),Carson Zone,la_metro,outdoor,2028-07-21,11:00,20:00,,Morning,Warm,2,84.0,91.0,71.0,0.03896103896103896,0.025974025974025976,0.0,true,sunscreen and a hat; plenty of water
26b162646037e1a9f460a7042646d44a,Hockey,carson_field,Carson Field (hockey),Carson Zone,la_metro,outdoor,2028-07-15,17:30,22:30,,Evening,Comfortable,1,76.0,79.0,68.0,0.0,0.0,0.0,false,""
adbf3222965b6a8a85697459f9e32e10,Hockey,carson_field,Carson Field (hockey),Carson Zone,la_metro,outdoor,2028-07-21,17:00,22:00,,Evening,Comfortable,1,79.0,83.0,69.0,0.012987012987012988,0.0,0.0,false,""
5f9386deb276cfdf2cefc9b52b4c638b,Hockey,carson_field,Carson Field (hockey),Carson Zone,la_metro,outdoor,2028-07-25,09:00,14:00,,Morning,Warm,2,83.0,92.0,72.0,0.05194805194805195,0.03896103896103896,0.0,true,sunscreen and a hat; plenty of water
a94f29ef402dd105d43544bfa81bc40b,Archery,carson_stadium,Carson Stadium (Dignity Health Sports Park),Carson Zone,la_metro,outdoor,2028-07-26,20:00,23:10,gold,Evening,Comfortable,1,71.0,76.0,68.0,0.0,0.0,0.0,false,""
8a26da43cdd6351e5e7cdf9707a0459a,Archery,carson_stadium,Carson Stadium (Dignity Health Sports Park),Carson Zone,la_metro,outdoor,2028-07-28,09:30,11:15,,Morning,Warm,2,79.0,85.0,76.0,0.012987012987012988,0.012987012987012988,0.0,true,sunscreen and a hat; plenty of water
9bc9ee2431e180ec5313f506ff1a1c1f,Rugby Sevens,carson_stadium,Carson Stadium (Dignity Health Sports Park),Carson Zone,la_metro,outdoor,2028-07-12,16:00,19:00,,Afternoon,Comfortable,1,81.0,85.0,73.0,0.0,0.0,0.0,true,sunscreen and a hat
d6e33715e705b36ac8b1e47dd2361eb1,Boxing - Final Stages,crypto_arena,Crypto.com Arena,DTLA Zone,la_metro,indoor,2028-07-28,18:00,19:30,gold,Evening,Indoors,0,80.0,87.0,77.0,0.0,0.0,0.021505376344086023,false,water for the queue outside
6e2d21b41a4b8f811192a1528230d2e0,Flag Football,bmo_stadium,BMO Stadium,Exposition Park Zone,la_metro,outdoor,2028-07-20,14:00,16:10,,Afternoon,Warm,2,83.0,88.0,80.0,0.025974025974025976,0.012987012987012988,0.021505376344086023,true,sunscreen and a hat; plenty of water
b7f3c6e1d2cd9e62dc6dfb695f654df0,Flag Football,bmo_stadium,BMO Stadium,Exposition Park Zone,la_metro,outdoor,2028-07-21,13:30,15:40,,Afternoon,Warm,2,83.0,89.0,82.0,0.012987012987012988,0.0,0.021505376344086023,true,sunscreen and a hat; plenty of water
b60a959e09b723c7d1a63cd93c381bde,Cricket,fairplex_cricket,Fairgrounds Cricket Stadium (Fairplex),Pomona Zone,la_metro,outdoor,2028-07-16,18:00,21:30,,Evening,Comfortable,1,84.0,89.0,72.0,0.012987012987012988,0.0,0.4327956989247312,false,check air quality if you are sensitive to smog
f89f9bf70965c1bd1280dea86bd5a175,Cricket,fairplex_cricket,Fairgrounds Cricket Stadium (Fairplex),Pomona Zone,la_metro,outdoor,2028-07-25,18:00,21:30,,Evening,Comfortable,1,85.0,93.0,72.0,0.0,0.0,0.4327956989247312,false,check air quality if you are sensitive to smog
0f664e2a6ab8d47f40df32eff2e4f86e,Cricket,fairplex_cricket,Fairgrounds Cricket Stadium (Fairplex),Pomona Zone,la_metro,outdoor,2028-07-26,09:00,12:30,,Morning,Hot,3,87.0,95.0,73.0,0.03896103896103896,0.18181818181818182,0.4327956989247312,true,sunscreen and a hat; plenty of water; plan breaks in the shade; check air quality if you are sensitive to smog
3c7e9c7acc0ea2f90eb9726e3defba8b,Cricket,fairplex_cricket,Fairgrounds Cricket Stadium (Fairplex),Pomona Zone,la_metro,outdoor,2028-07-27,18:00,21:30,,Evening,Comfortable,1,85.0,92.0,73.0,0.0,0.0,0.4327956989247312,false,check air quality if you are sensitive to smog
254dec4c5e0325d69068ebf63cdf8f7d,Badminton,galen_center,Galen Center,Exposition Park Zone,la_metro,indoor,2028-07-16,14:00,16:35,,Afternoon,Indoors,0,82.0,86.0,80.0,0.025974025974025976,0.0,0.021505376344086023,false,water for the queue outside
c0ef146ba36f45233f17531fb6c491d9,Badminton,galen_center,Galen Center,Exposition Park Zone,la_metro,indoor,2028-07-21,08:00,13:05,gold,Morning,Indoors,0,84.0,90.0,69.0,0.03896103896103896,0.0,0.021505376344086023,false,water for the queue outside
a490448f9ba22c52e0b5830ef6f2a647,Rhythmic Gymnastics,galen_center,Galen Center,Exposition Park Zone,la_metro,indoor,2028-07-27,17:30,20:45,,Evening,Indoors,0,76.0,83.0,71.0,0.0,0.0,0.021505376344086023,false,water for the queue outside
0ee5b55067a40210b4908a9093e97ad2,Rhythmic Gymnastics,galen_center,Galen Center,Exposition Park Zone,la_metro,indoor,2028-07-28,18:00,20:45,gold,Evening,Indoors,0,76.0,83.0,71.0,0.0,0.0,0.021505376344086023,false,water for the queue outside
d528b7b3371d6b517fb1dee1a2b3c766,Volleyball,honda_center,Honda Center,Anaheim Zone,la_metro,indoor,2028-07-18,13:00,15:30,,Afternoon,Indoors,0,84.0,88.0,82.0,0.012987012987012988,0.0,0.008064516129032258,false,water for the queue outside
0925229ad63d1b272725ea9274bae56c,Volleyball,honda_center,Honda Center,Anaheim Zone,la_metro,indoor,2028-07-21,17:00,19:30,,Evening,Indoors,0,80.0,87.0,75.0,0.012987012987012988,0.0,0.008064516129032258,false,water for the queue outside
0c1441da57c9449277e4708c639d86bf,Basketball,intuit_dome,Intuit Dome,Inglewood Zone,la_metro,indoor,2028-07-24,13:00,15:00,,Afternoon,Indoors,0,84.0,91.0,82.0,0.0,0.0,0.0,false,water for the queue outside
045493c1fe20181be15b21606d2536e9,Basketball,intuit_dome,Intuit Dome,Inglewood Zone,la_metro,indoor,2028-07-29,12:00,14:00,bronze,Afternoon,Indoors,0,83.0,89.0,81.0,0.012987012987012988,0.0,0.0,false,water for the queue outside
1a8a5f4827a902a62eb41910af9528ab,Basketball,intuit_dome,Intuit Dome,Inglewood Zone,la_metro,indoor,2028-07-29,16:00,18:15,gold,Afternoon,Indoors,0,80.0,86.0,76.0,0.0,0.0,0.0,false,water for the queue outside
33a6c3b1f1bb1245e400bca25febd0a4,Fencing,la_convention_center,Los Angeles Convention Center,DTLA Zone,la_metro,indoor,2028-07-16,09:00,16:20,,Morning,Indoors,0,87.0,92.0,71.0,0.03896103896103896,0.0,0.021505376344086023,false,water for the queue outside
12568c6c0833ab43138ff64964c3b6b5,Fencing,la_convention_center,Los Angeles Convention Center,DTLA Zone,la_metro,indoor,2028-07-19,09:00,14:30,,Morning,Indoors,0,89.0,93.0,72.0,0.03896103896103896,0.0,0.021505376344086023,false,water for the queue outside
55edfd53cf48770fb950e7db4f287a1a,Judo,la_convention_center,Los Angeles Convention Center,DTLA Zone,la_metro,indoor,2028-07-18,16:00,19:00,gold,Afternoon,Indoors,0,85.0,89.0,77.0,0.012987012987012988,0.0,0.021505376344086023,false,water for the queue outside
60720ec857c3bb782250c9e28be7192d,Judo,la_convention_center,Los Angeles Convention Center,DTLA Zone,la_metro,indoor,2028-07-19,10:00,14:00,,Morning,Indoors,0,89.0,93.0,76.0,0.012987012987012988,0.0,0.021505376344086023,false,water for the queue outside
1972b3fd6d6b5b05a50cea25f655d769,Judo,la_convention_center,Los Angeles Convention Center,DTLA Zone,la_metro,indoor,2028-07-20,16:00,19:00,gold,Afternoon,Indoors,0,85.0,90.0,77.0,0.012987012987012988,0.0,0.021505376344086023,false,water for the queue outside
bd9fb66b70247f37355624966223d709,Wrestling,la_convention_center,Los Angeles Convention Center,DTLA Zone,la_metro,indoor,2028-07-29,19:00,22:45,gold,Evening,Indoors,0,77.0,82.0,70.0,0.0,0.0,0.021505376344086023,false,water for the queue outside
0dfaf8e0e0c88d678d26cf95b0b09427,Table Tennis,la_convention_center,Los Angeles Convention Center,DTLA Zone,la_metro,indoor,2028-07-15,19:30,22:30,,Evening,Indoors,0,73.0,75.0,69.0,0.0,0.0,0.021505376344086023,false,water for the queue outside
28625102cb63604913d7111d38c01405,Table Tennis,la_convention_center,Los Angeles Convention Center,DTLA Zone,la_metro,indoor,2028-07-17,15:00,18:00,,Afternoon,Indoors,0,86.0,91.0,80.0,0.012987012987012988,0.0,0.021505376344086023,false,water for the queue outside
c6fa20edb7efe3622e07546fe894ebcb,Table Tennis,la_convention_center,Los Angeles Convention Center,DTLA Zone,la_metro,indoor,2028-07-19,21:00,23:15,gold,Evening,Indoors,0,71.0,74.0,68.0,0.012987012987012988,0.0,0.021505376344086023,false,water for the queue outside
6787a7896eae50eda8796903a610d0d9,Table Tennis,la_convention_center,Los Angeles Convention Center,DTLA Zone,la_metro,indoor,2028-07-24,17:00,22:00,,Evening,Indoors,0,83.0,90.0,70.0,0.0,0.0,0.021505376344086023,false,water for the queue outside
e86fe485180ab397706104635654bfab,Table Tennis,la_convention_center,Los Angeles Convention Center,DTLA Zone,la_metro,indoor,2028-07-27,10:00,15:00,,Morning,Indoors,0,87.0,95.0,77.0,0.025974025974025976,0.0,0.021505376344086023,false,water for the queue outside
3749d10771a9c7938fdd1a6a876f91b7,Athletics (Track & Field),la_coliseum,Los Angeles Memorial Coliseum,Exposition Park Zone,la_metro,outdoor,2028-07-18,15:50,18:50,gold,Afternoon,Comfortable,1,80.0,84.0,76.0,0.012987012987012988,0.012987012987012988,0.021505376344086023,true,sunscreen and a hat
9411cda4b9d639c8b646c8219d4fae26,Water Polo,lb_aquatics,Long Beach Aquatics Center,Long Beach Zone,la_metro,outdoor,2028-07-16,10:00,13:00,,Morning,Comfortable,1,78.0,81.0,73.0,0.0,0.0,0.0,true,sunscreen and a hat
5141b550e61c7ae737729621fd911802,Handball,lb_arena,Long Beach Arena,Long Beach Zone,la_metro,indoor,2028-07-17,19:00,22:30,,Evening,Indoors,0,72.0,75.0,67.0,0.012987012987012988,0.0,0.0,false,water for the queue outside
5a4c7e39cb082dbba1af4a2606abaa94,Handball,lb_arena,Long Beach Arena,Long Beach Zone,la_metro,indoor,2028-07-22,14:00,17:30,,Afternoon,Indoors,0,80.0,87.0,77.0,0.012987012987012988,0.0,0.0,false,water for the queue outside
c06a390466e8be49ae5f1953f31df8e0,Handball,lb_arena,Long Beach Arena,Long Beach Zone,la_metro,indoor,2028-07-24,09:00,11:00,,Morning,Indoors,0,76.0,82.0,71.0,0.025974025974025976,0.0,0.0,false,water for the queue outside
0151c1e4a1fe1689812f9f9dfc514cc5,Handball,lb_arena,Long Beach Arena,Long Beach Zone,la_metro,indoor,2028-07-28,13:00,15:30,gold,Afternoon,Indoors,0,78.0,85.0,77.0,0.0,0.0,0.0,false,water for the queue outside
40360f3d8619131b6d2887d2d83ad549,Shooting (Rifle & Pistol),lb_shooting_hall,Long Beach Target Shooting Hall,Long Beach Zone,la_metro,indoor,2028-07-23,09:30,21:00,gold,Morning,Indoors,0,80.0,87.0,69.0,0.03896103896103896,0.0,0.0,false,water for the queue outside
9dfb3502b0aa83eb5ea65a93f1ff9289,Canoe Sprint,marine_stadium,Marine Stadium,Long Beach Zone,la_metro,outdoor,2028-07-26,09:00,12:40,gold,Morning,Warm,2,77.0,84.0,71.0,0.03896103896103896,0.0,0.0,true,sunscreen and a hat; plenty of water
34c76fc7fdd18deba5c00b19d224a6b9,Canoe Slalom,okc_whitewater,Riversport OKC,OKC Zone,remote,outdoor,2028-07-19,07:00,10:10,gold,Morning,Hot,3,90.0,95.0,82.0,0.09090909090909091,0.5454545454545454,0.01881720430107527,true,sunscreen and a hat; plenty of water; plan breaks in the shade
8db8a7dad5ba666a0a39e31f5b76e823,Boxing - Preliminary Stages,peacock_theater,Peacock Theater,DTLA Zone,la_metro,indoor,2028-07-16,12:00,15:00,,Afternoon,Indoors,0,87.0,92.0,84.0,0.025974025974025976,0.0,0.021505376344086023,false,water for the queue outside
3fa4d34aedbbe09b9021c4b80bb802e2,Boxing - Preliminary Stages,peacock_theater,Peacock Theater,DTLA Zone,la_metro,indoor,2028-07-22,19:00,22:00,,Evening,Indoors,0,77.0,83.0,70.0,0.012987012987012988,0.0,0.021505376344086023,false,water for the queue outside
8a5bace1bde539aae9d4cc8405e30698,Weightlifting,peacock_theater,Peacock Theater,DTLA Zone,la_metro,indoor,2028-07-29,20:50,23:00,gold,Evening,Indoors,0,71.0,75.0,69.0,0.0,0.0,0.021505376344086023,false,water for the queue outside
82de48b98d865c55af16e83bf4d1fd77,Diving,rose_bowl_aquatics,Rose Bowl Aquatics Center,Pasadena Zone,la_metro,outdoor,2028-07-17,15:30,16:45,gold,Afternoon,Warm,2,87.0,92.0,87.0,0.025974025974025976,0.012987012987012988,0.22043010752688172,true,sunscreen and a hat; plenty of water; check air quality if you are sensitive to smog
1c29bbc8b87c401937a67c96231f8bc7,Diving,rose_bowl_aquatics,Rose Bowl Aquatics Center,Pasadena Zone,la_metro,outdoor,2028-07-20,15:30,17:30,,Afternoon,Warm,2,88.0,94.0,85.0,0.025974025974025976,0.05194805194805195,0.22043010752688172,true,sunscreen and a hat; plenty of water; check air quality if you are sensitive to smog
4642cc1935b4dee44f08ea539bba1b88,Football (Soccer) - Final Stages,rose_bowl,Rose Bowl Stadium,Pasadena Zone,la_metro,outdoor,2028-07-28,18:00,21:00,gold,Evening,Warm,2,83.0,90.0,72.0,0.0,0.0,0.22043010752688172,false,plenty of water; check air quality if you are sensitive to smog
d93afba64ecaaa383184241af3701417,3x3 Basketball,sepulveda_basin_3,Valley Complex 3 (Sepulveda Basin),Valley Zone,la_metro,outdoor,2028-07-18,21:00,23:00,,Evening,Comfortable,1,70.0,75.0,67.0,0.012987012987012988,0.0,0.29838709677419356,false,check air quality if you are sensitive to smog
6eee480350353b265ff8d981ddcf2d52,3x3 Basketball,sepulveda_basin_3,Valley Complex 3 (Sepulveda Basin),Valley Zone,la_metro,outdoor,2028-07-19,21:00,23:00,,Evening,Comfortable,1,70.0,77.0,67.0,0.012987012987012988,0.0,0.29838709677419356,false,check air quality if you are sensitive to smog
94461c4eadea12ade32f99ad75ece755,3x3 Basketball,sepulveda_basin_3,Valley Complex 3 (Sepulveda Basin),Valley Zone,la_metro,outdoor,2028-07-21,14:00,16:00,,Afternoon,Warm,2,88.0,98.0,86.0,0.025974025974025976,0.1038961038961039,0.29838709677419356,true,sunscreen and a hat; plenty of water; check air quality if you are sensitive to smog
329bf9020a2f3049f9123c98959a7fd1,Swimming,sofi_stadium,SoFi Stadium,Inglewood Zone,la_metro,covered,2028-07-29,09:30,11:30,,Morning,Comfortable,1,80.0,87.0,76.0,0.012987012987012988,0.0,0.0,false,""
2b3dddf736a4b19b0a23586b3d9ec869,Beach Volleyball,alamitos_beach,Alamitos Beach Stadium,Long Beach Zone,la_metro,outdoor,2028-07-16,14:00,18:00,,Afternoon,Comfortable,1,78.0,82.0,74.0,0.025974025974025976,0.0,0.0,true,sunscreen and a hat
5b263416be845926de4ba98f47a8e7b8,Beach Volleyball,alamitos_beach,Alamitos Beach Stadium,Long Beach Zone,la_metro,outdoor,2028-07-17,14:00,18:00,,Afternoon,Comfortable,1,78.0,82.0,74.0,0.025974025974025976,0.0,0.0,true,sunscreen and a hat
135faa1b6326f04f90127072b93877fe,Beach Volleyball,alamitos_beach,Alamitos Beach Stadium,Long Beach Zone,la_metro,outdoor,2028-07-22,19:00,23:00,,Evening,Comfortable,1,73.0,78.0,67.0,0.012987012987012988,0.0,0.0,false,""
61a4a689ba1d60953ac66fd8a790d8c0,Beach Volleyball,alamitos_beach,Alamitos Beach Stadium,Long Beach Zone,la_metro,outdoor,2028-07-23,09:00,11:00,,Morning,Warm,2,76.0,82.0,71.0,0.025974025974025976,0.0,0.0,true,sunscreen and a hat; plenty of water
df1ff0abea125bd012c8a181bdfba146,Tennis,carson_tennis,Carson Tennis Center (Dignity Health Sports Park),Carson Zone,la_metro,outdoor,2028-07-28,18:30,00:00,gold,Evening,Comfortable,1,73.0,79.0,67.0,0.0,0.0,0.0,false,""
bc1ce2dc9fcbee3f23b1bcf3e41daa48,Hockey,carson_field,Carson Field (hockey),Carson Zone,la_metro,outdoor,2028-07-16,17:00,22:00,,Evening,Comfortable,1,78.0,81.0,68.0,0.012987012987012988,0.0,0.0,false,""
9899092d6a74cbf28767f22666c1dfb5,Hockey,carson_field,Carson Field (hockey),Carson Zone,la_metro,outdoor,2028-07-22,09:00,14:00,,Morning,Warm,2,84.0,92.0,73.0,0.03896103896103896,0.05194805194805195,0.0,true,sunscreen and a hat; plenty of water
9c32e8d58d297940f95d62d20dfb6410,Boxing - Final Stages,crypto_arena,Crypto.com Arena,DTLA Zone,la_metro,indoor,2028-07-27,18:00,20:00,gold,Evening,Indoors,0,80.0,87.0,74.0,0.0,0.0,0.021505376344086023,false,water for the queue outside
087e30149e48e8b7e17b6c462f4d2f9d,Cricket,fairplex_cricket,Fairgrounds Cricket Stadium (Fairplex),Pomona Zone,la_metro,outdoor,2028-07-17,18:00,21:30,,Evening,Comfortable,1,84.0,90.0,72.0,0.012987012987012988,0.0,0.4327956989247312,false,check air quality if you are sensitive to smog
7a6918bcc228d74b46ca735091dccd4a,Cricket,fairplex_cricket,Fairgrounds Cricket Stadium (Fairplex),Pomona Zone,la_metro,outdoor,2028-07-22,18:00,21:30,,Evening,Comfortable,1,85.0,93.0,73.0,0.012987012987012988,0.0,0.4327956989247312,false,check air quality if you are sensitive to smog
09b92ab8bdcb4df4e75b1a1c2fbaf0ee,Cricket,fairplex_cricket,Fairgrounds Cricket Stadium (Fairplex),Pomona Zone,la_metro,outdoor,2028-07-23,18:00,21:30,,Evening,Comfortable,1,85.0,93.0,73.0,0.0,0.0,0.4327956989247312,false,check air quality if you are sensitive to smog
7913112823bcb0fa7135a2ff12f1c202,Cricket,fairplex_cricket,Fairgrounds Cricket Stadium (Fairplex),Pomona Zone,la_metro,outdoor,2028-07-29,09:00,13:00,gold,Morning,Hot,3,91.0,97.0,74.0,0.012987012987012988,0.19480519480519481,0.4327956989247312,true,sunscreen and a hat; plenty of water; plan breaks in the shade; check air quality if you are sensitive to smog
05abc08af41d91d33c3f2ddda576cd18,Badminton,galen_center,Galen Center,Exposition Park Zone,la_metro,indoor,2028-07-15,14:00,16:35,,Afternoon,Indoors,0,82.0,86.0,79.0,0.012987012987012988,0.0,0.021505376344086023,false,water for the queue outside
ff8acdd46dfc2c47898977c698675c89,Rhythmic Gymnastics,galen_center,Galen Center,Exposition Park Zone,la_metro,indoor,2028-07-27,12:30,15:45,,Afternoon,Indoors,0,83.0,91.0,80.0,0.0,0.0,0.021505376344086023,false,water for the queue outside
a7713ddeb1092b01aaa66f5a2e5f3c7e,Volleyball,honda_center,Honda Center,Anaheim Zone,la_metro,indoor,2028-07-15,09:00,11:30,,Morning,Indoors,0,78.0,82.0,70.0,0.0,0.0,0.008064516129032258,false,water for the queue outside
7b870c51bcf02b7db2104fcc745651df,Volleyball,honda_center,Honda Center,Anaheim Zone,la_metro,indoor,2028-07-18,21:00,23:30,,Evening,Indoors,0,69.0,73.0,67.0,0.012987012987012988,0.0,0.008064516129032258,false,water for the queue outside
d2dc3d150caa5d160ec00c38e556975b,Volleyball,honda_center,Honda Center,Anaheim Zone,la_metro,indoor,2028-07-27,11:00,13:30,,Morning,Indoors,0,83.0,90.0,79.0,0.025974025974025976,0.0,0.008064516129032258,false,water for the queue outside
5624f6f6c6b9d4fbd5ed54962ba4de40,Volleyball,honda_center,Honda Center,Anaheim Zone,la_metro,indoor,2028-07-29,14:45,17:15,bronze,Afternoon,Indoors,0,84.0,90.0,80.0,0.0,0.0,0.008064516129032258,false,water for the queue outside
9c32901e4df17cdf03e6267edcd4c3ef,Basketball,intuit_dome,Intuit Dome,Inglewood Zone,la_metro,indoor,2028-07-20,21:30,23:15,,Evening,Indoors,0,69.0,73.0,68.0,0.012987012987012988,0.0,0.0,false,water for the queue outside
a0a5caeb080e96959b3cd74575384e5b,Fencing,la_convention_center,Los Angeles Convention Center,DTLA Zone,la_metro,indoor,2028-07-21,18:30,21:20,gold,Evening,Indoors,0,77.0,83.0,71.0,0.012987012987012988,0.0,0.021505376344086023,false,water for the queue outside
eba812d4a2a8eefc3ece0fe83f490f28,Taekwondo,la_convention_center,Los Angeles Convention Center,DTLA Zone,la_metro,indoor,2028-07-29,09:00,13:00,,Morning,Indoors,0,87.0,93.0,72.0,0.012987012987012988,0.0,0.021505376344086023,false,water for the queue outside
73bf496eb0619838d65692e558d649ad,Table Tennis,la_convention_center,Los Angeles Convention Center,DTLA Zone,la_metro,indoor,2028-07-16,15:30,18:30,,Afternoon,Indoors,0,84.0,89.0,80.0,0.012987012987012988,0.0,0.021505376344086023,false,water for the queue outside
54f530a559466286eac3e58f90fe355b,Athletics (Track & Field),la_coliseum,Los Angeles Memorial Coliseum,Exposition Park Zone,la_metro,outdoor,2028-07-21,16:15,19:20,gold,Afternoon,Comfortable,1,78.0,84.0,73.0,0.012987012987012988,0.0,0.021505376344086023,false,""
249cd77e18007f50056f4284e2ef5116,Artistic Swimming,lb_aquatics,Long Beach Aquatics Center,Long Beach Zone,la_metro,outdoor,2028-07-27,11:00,12:30,,Morning,Warm,2,77.0,83.0,76.0,0.03896103896103896,0.0,0.0,true,sunscreen and a hat; plenty of water
6fbf02732468a333954fa4f01bc67283,Water Polo,lb_aquatics,Long Beach Aquatics Center,Long Beach Zone,la_metro,outdoor,2028-07-15,19:00,22:00,,Evening,Comfortable,1,71.0,74.0,67.0,0.0,0.0,0.0,false,""
cdf464ffefca932cfd45876f9cebd6e9,Handball,lb_arena,Long Beach Arena,Long Beach Zone,la_metro,indoor,2028-07-16,19:00,22:30,,Evening,Indoors,0,72.0,75.0,67.0,0.012987012987012988,0.0,0.0,false,water for the queue outside
59ee47a8d32b1221a4e2d2ecc1d8554e,Handball,lb_arena,Long Beach Arena,Long Beach Zone,la_metro,indoor,2028-07-18,19:00,22:30,,Evening,Indoors,0,72.0,75.0,67.0,0.012987012987012988,0.0,0.0,false,water for the queue outside
eb0d85b60d7c287c676b2b9c776f3e1e,Handball,lb_arena,Long Beach Arena,Long Beach Zone,la_metro,indoor,2028-07-19,14:00,17:30,,Afternoon,Indoors,0,79.0,83.0,76.0,0.025974025974025976,0.0,0.0,false,water for the queue outside
6e65f0e36a5d9a651c1fa003ac1cd404,Handball,lb_arena,Long Beach Arena,Long Beach Zone,la_metro,indoor,2028-07-24,16:00,18:00,,Afternoon,Indoors,0,78.0,86.0,74.0,0.0,0.0,0.0,false,water for the queue outside
3f9d972a4837095fc50a1e5da7f0a5a9,Climbing,lb_climbing,Long Beach Climbing Theater,Long Beach Zone,la_metro,outdoor,2028-07-25,09:15,11:25,,Morning,Comfortable,1,76.0,82.0,74.0,0.025974025974025976,0.0,0.0,true,sunscreen and a hat
89551bcf300dab650f9d0a4ffdd2f0c4,Climbing,lb_climbing,Long Beach Climbing Theater,Long Beach Zone,la_metro,outdoor,2028-07-27,09:00,10:55,gold,Morning,Comfortable,1,74.0,78.0,71.0,0.025974025974025976,0.0,0.0,false,""
cc3c137f88e4b81f14c725837e2aeae7,Shooting (Rifle & Pistol),lb_shooting_hall,Long Beach Target Shooting Hall,Long Beach Zone,la_metro,indoor,2028-07-19,09:30,14:00,gold,Morning,Indoors,0,79.0,83.0,73.0,0.0,0.0,0.0,false,water for the queue outside
54b85401c3fc38804cee8da0187cde6b,Softball,okc_softball,Devon Park (USA Softball Hall of Fame Stadium),OKC Zone,remote,outdoor,2028-07-27,07:00,09:30,,Morning,Hot,3,88.0,92.0,82.0,0.06493506493506493,0.36363636363636365,0.021505376344086023,false,plenty of water; plan breaks in the shade
9e4eeecbf01daa497e2bcf66f3554632,Boxing - Preliminary Stages,peacock_theater,Peacock Theater,DTLA Zone,la_metro,indoor,2028-07-21,12:00,15:00,,Afternoon,Indoors,0,89.0,95.0,85.0,0.025974025974025976,0.0,0.021505376344086023,false,water for the queue outside
eb14eab820afe51b280ea2e7e021de53,Boxing - Preliminary Stages,peacock_theater,Peacock Theater,DTLA Zone,la_metro,indoor,2028-07-23,12:00,14:30,,Afternoon,Indoors,0,88.0,97.0,85.0,0.012987012987012988,0.0,0.021505376344086023,false,water for the queue outside
813da5a0e25bf797cede47e2be03bb46,"Sailing (Dinghy, Skiff & Multihull)",port_of_la,Port of Los Angeles (sailing),Port of Los Angeles Zone,la_metro,outdoor,2028-07-23,14:00,20:00,,Afternoon,Warm,2,78.0,83.0,69.0,0.0,0.0,0.0,true,sunscreen and a hat; plenty of water
1eb19ac64d76779574e634c325d676d8,Diving,rose_bowl_aquatics,Rose Bowl Aquatics Center,Pasadena Zone,la_metro,outdoor,2028-07-21,10:00,12:30,,Morning,Warm,2,86.0,94.0,79.0,0.012987012987012988,0.07792207792207792,0.22043010752688172,true,sunscreen and a hat; plenty of water; check air quality if you are sensitive to smog
78adec1431090313c9680ed8a5ec9276,Equestrian,santa_anita,Santa Anita Park,Arcadia Zone,la_metro,outdoor,2028-07-18,16:30,22:00,gold,Afternoon,Warm,2,86.0,90.0,70.0,0.012987012987012988,0.0,0.22311827956989247,false,plenty of water; check air quality if you are sensitive to smog
de1d4e4012584a4a411c8e1921375bbb,Skateboarding (Street),sepulveda_basin_1,Valley Complex 1 (Sepulveda Basin),Valley Zone,la_metro,outdoor,2028-07-18,17:00,20:10,,Evening,Comfortable,1,83.0,90.0,72.0,0.012987012987012988,0.0,0.29838709677419356,false,check air quality if you are sensitive to smog
1168634e6c16ee9ea5bb0c094836d645,Swimming,sofi_stadium,SoFi Stadium,Inglewood Zone,la_metro,covered,2028-07-23,18:00,20:00,gold,Evening,Comfortable,1,76.0,83.0,71.0,0.0,0.0,0.0,false,""
1c4178c29fabf7c578a3c1e7bcf4ccbd,Swimming,sofi_stadium,SoFi Stadium,Inglewood Zone,la_metro,covered,2028-07-25,09:30,11:30,,Morning,Comfortable,1,80.0,88.0,76.0,0.012987012987012988,0.0,0.0,false,""
06ff6600c735670f40a8dce8363ae69e,Beach Volleyball,alamitos_beach,Alamitos Beach Stadium,Long Beach Zone,la_metro,outdoor,2028-07-25,13:00,15:00,,Afternoon,Warm,2,79.0,87.0,78.0,0.0,0.0,0.0,true,sunscreen and a hat; plenty of water
4c2dad7e2e7cefe8a62e075538283432,Beach Volleyball,alamitos_beach,Alamitos Beach Stadium,Long Beach Zone,la_metro,outdoor,2028-07-26,13:00,15:00,,Afternoon,Warm,2,79.0,86.0,78.0,0.0,0.0,0.0,true,sunscreen and a hat; plenty of water
0d2e7ef8945468e39233b101d25c5232,Open Water Swimming,belmont_shore,Belmont Shore,Long Beach Zone,la_metro,outdoor,2028-07-17,13:30,16:30,gold,Afternoon,Comfortable,1,79.0,84.0,78.0,0.012987012987012988,0.0,0.0,true,sunscreen and a hat
6157ee528f31ffe0df569b2815854e17,Tennis,carson_tennis,Carson Tennis Center (Dignity Health Sports Park),Carson Zone,la_metro,outdoor,2028-07-26,18:30,23:30,,Evening,Comfortable,1,74.0,79.0,68.0,0.0,0.0,0.0,false,""
a9990d7d3964f70c0397bd97852825f2,Hockey,carson_field,Carson Field (hockey),Carson Zone,la_metro,outdoor,2028-07-20,09:00,14:00,,Morning,Warm,2,83.0,89.0,73.0,0.0,0.025974025974025976,0.0,true,sunscreen and a hat; plenty of water
aac45a45dd103f3c09da132054a483f3,Hockey,carson_field,Carson Field (hockey),Carson Zone,la_metro,outdoor,2028-07-23,09:00,14:00,,Morning,Warm,2,84.0,92.0,73.0,0.05194805194805195,0.03896103896103896,0.0,true,sunscreen and a hat; plenty of water
067dbd35e31251d1170dba91631408a7,Hockey,carson_field,Carson Field (hockey),Carson Zone,la_metro,outdoor,2028-07-29,21:00,23:30,gold,Evening,Comfortable,1,69.0,73.0,68.0,0.0,0.0,0.0,false,""
0d8991f3cd2540141a07111b50ce3ecb,Archery,carson_stadium,Carson Stadium (Dignity Health Sports Park),Carson Zone,la_metro,outdoor,2028-07-21,19:30,23:15,gold,Evening,Comfortable,1,71.0,76.0,69.0,0.012987012987012988,0.0,0.0,false,""
3b4c1cb6252516e5d2436d1c96f747c7,Rugby Sevens,carson_stadium,Carson Stadium (Dignity Health Sports Park),Carson Zone,la_metro,outdoor,2028-07-12,10:00,13:00,,Morning,Warm,2,82.0,87.0,75.0,0.0,0.0,0.0,true,sunscreen and a hat; plenty of water
1569d2a7650b64f592cd4baa0fe1f843,Cycling Track,carson_velodrome,VELO Sports Center,Carson Zone,la_metro,indoor,2028-07-25,12:00,15:00,gold,Afternoon,Indoors,0,83.0,92.0,80.0,0.012987012987012988,0.0,0.0,false,water for the queue outside
3ff790cb6cf7c6b63490cc0355af0521,Squash,universal_squash,Comcast Squash Center at Universal Studios,Universal City Zone,la_metro,indoor,2028-07-17,19:30,23:15,,Evening,Indoors,0,72.0,77.0,66.0,0.012987012987012988,0.0,0.15053763440860216,false,water for the queue outside
385897acded3e35dd91aed2e36135932,Squash,universal_squash,Comcast Squash Center at Universal Studios,Universal City Zone,la_metro,indoor,2028-07-20,19:30,23:15,,Evening,Indoors,0,73.0,79.0,67.0,0.012987012987012988,0.0,0.15053763440860216,false,water for the queue outside
72a397069e112ff75449138f32e86034,Artistic Gymnastics,crypto_arena,Crypto.com Arena,DTLA Zone,la_metro,indoor,2028-07-16,18:15,19:55,,Evening,Indoors,0,76.0,79.0,76.0,0.0,0.0,0.021505376344086023,false,water for the queue outside
afa21e92f65ff5e420593526ad66d265,Artistic Gymnastics,crypto_arena,Crypto.com Arena,DTLA Zone,la_metro,indoor,2028-07-18,18:00,20:30,gold,Evening,Indoors,0,80.0,83.0,73.0,0.012987012987012988,0.0,0.021505376344086023,false,water for the queue outside
d0645be84e5b374e139a83b461283993,Trampoline Gymnastics,crypto_arena,Crypto.com Arena,DTLA Zone,la_metro,indoor,2028-07-21,12:30,15:15,gold,Afternoon,Indoors,0,89.0,95.0,87.0,0.012987012987012988,0.0,0.021505376344086023,false,water for the queue outside
753b43e2da46807e17ffec635b968cdf,Baseball,dodger_stadium,Dodger Stadium,DTLA Zone,la_metro,outdoor,2028-07-15,11:00,14:00,,Morning,Warm,2,87.0,90.0,80.0,0.012987012987012988,0.012987012987012988,0.021505376344086023,true,sunscreen and a hat; plenty of water
1d015b532ab833d065544703b6d107d9,Baseball,dodger_stadium,Dodger Stadium,DTLA Zone,la_metro,outdoor,2028-07-16,11:00,14:00,,Morning,Warm,2,87.0,91.0,81.0,0.012987012987012988,0.012987012987012988,0.021505376344086023,true,sunscreen and a hat; plenty of water
6d49fccadd3d2ee1931552feaa16b6cd,Baseball,dodger_stadium,Dodger Stadium,DTLA Zone,la_metro,outdoor,2028-07-18,11:00,14:00,,Morning,Warm,2,87.0,92.0,81.0,0.012987012987012988,0.012987012987012988,0.021505376344086023,true,sunscreen and a hat; plenty of water
36d1b169f3d9725bf2c721b1f91f0cab,Baseball,dodger_stadium,Dodger Stadium,DTLA Zone,la_metro,outdoor,2028-07-19,19:00,22:30,gold,Evening,Comfortable,1,76.0,81.0,68.0,0.012987012987012988,0.0,0.021505376344086023,false,""
db33e6caa7c77ff0dc0ca7080754cb35,Flag Football,bmo_stadium,BMO Stadium,Exposition Park Zone,la_metro,outdoor,2028-07-15,14:00,17:15,,Afternoon,Comfortable,1,82.0,86.0,78.0,0.012987012987012988,0.012987012987012988,0.021505376344086023,true,sunscreen and a hat
5ea8343a98f0d8a7f1357eef58f81c31,Lacrosse,bmo_stadium,BMO Stadium,Exposition Park Zone,la_metro,outdoor,2028-07-27,18:30,22:00,,Evening,Comfortable,1,73.0,80.0,69.0,0.0,0.0,0.021505376344086023,false,""
7d17d868cdae43436030cc5317987efb,Cricket,fairplex_cricket,Fairgrounds Cricket Stadium (Fairplex),Pomona Zone,la_metro,outdoor,2028-07-15,09:00,12:30,,Morning,Warm,2,86.0,92.0,73.0,0.012987012987012988,0.0,0.4327956989247312,true,sunscreen and a hat; plenty of water; check air quality if you are sensitive to smog
bc7628c0d7945662fd0556ae3a3e4116,Badminton,galen_center,Galen Center,Exposition Park Zone,la_metro,indoor,2028-07-20,08:00,12:25,,Morning,Indoors,0,82.0,89.0,69.0,0.025974025974025976,0.0,0.021505376344086023,false,water for the queue outside
60c4bac7d4800005798d14d0f0191358,Rhythmic Gymnastics,galen_center,Galen Center,Exposition Park Zone,la_metro,indoor,2028-07-29,13:00,14:45,gold,Afternoon,Indoors,0,83.0,90.0,82.0,0.0,0.0,0.021505376344086023,false,water for the queue outside
51284c786b192a00cbf52c4c082c95e5,Volleyball,honda_center,Honda Center,Anaheim Zone,la_metro,indoor,2028-07-17,09:00,11:30,,Morning,Indoors,0,78.0,83.0,71.0,0.0,0.0,0.008064516129032258,false,water for the queue outside
fa2186ae50f8e015cc2b6b3d524ba9c8,Volleyball,honda_center,Honda Center,Anaheim Zone,la_metro,indoor,2028-07-19,21:00,23:30,,Evening,Indoors,0,70.0,74.0,67.0,0.012987012987012988,0.0,0.008064516129032258,false,water for the queue outside
a2ddaf1e75e025e45d6c051ef9420109,Volleyball,honda_center,Honda Center,Anaheim Zone,la_metro,indoor,2028-07-24,13:00,15:30,,Afternoon,Indoors,0,85.0,93.0,83.0,0.0,0.0,0.008064516129032258,false,water for the queue outside
134b025140e48b9c35fa5c319d463943,Volleyball,honda_center,Honda Center,Anaheim Zone,la_metro,indoor,2028-07-26,16:00,18:30,,Afternoon,Indoors,0,82.0,90.0,77.0,0.0,0.0,0.008064516129032258,false,water for the queue outside
1b28b95b2be630a1f600944c8326930a,Volleyball,honda_center,Honda Center,Anaheim Zone,la_metro,indoor,2028-07-28,20:30,23:00,bronze,Evening,Indoors,0,69.0,74.0,67.0,0.0,0.0,0.008064516129032258,false,water for the queue outside
5cba99885dfffc8efdce4d3af91f2a8b,Basketball,intuit_dome,Intuit Dome,Inglewood Zone,la_metro,indoor,2028-07-16,18:00,19:45,,Evening,Indoors,0,76.0,79.0,73.0,0.0,0.0,0.0,false,water for the queue outside
ac34b62a14f460df627728f4734e1cf5,Basketball,intuit_dome,Intuit Dome,Inglewood Zone,la_metro,indoor,2028-07-18,21:30,23:15,,Evening,Indoors,0,68.0,72.0,68.0,0.012987012987012988,0.0,0.0,false,water for the queue outside
e2b525dcf3eaaa324964f0bd86f6f5df,Basketball,intuit_dome,Intuit Dome,Inglewood Zone,la_metro,indoor,2028-07-21,18:00,19:45,,Evening,Indoors,0,76.0,81.0,73.0,0.0,0.0,0.0,false,water for the queue outside
f085ce2a0f446cc15e28495fa99d812a,Fencing,la_convention_center,Los Angeles Convention Center,DTLA Zone,la_metro,indoor,2028-07-21,09:00,14:30,,Morning,Indoors,0,89.0,96.0,73.0,0.05194805194805195,0.0,0.021505376344086023,false,water for the queue outside
27a4d2ce94dd619dba8683f30ad934b0,Taekwondo,la_convention_center,Los Angeles Convention Center,DTLA Zone,la_metro,indoor,2028-07-27,09:00,13:00,,Morning,Indoors,0,87.0,95.0,72.0,0.03896103896103896,0.0,0.021505376344086023,false,water for the queue outside
84c918476071612b8b0a628f2a37280f,Judo,la_convention_center,Los Angeles Convention Center,DTLA Zone,la_metro,indoor,2028-07-18,10:00,14:00,,Morning,Indoors,0,88.0,93.0,76.0,0.012987012987012988,0.0,0.021505376344086023,false,water for the queue outside
4fcc95e67c06ce16e5b3a6488496cef1,Judo,la_convention_center,Los Angeles Convention Center,DTLA Zone,la_metro,indoor,2028-07-19,16:00,19:00,gold,Afternoon,Indoors,0,85.0,90.0,77.0,0.012987012987012988,0.0,0.021505376344086023,false,water for the queue outside
98f1ffe019685ed6e97a39a33cad88ec,Judo,la_convention_center,Los Angeles Convention Center,DTLA Zone,la_metro,indoor,2028-07-20,10:00,14:00,,Morning,Indoors,0,89.0,94.0,76.0,0.012987012987012988,0.0,0.021505376344086023,false,water for the queue outside
9dedc5b698d71d325fd778c39bb7576c,Wrestling,la_convention_center,Los Angeles Convention Center,DTLA Zone,la_metro,indoor,2028-07-25,19:00,22:45,gold,Evening,Indoors,0,77.0,83.0,70.0,0.0,0.0,0.021505376344086023,false,water for the queue outside
ac408ad3bc061ccc8f3fb1e9a533dc17,Wrestling,la_convention_center,Los Angeles Convention Center,DTLA Zone,la_metro,indoor,2028-07-30,11:00,14:30,gold,Morning,Indoors,0,88.0,93.0,82.0,0.0,0.0,0.021505376344086023,false,water for the queue outside
4088b4b5a162dd77b5266abe727d1839,Table Tennis,la_convention_center,Los Angeles Convention Center,DTLA Zone,la_metro,indoor,2028-07-15,14:30,17:30,,Afternoon,Indoors,0,85.0,90.0,82.0,0.0,0.0,0.021505376344086023,false,water for the queue outside
54bdb0cb18dfcc6e7ccf7ba7f986aba0,Table Tennis,la_convention_center,Los Angeles Convention Center,DTLA Zone,la_metro,indoor,2028-07-17,21:00,23:15,gold,Evening,Indoors,0,70.0,74.0,68.0,0.012987012987012988,0.0,0.021505376344086023,false,water for the queue outside
ab25f8641b6b1f9164e9a413bdcc529f,Table Tennis,la_convention_center,Los Angeles Convention Center,DTLA Zone,la_metro,indoor,2028-07-19,15:00,18:00,,Afternoon,Indoors,0,87.0,91.0,80.0,0.012987012987012988,0.0,0.021505376344086023,false,water for the queue outside
4e6e4516c7f9ecff263d9734418a29d6,Table Tennis,la_convention_center,Los Angeles Convention Center,DTLA Zone,la_metro,indoor,2028-07-20,20:00,22:00,,Evening,Indoors,0,73.0,78.0,70.0,0.012987012987012988,0.0,0.021505376344086023,false,water for the queue outside
d894d3c08ef64249caa2250b87a14984,Table Tennis,la_convention_center,Los Angeles Convention Center,DTLA Zone,la_metro,indoor,2028-07-29,20:00,22:45,gold,Evening,Indoors,0,74.0,78.0,70.0,0.0,0.0,0.021505376344086023,false,water for the queue outside
039ff6e0afdccfe98c72839bed1b9a1c,Athletics (Track & Field),la_coliseum,Los Angeles Memorial Coliseum,Exposition Park Zone,la_metro,outdoor,2028-07-16,09:00,12:00,,Morning,Warm,2,82.0,86.0,71.0,0.012987012987012988,0.0,0.021505376344086023,true,sunscreen and a hat; plenty of water
e82d22e28b40cf1033865f1504e0d2c3,Water Polo,lb_aquatics,Long Beach Aquatics Center,Long Beach Zone,la_metro,outdoor,2028-07-12,10:00,13:00,,Morning,Comfortable,1,78.0,81.0,73.0,0.0,0.0,0.0,true,sunscreen and a hat
e9975c5049c57fc9910803686c83ae31,Water Polo,lb_aquatics,Long Beach Aquatics Center,Long Beach Zone,la_metro,outdoor,2028-07-15,14:30,17:30,,Afternoon,Comfortable,1,78.0,81.0,75.0,0.0,0.0,0.0,true,sunscreen and a hat
af192ecf184feedc3a8fa6b0febe0910,Handball,lb_arena,Long Beach Arena,Long Beach Zone,la_metro,indoor,2028-07-15,19:00,22:30,,Evening,Indoors,0,71.0,74.0,67.0,0.0,0.0,0.0,false,water for the queue outside
45ee9028692a63d6c3d277ffa2b79f50,Handball,lb_arena,Long Beach Arena,Long Beach Zone,la_metro,indoor,2028-07-24,12:30,14:30,,Afternoon,Indoors,0,79.0,87.0,78.0,0.0,0.0,0.0,false,water for the queue outside
cd245b9eed4279729a3e500ed73fc0c2,Climbing,lb_climbing,Long Beach Climbing Theater,Long Beach Zone,la_metro,outdoor,2028-07-24,09:30,11:40,,Morning,Warm,2,76.0,82.0,74.0,0.025974025974025976,0.0,0.0,true,sunscreen and a hat; plenty of water
78721dd1e981d389b40a297fb34f6efe,Shooting (Rifle & Pistol),lb_shooting_hall,Long Beach Target Shooting Hall,Long Beach Zone,la_metro,indoor,2028-07-16,13:45,21:00,gold,Afternoon,Indoors,0,78.0,82.0,67.0,0.025974025974025976,0.0,0.0,false,water for the queue outside
7e48424848e6a72888d77c23c725d9a9,Rowing,marine_stadium,Marine Stadium,Long Beach Zone,la_metro,outdoor,2028-07-16,12:00,14:30,,Afternoon,Comfortable,1,78.0,83.0,76.0,0.0,0.0,0.0,true,sunscreen and a hat
18be2b20e2ec1844639d47166682194c,Softball,okc_softball,Devon Park (USA Softball Hall of Fame Stadium),OKC Zone,remote,outdoor,2028-07-27,18:30,21:00,,Evening,Warm,2,86.0,91.0,83.0,0.03896103896103896,0.0,0.021505376344086023,false,plenty of water
735027bfdeb71be2717913bc2b6542a6,Canoe Slalom,okc_whitewater,Riversport OKC,OKC Zone,remote,outdoor,2028-07-18,07:00,10:10,gold,Morning,Hot,3,90.0,95.0,82.0,0.1038961038961039,0.5324675324675324,0.01881720430107527,true,sunscreen and a hat; plenty of water; plan breaks in the shade
6cfa6d54db6ff1bb88e05fff15038ee6,Diving,rose_bowl_aquatics,Rose Bowl Aquatics Center,Pasadena Zone,la_metro,outdoor,2028-07-16,10:00,12:30,,Morning,Warm,2,86.0,89.0,79.0,0.012987012987012988,0.012987012987012988,0.22043010752688172,true,sunscreen and a hat; plenty of water; check air quality if you are sensitive to smog
a9566c89057536af524deb92150de97b,Diving,rose_bowl_aquatics,Rose Bowl Aquatics Center,Pasadena Zone,la_metro,outdoor,2028-07-17,10:00,12:00,,Morning,Warm,2,86.0,90.0,79.0,0.012987012987012988,0.012987012987012988,0.22043010752688172,true,sunscreen and a hat; plenty of water; check air quality if you are sensitive to smog
317868d12e7d6a6392dc9e953cd76b26,Diving,rose_bowl_aquatics,Rose Bowl Aquatics Center,Pasadena Zone,la_metro,outdoor,2028-07-20,10:00,12:30,,Morning,Warm,2,86.0,92.0,79.0,0.012987012987012988,0.05194805194805195,0.22043010752688172,true,sunscreen and a hat; plenty of water; check air quality if you are sensitive to smog
7445bbb9bba0fb4eda95041753c4cfe3,Skateboarding (Park),sepulveda_basin_2,Valley Complex 2 (Sepulveda Basin),Valley Zone,la_metro,outdoor,2028-07-27,20:00,21:15,gold,Evening,Comfortable,1,74.0,82.0,70.0,0.0,0.0,0.29838709677419356,false,check air quality if you are sensitive to smog
dfac0456fa0a45068b2b08dc1e0908c9,3x3 Basketball,sepulveda_basin_3,Valley Complex 3 (Sepulveda Basin),Valley Zone,la_metro,outdoor,2028-07-20,21:00,23:00,,Evening,Comfortable,1,70.0,78.0,67.0,0.012987012987012988,0.0,0.29838709677419356,false,check air quality if you are sensitive to smog
37ca5748a5520f4d73ac33513e5f56e4,3x3 Basketball,sepulveda_basin_3,Valley Complex 3 (Sepulveda Basin),Valley Zone,la_metro,outdoor,2028-07-22,21:00,23:30,gold,Evening,Comfortable,1,71.0,79.0,68.0,0.012987012987012988,0.0,0.29838709677419356,false,check air quality if you are sensitive to smog
5c71d67d6e0aa3925be7aaa926f7931e,Triathlon,venice_beach,Venice Beach,Venice Zone,la_metro,outdoor,2028-07-15,07:30,10:10,gold,Morning,Comfortable,1,74.0,77.0,67.0,0.012987012987012988,0.0,0.0,false,""
0952846bdb3c7b0568a352382351b55a,Triathlon,venice_beach,Venice Beach,Venice Zone,la_metro,outdoor,2028-07-16,07:30,10:00,gold,Morning,Comfortable,1,74.0,77.0,67.0,0.012987012987012988,0.0,0.0,false,""
6c84b9596f62adf0c34fb2e4121b6a96,Shooting (Shotgun),whittier_narrows,Whittier Narrows Clay Shooting Center,Whittier Narrows Zone,la_metro,outdoor,2028-07-21,09:30,14:30,,Morning,Warm,2,90.0,98.0,78.0,0.012987012987012988,0.09090909090909091,0.0456989247311828,true,sunscreen and a hat; plenty of water
0b9556afae4197266e3d1e38e84394a1,Swimming,sofi_stadium,SoFi Stadium,Inglewood Zone,la_metro,covered,2028-07-27,09:30,11:30,,Morning,Comfortable,1,80.0,87.0,76.0,0.012987012987012988,0.0,0.0,false,""
7c5ba0e2fd6a648d6e6c4af93506a68d,Beach Volleyball,alamitos_beach,Alamitos Beach Stadium,Long Beach Zone,la_metro,outdoor,2028-07-15,09:00,12:00,,Morning,Comfortable,1,76.0,80.0,69.0,0.0,0.0,0.0,true,sunscreen and a hat
1b6e61d7f46843f5165bed681b7228a4,Beach Volleyball,alamitos_beach,Alamitos Beach Stadium,Long Beach Zone,la_metro,outdoor,2028-07-20,09:00,12:00,,Morning,Warm,2,77.0,83.0,71.0,0.0,0.0,0.0,true,sunscreen and a hat; plenty of water
b1aea19aa5309fd9b0c23a7c97d6af74,Beach Volleyball,alamitos_beach,Alamitos Beach Stadium,Long Beach Zone,la_metro,outdoor,2028-07-24,09:00,11:00,,Morning,Warm,2,76.0,82.0,71.0,0.025974025974025976,0.0,0.0,true,sunscreen and a hat; plenty of water
bb7c587360d2362fc84fdbae9fb5a2a9,Tennis,carson_tennis,Carson Tennis Center (Dignity Health Sports Park),Carson Zone,la_metro,outdoor,2028-07-20,18:30,00:00,gold,Evening,Comfortable,1,74.0,78.0,68.0,0.012987012987012988,0.0,0.0,false,""
a52481f7e55b077787dfdbfbf07df9d3,Tennis,carson_tennis,Carson Tennis Center (Dignity Health Sports Park),Carson Zone,la_metro,outdoor,2028-07-22,18:30,23:30,,Evening,Comfortable,1,75.0,79.0,69.0,0.012987012987012988,0.0,0.0,false,""
705d3cb3b31ef5857790a1944158b85f,Tennis,carson_tennis,Carson Tennis Center (Dignity Health Sports Park),Carson Zone,la_metro,outdoor,2028-07-23,11:00,16:30,,Morning,Warm,2,84.0,92.0,79.0,0.025974025974025976,0.03896103896103896,0.0,true,sunscreen and a hat; plenty of water
29bf9ee91bef48b5c3e388fa00e6d0ec,Tennis,carson_tennis,Carson Tennis Center (Dignity Health Sports Park),Carson Zone,la_metro,outdoor,2028-07-23,11:00,20:00,,Morning,Warm,2,84.0,92.0,71.0,0.025974025974025976,0.03896103896103896,0.0,true,sunscreen and a hat; plenty of water
7ab027e0bf3f866ba47ab39ac0c0511c,Tennis,carson_tennis,Carson Tennis Center (Dignity Health Sports Park),Carson Zone,la_metro,outdoor,2028-07-23,11:00,20:00,,Morning,Warm,2,84.0,92.0,71.0,0.025974025974025976,0.03896103896103896,0.0,true,sunscreen and a hat; plenty of water
2a5867445fbc7d38058c9d4101301062,Tennis,carson_tennis,Carson Tennis Center (Dignity Health Sports Park),Carson Zone,la_metro,outdoor,2028-07-23,11:00,20:00,,Morning,Warm,2,84.0,92.0,71.0,0.025974025974025976,0.03896103896103896,0.0,true,sunscreen and a hat; plenty of water
a920cc4d36c948e2342fa8a3239839ad,Rugby Sevens,carson_stadium,Carson Stadium (Dignity Health Sports Park),Carson Zone,la_metro,outdoor,2028-07-15,13:00,16:00,,Afternoon,Warm,2,82.0,85.0,80.0,0.012987012987012988,0.0,0.0,true,sunscreen and a hat; plenty of water
81c53f031866f91f6a7be97108542ab6,Squash,universal_squash,Comcast Squash Center at Universal Studios,Universal City Zone,la_metro,indoor,2028-07-23,20:30,23:30,gold,Evening,Indoors,0,71.0,77.0,67.0,0.0,0.0,0.15053763440860216,false,water for the queue outside
eac8476ce91d17965dab3bb9d9d350df,Boxing - Final Stages,crypto_arena,Crypto.com Arena,DTLA Zone,la_metro,indoor,2028-07-29,18:00,20:00,gold,Evening,Indoors,0,80.0,86.0,74.0,0.0,0.0,0.021505376344086023,false,water for the queue outside
e576937b0d6af135a77bdc995c583015,Trampoline Gymnastics,crypto_arena,Crypto.com Arena,DTLA Zone,la_metro,indoor,2028-07-21,20:00,22:45,gold,Evening,Indoors,0,74.0,78.0,70.0,0.012987012987012988,0.0,0.021505376344086023,false,water for the queue outside
5f81ff70e660dea579876791cb12bf87,Badminton,galen_center,Galen Center,Exposition Park Zone,la_metro,indoor,2028-07-16,08:00,11:25,,Morning,Indoors,0,80.0,84.0,68.0,0.012987012987012988,0.0,0.021505376344086023,false,water for the queue outside
f29526257eea8369315db4bd2dc94ac2,Badminton,galen_center,Galen Center,Exposition Park Zone,la_metro,indoor,2028-07-24,20:30,23:15,gold,Evening,Indoors,0,71.0,76.0,69.0,0.0,0.0,0.021505376344086023,false,water for the queue outside
38fa4a5b181f959adb4735a37a7eeea6,Volleyball,honda_center,Honda Center,Anaheim Zone,la_metro,indoor,2028-07-18,17:00,19:30,,Evening,Indoors,0,80.0,84.0,74.0,0.012987012987012988,0.0,0.008064516129032258,false,water for the queue outside
22c820c1294065c6e8c9cbff5082a321,Volleyball,honda_center,Honda Center,Anaheim Zone,la_metro,indoor,2028-07-21,13:00,15:30,,Afternoon,Indoors,0,85.0,93.0,83.0,0.012987012987012988,0.0,0.008064516129032258,false,water for the queue outside
afcb11eb510c86191c1644ae01681618,Volleyball,honda_center,Honda Center,Anaheim Zone,la_metro,indoor,2028-07-22,09:00,11:30,,Morning,Indoors,0,80.0,86.0,72.0,0.0,0.0,0.008064516129032258,false,water for the queue outside
577fe530bc9ae63a4d9424db29a0a490,Basketball,intuit_dome,Intuit Dome,Inglewood Zone,la_metro,indoor,2028-07-16,21:30,23:15,,Evening,Indoors,0,68.0,71.0,68.0,0.012987012987012988,0.0,0.0,false,water for the queue outside
d702c73071d6e120d3a6717b090261e5,Basketball,intuit_dome,Intuit Dome,Inglewood Zone,la_metro,indoor,2028-07-18,18:00,19:45,,Evening,Indoors,0,76.0,79.0,73.0,0.0,0.0,0.0,false,water for the queue outside
00cce3b49d2f307051f3914df2fee1b2,Basketball,intuit_dome,Intuit Dome,Inglewood Zone,la_metro,indoor,2028-07-21,21:30,23:15,,Evening,Indoors,0,69.0,74.0,69.0,0.012987012987012988,0.0,0.0,false,water for the queue outside
44d8c6c794a67372a81c95416a8059a3,Basketball,intuit_dome,Intuit Dome,Inglewood Zone,la_metro,indoor,2028-07-23,20:00,22:00,,Evening,Indoors,0,71.0,76.0,69.0,0.0,0.0,0.0,false,water for the queue outside
b3430959782291ebd7a40ffb271da3ed,Basketball,intuit_dome,Intuit Dome,Inglewood Zone,la_metro,indoor,2028-07-26,21:30,23:30,,Evening,Indoors,0,69.0,73.0,69.0,0.0,0.0,0.0,false,water for the queue outside
3391ab30a14a5e8e5a760f82f6276a7b,Taekwondo,la_convention_center,Los Angeles Convention Center,DTLA Zone,la_metro,indoor,2028-07-28,15:00,18:00,,Afternoon,Indoors,0,87.0,93.0,80.0,0.0,0.0,0.021505376344086023,false,water for the queue outside
e45242906cc94f0547417e95abed47e8,Taekwondo,la_convention_center,Los Angeles Convention Center,DTLA Zone,la_metro,indoor,2028-07-28,19:30,23:00,gold,Evening,Indoors,0,73.0,78.0,69.0,0.0,0.0,0.021505376344086023,false,water for the queue outside
2c4543370572b329d8bd386d2649c7e2,Judo,la_convention_center,Los Angeles Convention Center,DTLA Zone,la_metro,indoor,2028-07-17,16:00,19:00,gold,Afternoon,Indoors,0,85.0,89.0,77.0,0.012987012987012988,0.0,0.021505376344086023,false,water for the queue outside
829f8ef2150292eab4c60bd40c7ec719,Table Tennis,la_convention_center,Los Angeles Convention Center,DTLA Zone,la_metro,indoor,2028-07-18,15:00,18:00,,Afternoon,Indoors,0,86.0,91.0,80.0,0.012987012987012988,0.0,0.021505376344086023,false,water for the queue outside
07eb034e10073f8fba737205f9ef8247,Table Tennis,la_convention_center,Los Angeles Convention Center,DTLA Zone,la_metro,indoor,2028-07-29,12:30,15:00,,Afternoon,Indoors,0,88.0,94.0,87.0,0.012987012987012988,0.0,0.021505376344086023,false,water for the queue outside
693111e7a59bb0af809a41e88a72c30e,Water Polo,lb_aquatics,Long Beach Aquatics Center,Long Beach Zone,la_metro,outdoor,2028-07-13,19:00,22:00,,Evening,Comfortable,1,71.0,75.0,67.0,0.0,0.0,0.0,false,""
59d0dbf4ab1b98474e36d0c335f5bc64,Water Polo,lb_aquatics,Long Beach Aquatics Center,Long Beach Zone,la_metro,outdoor,2028-07-19,17:00,20:00,,Evening,Comfortable,1,76.0,79.0,69.0,0.012987012987012988,0.0,0.0,false,""
188448da4bcd3135a732877c874a645e,Handball,lb_arena,Long Beach Arena,Long Beach Zone,la_metro,indoor,2028-07-17,14:00,17:30,,Afternoon,Indoors,0,78.0,82.0,76.0,0.025974025974025976,0.0,0.0,false,water for the queue outside
af9e9e9ed2d257005ff164bdd8105a4d,Handball,lb_arena,Long Beach Arena,Long Beach Zone,la_metro,indoor,2028-07-22,19:00,22:30,,Evening,Indoors,0,73.0,77.0,68.0,0.012987012987012988,0.0,0.0,false,water for the queue outside
e555a7059e85c5674de3def388b0f045,Handball,lb_arena,Long Beach Arena,Long Beach Zone,la_metro,indoor,2028-07-23,09:00,11:00,,Morning,Indoors,0,76.0,82.0,71.0,0.025974025974025976,0.0,0.0,false,water for the queue outside
00456f1991838c8764dfad4c96595e2b,Handball,lb_arena,Long Beach Arena,Long Beach Zone,la_metro,indoor,2028-07-27,13:00,15:30,gold,Afternoon,Indoors,0,78.0,85.0,77.0,0.0,0.0,0.0,false,water for the queue outside
d46a020e937e2b629a288f85ea686223,Climbing,lb_climbing,Long Beach Climbing Theater,Long Beach Zone,la_metro,outdoor,2028-07-26,18:45,20:00,,Evening,Comfortable,1,72.0,77.0,70.0,0.0,0.0,0.0,false,""
a19451a3d68e0ab7468f61e900cb703a,Canoe Sprint,marine_stadium,Marine Stadium,Long Beach Zone,la_metro,outdoor,2028-07-25,09:00,12:30,,Morning,Warm,2,77.0,84.0,71.0,0.05194805194805195,0.0,0.0,true,sunscreen and a hat; plenty of water
0fb3b80601b2da64a213410ca4229488,Softball,okc_softball,Devon Park (USA Softball Hall of Fame Stadium),OKC Zone,remote,outdoor,2028-07-25,07:00,09:30,,Morning,Hot,3,87.0,91.0,81.0,0.05194805194805195,0.2597402597402597,0.021505376344086023,false,plenty of water; plan breaks in the shade
3c1da06aaf85109645a218572724f567,Softball,okc_softball,Devon Park (USA Softball Hall of Fame Stadium),OKC Zone,remote,outdoor,2028-07-26,14:00,16:30,,Afternoon,Very hot,4,94.0,100.0,93.0,0.06493506493506493,0.7012987012987013,0.021505376344086023,true,sunscreen and a hat; plenty of water; plan breaks in the shade
84e304614692334f343661974661e5af,Softball,okc_softball,Devon Park (USA Softball Hall of Fame Stadium),OKC Zone,remote,outdoor,2028-07-29,07:00,09:45,gold,Morning,Hot,3,87.0,92.0,81.0,0.07792207792207792,0.3246753246753247,0.021505376344086023,false,plenty of water; plan breaks in the shade
65f59df332f1332ccd6c646f832a21b7,Boxing - Preliminary Stages,peacock_theater,Peacock Theater,DTLA Zone,la_metro,indoor,2028-07-15,12:00,14:30,,Afternoon,Indoors,0,87.0,92.0,83.0,0.012987012987012988,0.0,0.021505376344086023,false,water for the queue outside
0b1b71fa070b1af235dad12fcb44fa80,Boxing - Preliminary Stages,peacock_theater,Peacock Theater,DTLA Zone,la_metro,indoor,2028-07-19,19:00,22:00,,Evening,Indoors,0,77.0,81.0,69.0,0.012987012987012988,0.0,0.021505376344086023,false,water for the queue outside
056442ff5f2c39402801126f3f791c09,Equestrian,santa_anita,Santa Anita Park,Arcadia Zone,la_metro,outdoor,2028-07-16,09:00,11:30,,Morning,Warm,2,82.0,86.0,74.0,0.0,0.0,0.22311827956989247,true,sunscreen and a hat; plenty of water; check air quality if you are sensitive to smog
905702a0a58fa384a4b8bde5884924ca,Equestrian,santa_anita,Santa Anita Park,Arcadia Zone,la_metro,outdoor,2028-07-17,08:00,11:30,,Morning,Warm,2,83.0,86.0,70.0,0.0,0.0,0.22311827956989247,true,sunscreen and a hat; plenty of water; check air quality if you are sensitive to smog
8b18b5dc6730d8d58b88520f6421bcd9,Equestrian,santa_anita,Santa Anita Park,Arcadia Zone,la_metro,outdoor,2028-07-21,16:15,19:00,,Afternoon,Warm,2,86.0,93.0,80.0,0.012987012987012988,0.012987012987012988,0.22311827956989247,false,plenty of water; check air quality if you are sensitive to smog
42db54921506acde84cc0e2a3de2fa8e,BMX Racing,sepulveda_basin_4,Valley Complex 4 (Sepulveda Basin),Valley Zone,la_metro,outdoor,2028-07-16,10:30,13:00,gold,Morning,Warm,2,87.0,91.0,82.0,0.0,0.03896103896103896,0.29838709677419356,true,sunscreen and a hat; plenty of water; check air quality if you are sensitive to smog
876744cf3283a206d47607544a0f9c0d,Swimming,sofi_stadium,SoFi Stadium,Inglewood Zone,la_metro,covered,2028-07-23,09:30,11:30,,Morning,Comfortable,1,81.0,88.0,76.0,0.012987012987012988,0.0,0.0,false,""
ce203ad4af095c7d08b2b4d61a428419,Swimming,sofi_stadium,SoFi Stadium,Inglewood Zone,la_metro,covered,2028-07-25,18:00,20:00,gold,Evening,Comfortable,1,76.0,83.0,71.0,0.0,0.0,0.0,false,""
8f693629ae5138f39a857fb799a1717c,Beach Volleyball,alamitos_beach,Alamitos Beach Stadium,Long Beach Zone,la_metro,outdoor,2028-07-16,09:00,12:00,,Morning,Comfortable,1,76.0,81.0,69.0,0.0,0.0,0.0,true,sunscreen and a hat
9b5af55bc5d9fde5f70e21200040023f,Beach Volleyball,alamitos_beach,Alamitos Beach Stadium,Long Beach Zone,la_metro,outdoor,2028-07-17,09:00,12:00,,Morning,Comfortable,1,76.0,81.0,69.0,0.0,0.0,0.0,true,sunscreen and a hat
0ddbe0d0e6e3de23ef9bb27ce4909def,Beach Volleyball,alamitos_beach,Alamitos Beach Stadium,Long Beach Zone,la_metro,outdoor,2028-07-27,13:00,15:00,,Afternoon,Warm,2,78.0,85.0,77.0,0.0,0.0,0.0,true,sunscreen and a hat; plenty of water
2d63d4a0cf2195cb80fc394afd8489c9,Hockey,carson_field,Carson Field (hockey),Carson Zone,la_metro,outdoor,2028-07-12,09:00,14:00,,Morning,Warm,2,83.0,88.0,71.0,0.0,0.0,0.0,true,sunscreen and a hat; plenty of water
c95b76d9ddb1bc240dad782e76b97828,Hockey,carson_field,Carson Field (hockey),Carson Zone,la_metro,outdoor,2028-07-19,17:00,22:00,,Evening,Comfortable,1,79.0,82.0,69.0,0.012987012987012988,0.0,0.0,false,""
1debadda82192582a2f784d726ce6642,Archery,carson_stadium,Carson Stadium (Dignity Health Sports Park),Carson Zone,la_metro,outdoor,2028-07-27,20:30,22:50,gold,Evening,Comfortable,1,70.0,74.0,69.0,0.0,0.0,0.0,false,""
70b055834f9d875ec82ea46d003acbfd,Cycling Track,carson_velodrome,VELO Sports Center,Carson Zone,la_metro,indoor,2028-07-27,11:00,16:05,gold,Morning,Indoors,0,82.0,90.0,79.0,0.025974025974025976,0.0,0.0,false,water for the queue outside
c7e9041b1937e21bf0ed1f079e1471db,Squash,universal_squash,Comcast Squash Center at Universal Studios,Universal City Zone,la_metro,indoor,2028-07-15,19:30,23:15,,Evening,Indoors,0,72.0,75.0,66.0,0.0,0.0,0.15053763440860216,false,water for the queue outside
81f95b73cb057de78cf93b9182cd2099,Artistic Gymnastics,crypto_arena,Crypto.com Arena,DTLA Zone,la_metro,indoor,2028-07-15,11:30,14:00,,Morning,Indoors,0,87.0,92.0,83.0,0.012987012987012988,0.0,0.021505376344086023,false,water for the queue outside
4bde44d5ab70593e8de6774372ccf518,Artistic Gymnastics,crypto_arena,Crypto.com Arena,DTLA Zone,la_metro,indoor,2028-07-22,11:30,14:15,gold,Morning,Indoors,0,89.0,97.0,85.0,0.0,0.0,0.021505376344086023,false,water for the queue outside
54994c63985829fbc2d4d6addf6f2269,Boxing - Final Stages,crypto_arena,Crypto.com Arena,DTLA Zone,la_metro,indoor,2028-07-30,12:00,14:00,gold,Afternoon,Indoors,0,88.0,93.0,85.0,0.0,0.0,0.021505376344086023,false,water for the queue outside
50c4d069dfc52153138a4e1aa1bb7d5d,Flag Football,bmo_stadium,BMO Stadium,Exposition Park Zone,la_metro,outdoor,2028-07-17,14:00,17:15,,Afternoon,Comfortable,1,83.0,86.0,78.0,0.025974025974025976,0.012987012987012988,0.021505376344086023,true,sunscreen and a hat
f0a0074c095b101225d75da55135b9e6,Cricket,fairplex_cricket,Fairgrounds Cricket Stadium (Fairplex),Pomona Zone,la_metro,outdoor,2028-07-28,09:00,12:30,bronze,Morning,Hot,3,87.0,95.0,73.0,0.025974025974025976,0.14285714285714285,0.4327956989247312,true,sunscreen and a hat; plenty of water; plan breaks in the shade; check air quality if you are sensitive to smog
30300f5adb9706fe6ab2f1b007bba9e2,Badminton,galen_center,Galen Center,Exposition Park Zone,la_metro,indoor,2028-07-24,08:00,10:45,gold,Morning,Indoors,0,76.0,83.0,69.0,0.03896103896103896,0.0,0.021505376344086023,false,water for the queue outside
e8879d3eedcca7ac59a2408018a00ab9,Cycling Road (Time Trial - Finish),griffith_observatory,Griffith Observatory (road cycling finish),Griffith Park Zone,la_metro,outdoor,2028-07-19,10:30,14:30,gold,Morning,Warm,2,89.0,94.0,81.0,0.0,0.0,0.021505376344086023,true,sunscreen and a hat; plenty of water
38db61aac54b9ebd35a8357daca2e692,Volleyball,honda_center,Honda Center,Anaheim Zone,la_metro,indoor,2028-07-16,17:00,19:30,,Evening,Indoors,0,79.0,84.0,74.0,0.012987012987012988,0.0,0.008064516129032258,false,water for the queue outside
940f4e62df9f074cc26cfd202a4fe21e,Volleyball,honda_center,Honda Center,Anaheim Zone,la_metro,indoor,2028-07-20,13:00,15:30,,Afternoon,Indoors,0,84.0,91.0,83.0,0.012987012987012988,0.0,0.008064516129032258,false,water for the queue outside
ebe726120849d7615c27087bb8871e91,Volleyball,honda_center,Honda Center,Anaheim Zone,la_metro,indoor,2028-07-25,21:00,23:30,,Evening,Indoors,0,70.0,74.0,68.0,0.0,0.0,0.008064516129032258,false,water for the queue outside
661661e3cf48f5b1aeb1d3fcdddb0ac9,Volleyball,honda_center,Honda Center,Anaheim Zone,la_metro,indoor,2028-07-27,16:00,18:30,,Afternoon,Indoors,0,82.0,89.0,78.0,0.0,0.0,0.008064516129032258,false,water for the queue outside
134a91d926fddd2881018241708004ca,Volleyball,honda_center,Honda Center,Anaheim Zone,la_metro,indoor,2028-07-29,10:00,13:15,gold,Morning,Indoors,0,84.0,89.0,75.0,0.012987012987012988,0.0,0.008064516129032258,false,water for the queue outside
e78d765666e3c2bdafc33539f25a2566,Mountain Bike,industry_hills,Industry Hills MTB Course,City of Industry Zone,la_metro,outdoor,2028-07-18,11:00,13:30,gold,Morning,Warm,2,90.0,96.0,83.0,0.0,0.025974025974025976,0.03494623655913978,true,sunscreen and a hat; plenty of water
d3cec1358b60481ae0b075605bd7b770,Basketball,intuit_dome,Intuit Dome,Inglewood Zone,la_metro,indoor,2028-07-12,12:00,16:15,,Afternoon,Indoors,0,83.0,88.0,79.0,0.0,0.0,0.0,false,water for the queue outside
969f80246cce9ae9acb75755a9c79e6e,Basketball,intuit_dome,Intuit Dome,Inglewood Zone,la_metro,indoor,2028-07-15,21:30,23:15,,Evening,Indoors,0,68.0,71.0,67.0,0.0,0.0,0.0,false,water for the queue outside
f048cf425085bc15c2f0d66eb5b4e5df,Basketball,intuit_dome,Intuit Dome,Inglewood Zone,la_metro,indoor,2028-07-17,12:00,16:15,,Afternoon,Indoors,0,83.0,87.0,79.0,0.025974025974025976,0.0,0.0,false,water for the queue outside
0ec19b4ca51996f8e031e50cc65b8838,Basketball,intuit_dome,Intuit Dome,Inglewood Zone,la_metro,indoor,2028-07-19,21:30,23:15,,Evening,Indoors,0,69.0,72.0,68.0,0.012987012987012988,0.0,0.0,false,water for the queue outside
89a9424c73d71bc7c9e1d6b5bd4d6bd0,Taekwondo,la_convention_center,Los Angeles Convention Center,DTLA Zone,la_metro,indoor,2028-07-28,09:00,13:00,,Morning,Indoors,0,87.0,95.0,72.0,0.025974025974025976,0.0,0.021505376344086023,false,water for the queue outside
baf8cd83f799d27574e3eb229e7fb653,Wrestling,la_convention_center,Los Angeles Convention Center,DTLA Zone,la_metro,indoor,2028-07-26,19:00,22:45,gold,Evening,Indoors,0,77.0,82.0,70.0,0.0,0.0,0.021505376344086023,false,water for the queue outside
95346ee9c0bc85f5e49522cabef5cefa,Table Tennis,la_convention_center,Los Angeles Convention Center,DTLA Zone,la_metro,indoor,2028-07-22,21:00,23:15,gold,Evening,Indoors,0,72.0,76.0,69.0,0.012987012987012988,0.0,0.021505376344086023,false,water for the queue outside
600d5bd4480e2360196af289707c8406,Table Tennis,la_convention_center,Los Angeles Convention Center,DTLA Zone,la_metro,indoor,2028-07-24,10:00,15:00,,Morning,Indoors,0,88.0,97.0,76.0,0.025974025974025976,0.0,0.021505376344086023,false,water for the queue outside
d247e1cc775ddae22d563938a823ae3c,Table Tennis,la_convention_center,Los Angeles Convention Center,DTLA Zone,la_metro,indoor,2028-07-27,17:00,22:00,,Evening,Indoors,0,83.0,89.0,70.0,0.0,0.0,0.021505376344086023,false,water for the queue outside
ffc5658fff8c2e604a52423eddd7eeb2,Athletics (Track & Field),la_coliseum,Los Angeles Memorial Coliseum,Exposition Park Zone,la_metro,outdoor,2028-07-15,09:00,13:30,,Morning,Warm,2,83.0,87.0,71.0,0.012987012987012988,0.0,0.021505376344086023,true,sunscreen and a hat; plenty of water
1f05558bc6e3b6a904c90510ad4a9363,Athletics (Track & Field),la_coliseum,Los Angeles Memorial Coliseum,Exposition Park Zone,la_metro,outdoor,2028-07-18,09:30,12:10,,Morning,Warm,2,82.0,87.0,76.0,0.0,0.0,0.021505376344086023,true,sunscreen and a hat; plenty of water
3af4711b795defd2012dd0f6505e2631,Water Polo,lb_aquatics,Long Beach Aquatics Center,Long Beach Zone,la_metro,outdoor,2028-07-22,11:30,13:00,bronze,Morning,Warm,2,78.0,85.0,77.0,0.012987012987012988,0.0,0.0,true,sunscreen and a hat; plenty of water
2a1935c41e1350a5bfc34e1be404b270,Handball,lb_arena,Long Beach Arena,Long Beach Zone,la_metro,indoor,2028-07-19,09:00,12:30,,Morning,Indoors,0,76.0,82.0,70.0,0.0,0.0,0.0,false,water for the queue outside
233d5faf48473656135964dafb82aee0,Handball,lb_arena,Long Beach Arena,Long Beach Zone,la_metro,indoor,2028-07-23,19:30,21:30,,Evening,Indoors,0,70.0,75.0,69.0,0.0,0.0,0.0,false,water for the queue outside
b3b78c408ab3f14065b16d2b2b9c9444,Softball,okc_softball,Devon Park (USA Softball Hall of Fame Stadium),OKC Zone,remote,outdoor,2028-07-27,14:00,16:30,,Afternoon,Very hot,4,95.0,100.0,93.0,0.05194805194805195,0.7402597402597403,0.021505376344086023,true,sunscreen and a hat; plenty of water; plan breaks in the shade
1255ce41e63b4dd297fe367b272d1d96,Canoe Slalom,okc_whitewater,Riversport OKC,OKC Zone,remote,outdoor,2028-07-16,07:00,10:10,gold,Morning,Hot,3,89.0,94.0,81.0,0.07792207792207792,0.4805194805194805,0.01881720430107527,true,sunscreen and a hat; plenty of water; plan breaks in the shade
bcd9591045c72fcac41a756baab84cbf,Boxing - Preliminary Stages,peacock_theater,Peacock Theater,DTLA Zone,la_metro,indoor,2028-07-15,19:00,21:30,,Evening,Indoors,0,76.0,79.0,70.0,0.0,0.0,0.021505376344086023,false,water for the queue outside
24b8277bc9609733353e71781b051398,Boxing - Preliminary Stages,peacock_theater,Peacock Theater,DTLA Zone,la_metro,indoor,2028-07-19,12:00,15:00,,Afternoon,Indoors,0,89.0,93.0,85.0,0.025974025974025976,0.0,0.021505376344086023,false,water for the queue outside
0baf1b42a434fce344acec80f715dfff,Golf,riviera_cc,Riviera Country Club,Riviera Zone,la_metro,outdoor,2028-07-22,09:00,18:30,gold,Morning,Warm,2,83.0,91.0,73.0,0.012987012987012988,0.05194805194805195,0.0,true,sunscreen and a hat; plenty of water
afeeb74159965cff1c10a989c78568da,Golf,riviera_cc,Riviera Country Club,Riviera Zone,la_metro,outdoor,2028-07-24,08:00,14:00,gold,Morning,Warm,2,82.0,91.0,69.0,0.025974025974025976,0.05194805194805195,0.0,true,sunscreen and a hat; plenty of water
fb13bca1896c1326bf43fbdf096c3d33,Diving,rose_bowl_aquatics,Rose Bowl Aquatics Center,Pasadena Zone,la_metro,outdoor,2028-07-18,10:00,12:30,,Morning,Warm,2,86.0,90.0,79.0,0.012987012987012988,0.012987012987012988,0.22043010752688172,true,sunscreen and a hat; plenty of water; check air quality if you are sensitive to smog
7c945c73ebc37191cd64879eb3917bd5,Diving,rose_bowl_aquatics,Rose Bowl Aquatics Center,Pasadena Zone,la_metro,outdoor,2028-07-25,11:30,12:30,gold,Morning,Hot,3,85.0,95.0,85.0,0.012987012987012988,0.11688311688311688,0.22043010752688172,true,sunscreen and a hat; plenty of water; plan breaks in the shade; check air quality if you are sensitive to smog
acb6a465c45c691c695fdedf3f7a8b9e,BMX Freestyle,sepulveda_basin_1,Valley Complex 1 (Sepulveda Basin),Valley Zone,la_metro,outdoor,2028-07-28,10:30,13:30,,Morning,Hot,3,87.0,95.0,83.0,0.012987012987012988,0.14285714285714285,0.29838709677419356,true,sunscreen and a hat; plenty of water; plan breaks in the shade; check air quality if you are sensitive to smog
a86981756386581bc6a3557e95059bd5,3x3 Basketball,sepulveda_basin_3,Valley Complex 3 (Sepulveda Basin),Valley Zone,la_metro,outdoor,2028-07-16,21:00,23:00,,Evening,Comfortable,1,69.0,74.0,66.0,0.012987012987012988,0.0,0.29838709677419356,false,check air quality if you are sensitive to smog
18d3123d5559bfa2164c2bf681c25838,Swimming,sofi_stadium,SoFi Stadium,Inglewood Zone,la_metro,covered,2028-07-24,18:00,20:00,gold,Evening,Comfortable,1,76.0,83.0,71.0,0.0,0.0,0.0,false,""
463e3eaba121d3ab030dee93e17946a1,Swimming,sofi_stadium,SoFi Stadium,Inglewood Zone,la_metro,covered,2028-07-26,09:30,11:30,,Morning,Comfortable,1,80.0,87.0,76.0,0.012987012987012988,0.0,0.0,false,""
281d6a1598190a99e0e6252e193d3eaf,Beach Volleyball,alamitos_beach,Alamitos Beach Stadium,Long Beach Zone,la_metro,outdoor,2028-07-21,14:00,18:00,,Afternoon,Warm,2,80.0,86.0,75.0,0.025974025974025976,0.0,0.0,true,sunscreen and a hat; plenty of water
533875ed409d25427f53e10c5123dced,Beach Volleyball,alamitos_beach,Alamitos Beach Stadium,Long Beach Zone,la_metro,outdoor,2028-07-28,15:30,18:30,gold,Afternoon,Comfortable,1,78.0,84.0,74.0,0.0,0.0,0.0,true,sunscreen and a hat
8e468db27603ad846f2a2e8376b67037,Rowing Coastal Beach Sprints,belmont_shore,Belmont Shore,Long Beach Zone,la_metro,outdoor,2028-07-25,14:00,15:20,gold,Afternoon,Warm,2,80.0,88.0,79.0,0.0,0.0,0.0,true,sunscreen and a hat; plenty of water
de8ab98d4cf8e85ede6e4897b0639c24,Sailing (Windsurfing & Kite),belmont_shore,Belmont Shore,Long Beach Zone,la_metro,outdoor,2028-07-18,14:00,20:00,,Afternoon,Comfortable,1,79.0,84.0,71.0,0.025974025974025976,0.0,0.0,true,sunscreen and a hat
e86c62b607bafb743636291194b50212,Tennis,carson_tennis,Carson Tennis Center (Dignity Health Sports Park),Carson Zone,la_metro,outdoor,2028-07-24,18:30,23:30,,Evening,Comfortable,1,74.0,79.0,68.0,0.0,0.0,0.0,false,""
05a75bab48dc9ac558e1b1e5d72180dd,Hockey,carson_field,Carson Field (hockey),Carson Zone,la_metro,outdoor,2028-07-24,17:00,22:00,,Evening,Comfortable,1,79.0,86.0,69.0,0.0,0.0,0.0,false,""
e0c712a63b9de27a0ac0ae494fe76bdd,Archery,carson_stadium,Carson Stadium (Dignity Health Sports Park),Carson Zone,la_metro,outdoor,2028-07-25,19:30,23:10,gold,Evening,Comfortable,1,71.0,76.0,68.0,0.0,0.0,0.0,false,""
030048273f3b9d39c0be0235ef8eca48,Archery,carson_stadium,Carson Stadium (Dignity Health Sports Park),Carson Zone,la_metro,outdoor,2028-07-27,10:30,12:15,,Morning,Warm,2,80.0,88.0,79.0,0.025974025974025976,0.03896103896103896,0.0,true,sunscreen and a hat; plenty of water
70a497c3309ed3a7e8b63a74e4f44b07,Rugby Sevens,carson_stadium,Carson Stadium (Dignity Health Sports Park),Carson Zone,la_metro,outdoor,2028-07-15,19:00,21:30,gold,Evening,Comfortable,1,73.0,76.0,69.0,0.0,0.0,0.0,false,""
15a240e56968972fef8f3861d265b9bb,Squash,universal_squash,Comcast Squash Center at Universal Studios,Universal City Zone,la_metro,indoor,2028-07-22,20:30,23:15,,Evening,Indoors,0,71.0,76.0,68.0,0.012987012987012988,0.0,0.15053763440860216,false,water for the queue outside
157776af459ba4fbfe8d4f359ff98806,Flag Football,bmo_stadium,BMO Stadium,Exposition Park Zone,la_metro,outdoor,2028-07-15,19:00,22:15,,Evening,Comfortable,1,73.0,77.0,68.0,0.0,0.0,0.021505376344086023,false,""
683754394b20b2133566553e054b075f,Cricket,fairplex_cricket,Fairgrounds Cricket Stadium (Fairplex),Pomona Zone,la_metro,outdoor,2028-07-18,09:00,12:30,,Morning,Warm,2,87.0,92.0,74.0,0.012987012987012988,0.025974025974025976,0.4327956989247312,true,sunscreen and a hat; plenty of water; check air quality if you are sensitive to smog
7d5889926f54dc7674368c5f7fcbe926,Cricket,fairplex_cricket,Fairgrounds Cricket Stadium (Fairplex),Pomona Zone,la_metro,outdoor,2028-07-24,09:00,12:30,,Morning,Hot,3,87.0,96.0,73.0,0.03896103896103896,0.15584415584415584,0.4327956989247312,true,sunscreen and a hat; plenty of water; plan breaks in the shade; check air quality if you are sensitive to smog
caafcc184c68b905407a79db70d05adb,Badminton,galen_center,Galen Center,Exposition Park Zone,la_metro,indoor,2028-07-20,14:00,17:25,,Afternoon,Indoors,0,83.0,88.0,78.0,0.025974025974025976,0.0,0.021505376344086023,false,water for the queue outside
0de5716cc7ba5306692518b931d77f3f,Volleyball,honda_center,Honda Center,Anaheim Zone,la_metro,indoor,2028-07-24,17:00,19:30,,Evening,Indoors,0,80.0,87.0,75.0,0.0,0.0,0.008064516129032258,false,water for the queue outside
fea4b749cfad6083c7031f8058f754c8,Volleyball,honda_center,Honda Center,Anaheim Zone,la_metro,indoor,2028-07-25,09:00,11:30,,Morning,Indoors,0,79.0,86.0,71.0,0.012987012987012988,0.0,0.008064516129032258,false,water for the queue outside
0fc39fc3e11d129f6c05ed290c87a6e2,Basketball,intuit_dome,Intuit Dome,Inglewood Zone,la_metro,indoor,2028-07-22,13:00,15:00,,Afternoon,Indoors,0,84.0,91.0,82.0,0.0,0.0,0.0,false,water for the queue outside
ff500f02bb9e394120d6c81a56c54083,Basketball,intuit_dome,Intuit Dome,Inglewood Zone,la_metro,indoor,2028-07-25,13:00,15:00,,Afternoon,Indoors,0,84.0,91.0,82.0,0.0,0.0,0.0,false,water for the queue outside
7546ba96d1c9339049e11bbbcaa05342,Basketball,intuit_dome,Intuit Dome,Inglewood Zone,la_metro,indoor,2028-07-28,16:00,18:00,bronze,Afternoon,Indoors,0,80.0,86.0,76.0,0.0,0.0,0.0,false,water for the queue outside
c2f589b5f7d0b6706385c7274ee6b632,Fencing,la_convention_center,Los Angeles Convention Center,DTLA Zone,la_metro,indoor,2028-07-20,09:00,16:10,,Morning,Indoors,0,89.0,94.0,72.0,0.05194805194805195,0.0,0.021505376344086023,false,water for the queue outside
299b1d4b27d8ba6157cbe190fb8e926b,Fencing,la_convention_center,Los Angeles Convention Center,DTLA Zone,la_metro,indoor,2028-07-23,09:00,16:10,,Morning,Indoors,0,88.0,97.0,73.0,0.05194805194805195,0.0,0.021505376344086023,false,water for the queue outside
67920d735bece26d98c435020c4d5b42,Judo,la_convention_center,Los Angeles Convention Center,DTLA Zone,la_metro,indoor,2028-07-17,10:00,14:00,,Morning,Indoors,0,88.0,92.0,76.0,0.012987012987012988,0.0,0.021505376344086023,false,water for the queue outside
7a68da20ee7e198ffecc65d55da71e1d,Wrestling,la_convention_center,Los Angeles Convention Center,DTLA Zone,la_metro,indoor,2028-07-24,11:00,13:00,,Morning,Indoors,0,87.0,96.0,81.0,0.012987012987012988,0.0,0.021505376344086023,false,water for the queue outside
9cc8fc1e0885f2577ef11046e67326c9,Wrestling,la_convention_center,Los Angeles Convention Center,DTLA Zone,la_metro,indoor,2028-07-27,19:00,22:45,gold,Evening,Indoors,0,77.0,82.0,70.0,0.0,0.0,0.021505376344086023,false,water for the queue outside
f651120a585c90746013f42c005c1e2a,Wrestling,la_convention_center,Los Angeles Convention Center,DTLA Zone,la_metro,indoor,2028-07-28,19:00,22:45,gold,Evening,Indoors,0,77.0,82.0,70.0,0.0,0.0,0.021505376344086023,false,water for the queue outside
3d0a7653a97ae297163244ca758aa641,Table Tennis,la_convention_center,Los Angeles Convention Center,DTLA Zone,la_metro,indoor,2028-07-18,21:00,23:15,gold,Evening,Indoors,0,71.0,74.0,68.0,0.012987012987012988,0.0,0.021505376344086023,false,water for the queue outside
79847351632672cb8abd30cbfde2e357,Athletics (Track & Field),la_coliseum,Los Angeles Memorial Coliseum,Exposition Park Zone,la_metro,outdoor,2028-07-19,16:00,18:40,gold,Afternoon,Comfortable,1,80.0,84.0,76.0,0.012987012987012988,0.012987012987012988,0.021505376344086023,true,sunscreen and a hat
97d0bff448561c9e88bb30c61045cd4c,Handball,lb_arena,Long Beach Arena,Long Beach Zone,la_metro,indoor,2028-07-15,14:00,17:30,,Afternoon,Indoors,0,78.0,81.0,75.0,0.012987012987012988,0.0,0.0,false,water for the queue outside
de3a8d12173c246c05942e99e28269ec,Handball,lb_arena,Long Beach Arena,Long Beach Zone,la_metro,indoor,2028-07-23,12:30,14:30,,Afternoon,Indoors,0,79.0,87.0,78.0,0.0,0.0,0.0,false,water for the queue outside
0d9804faee281bafb30f480a1dcdd91d,Shooting (Rifle & Pistol),lb_shooting_hall,Long Beach Target Shooting Hall,Long Beach Zone,la_metro,indoor,2028-07-20,09:30,14:00,gold,Morning,Indoors,0,79.0,85.0,74.0,0.0,0.0,0.0,false,water for the queue outside
427eba64e167258b649412f6a6b97a5b,Rowing,marine_stadium,Marine Stadium,Long Beach Zone,la_metro,outdoor,2028-07-17,12:30,15:10,gold,Afternoon,Comfortable,1,79.0,84.0,78.0,0.012987012987012988,0.0,0.0,true,sunscreen and a hat
5dfaa8942c89e4ae267447c2bee73568,Rowing,marine_stadium,Marine Stadium,Long Beach Zone,la_metro,outdoor,2028-07-22,10:30,11:50,gold,Morning,Warm,2,76.0,82.0,76.0,0.012987012987012988,0.0,0.0,true,sunscreen and a hat; plenty of water
94a066bfb5ae08c587412e3520c00b1b,Softball,okc_softball,Devon Park (USA Softball Hall of Fame Stadium),OKC Zone,remote,outdoor,2028-07-23,14:00,16:30,,Afternoon,Very hot,4,95.0,101.0,94.0,0.025974025974025976,0.6493506493506493,0.021505376344086023,true,sunscreen and a hat; plenty of water; plan breaks in the shade
96dc6d8dad344df529d02d552f6873fe,Softball,okc_softball,Devon Park (USA Softball Hall of Fame Stadium),OKC Zone,remote,outdoor,2028-07-24,18:30,21:00,,Evening,Warm,2,86.0,91.0,83.0,0.03896103896103896,0.0,0.021505376344086023,false,plenty of water
e961810c1e18b45e1569d970b0741646,Softball,okc_softball,Devon Park (USA Softball Hall of Fame Stadium),OKC Zone,remote,outdoor,2028-07-28,17:00,19:30,bronze,Evening,Warm,2,91.0,97.0,86.0,0.07792207792207792,0.05194805194805195,0.021505376344086023,false,plenty of water
b1572fa37a58b804cba9647a3eccf3e8,Weightlifting,peacock_theater,Peacock Theater,DTLA Zone,la_metro,indoor,2028-07-27,14:10,19:00,gold,Afternoon,Indoors,0,87.0,93.0,77.0,0.0,0.0,0.021505376344086023,false,water for the queue outside
f9e4fcf2b3af051b38750010933af8bd,Diving,rose_bowl_aquatics,Rose Bowl Aquatics Center,Pasadena Zone,la_metro,outdoor,2028-07-19,15:30,16:45,gold,Afternoon,Warm,2,87.0,93.0,87.0,0.025974025974025976,0.025974025974025976,0.22043010752688172,true,sunscreen and a hat; plenty of water; check air quality if you are sensitive to smog
fe8ef027e6dfd978035373e814cba8d5,Diving,rose_bowl_aquatics,Rose Bowl Aquatics Center,Pasadena Zone,la_metro,outdoor,2028-07-26,14:00,15:00,gold,Afternoon,Hot,3,88.0,99.0,88.0,0.0,0.24675324675324675,0.22043010752688172,true,sunscreen and a hat; plenty of water; plan breaks in the shade; check air quality if you are sensitive to smog
f5ccf52e4b693a8b380508a3dae16f80,Football (Soccer) - Group & Knockout Stages,sd_stadium,Snapdragon Stadium,San Diego Zone,remote,outdoor,2028-07-28,13:00,16:00,,Afternoon,Warm,2,77.0,83.0,76.0,0.012987012987012988,0.0,0.0,true,sunscreen and a hat; plenty of water
7c3a25ec4b97b9213879dc8daf45a0df,Modern Pentathlon,sepulveda_basin_2,Valley Complex 2 (Sepulveda Basin),Valley Zone,la_metro,outdoor,2028-07-18,09:00,11:00,gold,Morning,Warm,2,82.0,87.0,74.0,0.012987012987012988,0.012987012987012988,0.29838709677419356,true,sunscreen and a hat; plenty of water; check air quality if you are sensitive to smog
f0fcfb5737652dd1b8f08abd0b0614d6,Skateboarding (Park),sepulveda_basin_2,Valley Complex 2 (Sepulveda Basin),Valley Zone,la_metro,outdoor,2028-07-25,20:00,23:00,,Evening,Comfortable,1,74.0,82.0,67.0,0.0,0.0,0.29838709677419356,false,check air quality if you are sensitive to smog
c9dab7995f7d35cc991fc7be83b7d606,3x3 Basketball,sepulveda_basin_3,Valley Complex 3 (Sepulveda Basin),Valley Zone,la_metro,outdoor,2028-07-17,17:30,19:30,,Evening,Comfortable,1,81.0,87.0,77.0,0.012987012987012988,0.0,0.29838709677419356,false,check air quality if you are sensitive to smog
b1f94c1bc27245750f43f217973c980e,Shooting (Shotgun),whittier_narrows,Whittier Narrows Clay Shooting Center,Whittier Narrows Zone,la_metro,outdoor,2028-07-18,09:30,17:15,gold,Morning,Warm,2,90.0,95.0,77.0,0.025974025974025976,0.0,0.0456989247311828,true,sunscreen and a hat; plenty of water
a46346a197ee0d509fc6288e46eb8f6b,Swimming,sofi_stadium,SoFi Stadium,Inglewood Zone,la_metro,covered,2028-07-24,09:30,11:30,,Morning,Comfortable,1,80.0,88.0,76.0,0.012987012987012988,0.0,0.0,false,""
b160864dd57cb74408e5efe34ff98b69,Swimming,sofi_stadium,SoFi Stadium,Inglewood Zone,la_metro,covered,2028-07-26,18:00,20:00,gold,Evening,Comfortable,1,76.0,83.0,71.0,0.0,0.0,0.0,false,""
0709ae8b00813651dd6f327b3e270081,Beach Volleyball,alamitos_beach,Alamitos Beach Stadium,Long Beach Zone,la_metro,outdoor,2028-07-16,20:00,23:00,,Evening,Comfortable,1,69.0,72.0,66.0,0.012987012987012988,0.0,0.0,false,""
1581176c8c30267b9518f6ca0759b172,Beach Volleyball,alamitos_beach,Alamitos Beach Stadium,Long Beach Zone,la_metro,outdoor,2028-07-17,20:00,23:00,,Evening,Comfortable,1,69.0,72.0,66.0,0.012987012987012988,0.0,0.0,false,""
4862e53a47ea9be8cc2a13d1c4466ae4,Beach Volleyball,alamitos_beach,Alamitos Beach Stadium,Long Beach Zone,la_metro,outdoor,2028-07-22,09:00,11:00,,Morning,Warm,2,76.0,82.0,71.0,0.012987012987012988,0.0,0.0,true,sunscreen and a hat; plenty of water
107ba330eaa5cab73080b3b89dcb80c0,Rowing Coastal Beach Sprints,belmont_shore,Belmont Shore,Long Beach Zone,la_metro,outdoor,2028-07-25,10:00,11:50,,Morning,Comfortable,1,76.0,82.0,74.0,0.025974025974025976,0.0,0.0,true,sunscreen and a hat
ce4ab8b5a4f3d3aee829bdfd63329951,Tennis,carson_tennis,Carson Tennis Center (Dignity Health Sports Park),Carson Zone,la_metro,outdoor,2028-07-27,11:00,16:30,gold,Morning,Warm,2,82.0,90.0,79.0,0.025974025974025976,0.03896103896103896,0.0,true,sunscreen and a hat; plenty of water
238b07996926bb46c186509ac4799eeb,Hockey,carson_field,Carson Field (hockey),Carson Zone,la_metro,outdoor,2028-07-13,09:00,14:00,,Morning,Warm,2,83.0,87.0,71.0,0.0,0.0,0.0,true,sunscreen and a hat; plenty of water
5cd3fbfd493a4d43b8116e95984f0004,Rugby Sevens,carson_stadium,Carson Stadium (Dignity Health Sports Park),Carson Zone,la_metro,outdoor,2028-07-16,10:00,13:00,,Morning,Warm,2,82.0,85.0,75.0,0.0,0.012987012987012988,0.0,true,sunscreen and a hat; plenty of water
d1a92ccc262d2775dc55cf7cbfbfa7cf,Rugby Sevens,carson_stadium,Carson Stadium (Dignity Health Sports Park),Carson Zone,la_metro,outdoor,2028-07-17,10:00,13:00,,Morning,Warm,2,82.0,87.0,75.0,0.0,0.012987012987012988,0.0,true,sunscreen and a hat; plenty of water
1a6b11d1e4b6a70e93bcf19968a7e8fa,Cycling Track,carson_velodrome,VELO Sports Center,Carson Zone,la_metro,indoor,2028-07-26,13:45,16:45,gold,Afternoon,Indoors,0,82.0,91.0,80.0,0.0,0.0,0.0,false,water for the queue outside
f435b065427c635c83e5c59534221c8c,Cycling Track,carson_velodrome,VELO Sports Center,Carson Zone,la_metro,indoor,2028-07-30,08:45,12:35,gold,Morning,Indoors,0,81.0,87.0,72.0,0.0,0.0,0.0,false,water for the queue outside
1a3563e31b7b6318be92cbfac143c8d2,Artistic Gymnastics,crypto_arena,Crypto.com Arena,DTLA Zone,la_metro,indoor,2028-07-16,21:25,23:05,,Evening,Indoors,0,69.0,72.0,68.0,0.012987012987012988,0.0,0.021505376344086023,false,water for the queue outside
caf9ee0d0e9a1777e6f9b186c199daaf,Artistic Gymnastics,crypto_arena,Crypto.com Arena,DTLA Zone,la_metro,indoor,2028-07-19,18:00,20:30,gold,Evening,Indoors,0,80.0,84.0,73.0,0.012987012987012988,0.0,0.021505376344086023,false,water for the queue outside
282fb4fd1736ffb8c2ff83d52f799e70,Boxing - Final Stages,crypto_arena,Crypto.com Arena,DTLA Zone,la_metro,indoor,2028-07-27,12:00,14:00,gold,Afternoon,Indoors,0,87.0,95.0,84.0,0.012987012987012988,0.0,0.021505376344086023,false,water for the queue outside
e248a5bced2a194aab2051a92cf74d1d,Baseball,dodger_stadium,Dodger Stadium,DTLA Zone,la_metro,outdoor,2028-07-13,11:00,14:00,,Morning,Warm,2,87.0,91.0,80.0,0.0,0.0,0.021505376344086023,true,sunscreen and a hat; plenty of water
46b18cd57f089b27f2884623a2e31bce,Flag Football,bmo_stadium,BMO Stadium,Exposition Park Zone,la_metro,outdoor,2028-07-17,19:00,22:15,,Evening,Comfortable,1,73.0,77.0,69.0,0.012987012987012988,0.0,0.021505376344086023,false,""
04ba3207a41918b5cdde2ec31a9aea94,Lacrosse,bmo_stadium,BMO Stadium,Exposition Park Zone,la_metro,outdoor,2028-07-24,18:30,22:00,,Evening,Comfortable,1,73.0,80.0,69.0,0.0,0.0,0.021505376344086023,false,""
9c341a9f10a99ab5be5b042925444547,Lacrosse,bmo_stadium,BMO Stadium,Exposition Park Zone,la_metro,outdoor,2028-07-25,18:30,22:00,,Evening,Comfortable,1,73.0,80.0,70.0,0.0,0.0,0.021505376344086023,false,""
a0300537e66195bb9df0c9140c2b937a,Lacrosse,bmo_stadium,BMO Stadium,Exposition Park Zone,la_metro,outdoor,2028-07-28,18:30,22:00,,Evening,Comfortable,1,73.0,80.0,69.0,0.0,0.0,0.021505376344086023,false,""
efd404fae502ad05f117a52c36cab6ac,Cricket,fairplex_cricket,Fairgrounds Cricket Stadium (Fairplex),Pomona Zone,la_metro,outdoor,2028-07-16,09:00,12:30,,Morning,Warm,2,87.0,92.0,74.0,0.012987012987012988,0.012987012987012988,0.4327956989247312,true,sunscreen and a hat; plenty of water; check air quality if you are sensitive to smog
8b3cdff9bac8b85214895859de8474fe,Cricket,fairplex_cricket,Fairgrounds Cricket Stadium (Fairplex),Pomona Zone,la_metro,outdoor,2028-07-25,09:00,12:30,,Morning,Hot,3,87.0,95.0,73.0,0.03896103896103896,0.15584415584415584,0.4327956989247312,true,sunscreen and a hat; plenty of water; plan breaks in the shade; check air quality if you are sensitive to smog
9cc371ad442102fd9335ffb3ada05417,Cricket,fairplex_cricket,Fairgrounds Cricket Stadium (Fairplex),Pomona Zone,la_metro,outdoor,2028-07-26,18:00,21:30,,Evening,Comfortable,1,85.0,92.0,73.0,0.0,0.0,0.4327956989247312,false,check air quality if you are sensitive to smog
8cf5e257e41f381185b064ef304b8799,Cricket,fairplex_cricket,Fairgrounds Cricket Stadium (Fairplex),Pomona Zone,la_metro,outdoor,2028-07-27,09:00,12:30,,Morning,Hot,3,87.0,94.0,73.0,0.03896103896103896,0.15584415584415584,0.4327956989247312,true,sunscreen and a hat; plenty of water; plan breaks in the shade; check air quality if you are sensitive to smog
67ef8d89d0524dd74f0da3618f20e74c,Badminton,galen_center,Galen Center,Exposition Park Zone,la_metro,indoor,2028-07-21,16:00,23:05,,Afternoon,Indoors,0,80.0,86.0,69.0,0.012987012987012988,0.0,0.021505376344086023,false,water for the queue outside
4fd20020d0f725054048dbca90922ab2,Volleyball,honda_center,Honda Center,Anaheim Zone,la_metro,indoor,2028-07-16,13:00,15:30,,Afternoon,Indoors,0,83.0,87.0,82.0,0.012987012987012988,0.0,0.008064516129032258,false,water for the queue outside
b55af3ffcdffad47acc92b9283cdae5c,Volleyball,honda_center,Honda Center,Anaheim Zone,la_metro,indoor,2028-07-17,21:00,23:30,,Evening,Indoors,0,69.0,73.0,67.0,0.012987012987012988,0.0,0.008064516129032258,false,water for the queue outside
d3122a42ebbbd21abaae9e4559e0152a,Volleyball,honda_center,Honda Center,Anaheim Zone,la_metro,indoor,2028-07-19,09:00,11:30,,Morning,Indoors,0,80.0,84.0,71.0,0.0,0.0,0.008064516129032258,false,water for the queue outside
918c243536c79160c5c1a3d856a98016,Volleyball,honda_center,Honda Center,Anaheim Zone,la_metro,indoor,2028-07-20,17:00,19:30,,Evening,Indoors,0,80.0,87.0,75.0,0.012987012987012988,0.0,0.008064516129032258,false,water for the queue outside
893d68e13a41b3abf2248b253fa476b3,Table Tennis,la_convention_center,Los Angeles Convention Center,DTLA Zone,la_metro,indoor,2028-07-16,20:15,23:15,,Evening,Indoors,0,70.0,73.0,68.0,0.012987012987012988,0.0,0.021505376344086023,false,water for the queue outside
a23bc2474c1ad4d8b5a38b357b6b6180,Athletics (Track & Field),la_coliseum,Los Angeles Memorial Coliseum,Exposition Park Zone,la_metro,outdoor,2028-07-17,16:30,19:30,gold,Afternoon,Comfortable,1,78.0,83.0,73.0,0.012987012987012988,0.0,0.021505376344086023,false,""
60e883eccd3c02bf05d51bf407989d58,Athletics (Track & Field),la_coliseum,Los Angeles Memorial Coliseum,Exposition Park Zone,la_metro,outdoor,2028-07-19,09:35,12:00,gold,Morning,Warm,2,83.0,87.0,76.0,0.0,0.0,0.021505376344086023,true,sunscreen and a hat; plenty of water
a29d3a06071dce2a7e977d7bc2cc6552,Athletics (Track & Field),la_coliseum,Los Angeles Memorial Coliseum,Exposition Park Zone,la_metro,outdoor,2028-07-20,09:30,12:00,gold,Morning,Warm,2,83.0,89.0,76.0,0.0,0.025974025974025976,0.021505376344086023,true,sunscreen and a hat; plenty of water
1235e811e24cd43ef99cacd652ed9931,Water Polo,lb_aquatics,Long Beach Aquatics Center,Long Beach Zone,la_metro,outdoor,2028-07-12,19:00,22:00,,Evening,Comfortable,1,71.0,75.0,67.0,0.0,0.0,0.0,false,""
cedc2bad90b934996f7817e2dd4864bf,Water Polo,lb_aquatics,Long Beach Aquatics Center,Long Beach Zone,la_metro,outdoor,2028-07-20,17:00,20:00,,Evening,Comfortable,1,76.0,81.0,70.0,0.012987012987012988,0.0,0.0,false,""
960bf41f1737b885aa8e70ded80ad96a,Water Polo,lb_aquatics,Long Beach Aquatics Center,Long Beach Zone,la_metro,outdoor,2028-07-23,11:30,13:00,bronze,Morning,Warm,2,78.0,85.0,77.0,0.012987012987012988,0.0,0.0,true,sunscreen and a hat; plenty of water
4df88e4146e6cb27665a9afcf87ee721,Handball,lb_arena,Long Beach Arena,Long Beach Zone,la_metro,indoor,2028-07-16,09:00,12:30,,Morning,Indoors,0,76.0,81.0,69.0,0.0,0.0,0.0,false,water for the queue outside
599f1251c6a02c2001d55c9a3981d20c,Handball,lb_arena,Long Beach Arena,Long Beach Zone,la_metro,indoor,2028-07-18,09:00,12:30,,Morning,Indoors,0,76.0,81.0,70.0,0.0,0.0,0.0,false,water for the queue outside
e2194cbcec2a54b54b69a4aa1acd7516,Handball,lb_arena,Long Beach Arena,Long Beach Zone,la_metro,indoor,2028-07-24,19:30,21:30,,Evening,Indoors,0,70.0,75.0,69.0,0.0,0.0,0.0,false,water for the queue outside
79186d7fb98458595a0bf79ccfc8c969,Climbing,lb_climbing,Long Beach Climbing Theater,Long Beach Zone,la_metro,outdoor,2028-07-28,13:45,15:00,gold,Afternoon,Warm,2,78.0,85.0,78.0,0.0,0.0,0.0,true,sunscreen and a hat; plenty of water
2e8b329ab686e5c67f1a0446c27d51be,Climbing,lb_climbing,Long Beach Climbing Theater,Long Beach Zone,la_metro,outdoor,2028-07-29,09:30,10:45,gold,Morning,Comfortable,1,74.0,78.0,74.0,0.012987012987012988,0.0,0.0,true,sunscreen and a hat
9f8a110f623e511be347fe0005157287,Shooting (Rifle & Pistol),lb_shooting_hall,Long Beach Target Shooting Hall,Long Beach Zone,la_metro,indoor,2028-07-15,13:45,21:00,gold,Afternoon,Indoors,0,78.0,81.0,67.0,0.012987012987012988,0.0,0.0,false,water for the queue outside
1d1081814ba0660f82c4f399253898ca,Canoe Sprint,marine_stadium,Marine Stadium,Long Beach Zone,la_metro,outdoor,2028-07-28,09:00,12:40,gold,Morning,Warm,2,78.0,84.0,71.0,0.03896103896103896,0.0,0.0,true,sunscreen and a hat; plenty of water
b6efcf8942acf43419af8451dbe7103a,Softball,okc_softball,Devon Park (USA Softball Hall of Fame Stadium),OKC Zone,remote,outdoor,2028-07-23,18:30,21:00,,Evening,Warm,2,88.0,92.0,85.0,0.05194805194805195,0.0,0.021505376344086023,false,plenty of water
70b622c46413bf52ef5dfb91a874a415,Softball,okc_softball,Devon Park (USA Softball Hall of Fame Stadium),OKC Zone,remote,outdoor,2028-07-24,14:00,16:30,,Afternoon,Very hot,4,94.0,101.0,93.0,0.06493506493506493,0.6363636363636364,0.021505376344086023,true,sunscreen and a hat; plenty of water; plan breaks in the shade
8c3a1d64dc3a61d2c9a0e798c65d1ec7,Canoe Slalom,okc_whitewater,Riversport OKC,OKC Zone,remote,outdoor,2028-07-17,07:00,09:35,,Morning,Hot,3,87.0,92.0,82.0,0.07792207792207792,0.2077922077922078,0.01881720430107527,false,plenty of water; plan breaks in the shade
25bbfe3c1b2afa4ffefde322db8eb42d,Boxing - Preliminary Stages,peacock_theater,Peacock Theater,DTLA Zone,la_metro,indoor,2028-07-16,19:00,22:00,,Evening,Indoors,0,76.0,79.0,69.0,0.012987012987012988,0.0,0.021505376344086023,false,water for the queue outside
274cdb4fcc57ef35881fd969a70204a5,Boxing - Preliminary Stages,peacock_theater,Peacock Theater,DTLA Zone,la_metro,indoor,2028-07-22,12:00,15:00,,Afternoon,Indoors,0,89.0,97.0,85.0,0.0,0.0,0.021505376344086023,false,water for the queue outside
e1dfd0e112b6e572486012946fad2750,Weightlifting,peacock_theater,Peacock Theater,DTLA Zone,la_metro,indoor,2028-07-25,16:50,19:00,gold,Afternoon,Indoors,0,83.0,90.0,77.0,0.0,0.0,0.021505376344086023,false,water for the queue outside
7d37b39f1c9b534cafdc712768f6d08a,Weightlifting,peacock_theater,Peacock Theater,DTLA Zone,la_metro,indoor,2028-07-26,14:10,19:00,gold,Afternoon,Indoors,0,87.0,94.0,77.0,0.0,0.0,0.021505376344086023,false,water for the queue outside
255dd395061b7e90bb0aee4cce132c47,"Sailing (Dinghy, Skiff & Multihull)",port_of_la,Port of Los Angeles (sailing),Port of Los Angeles Zone,la_metro,outdoor,2028-07-28,14:00,17:00,gold,Afternoon,Warm,2,76.0,83.0,74.0,0.0,0.0,0.0,true,sunscreen and a hat; plenty of water
dd698bc420b274cc52c39e7e794fcc8e,Diving,rose_bowl_aquatics,Rose Bowl Aquatics Center,Pasadena Zone,la_metro,outdoor,2028-07-27,14:00,15:00,gold,Afternoon,Hot,3,89.0,98.0,88.0,0.0,0.24675324675324675,0.22043010752688172,true,sunscreen and a hat; plenty of water; plan breaks in the shade; check air quality if you are sensitive to smog
19f86f4ffaa2334c027e068386e20e72,Equestrian,santa_anita,Santa Anita Park,Arcadia Zone,la_metro,outdoor,2028-07-29,09:00,11:00,gold,Morning,Warm,2,83.0,90.0,75.0,0.012987012987012988,0.012987012987012988,0.22311827956989247,true,sunscreen and a hat; plenty of water; check air quality if you are sensitive to smog
7b05682ab336ae32e41834a5b93621ba,Modern Pentathlon,sepulveda_basin_2,Valley Complex 2 (Sepulveda Basin),Valley Zone,la_metro,outdoor,2028-07-15,09:00,13:30,,Morning,Warm,2,86.0,91.0,73.0,0.012987012987012988,0.03896103896103896,0.29838709677419356,true,sunscreen and a hat; plenty of water; check air quality if you are sensitive to smog
d8403ae77692fad7a25248e989a9ba9b,3x3 Basketball,sepulveda_basin_3,Valley Complex 3 (Sepulveda Basin),Valley Zone,la_metro,outdoor,2028-07-17,14:00,16:00,,Afternoon,Warm,2,87.0,93.0,85.0,0.025974025974025976,0.0,0.29838709677419356,true,sunscreen and a hat; plenty of water; check air quality if you are sensitive to smog
ebd802f7d7e43b864c694dc9fd7b9f6c,Shooting (Shotgun),whittier_narrows,Whittier Narrows Clay Shooting Center,Whittier Narrows Zone,la_metro,outdoor,2028-07-24,09:30,16:45,gold,Morning,Hot,3,90.0,100.0,76.0,0.025974025974025976,0.19480519480519481,0.0456989247311828,true,sunscreen and a hat; plenty of water; plan breaks in the shade
aac50879c689c4f126459a5eed90e54e,Beach Volleyball,alamitos_beach,Alamitos Beach Stadium,Long Beach Zone,la_metro,outdoor,2028-07-21,09:00,12:00,,Morning,Warm,2,77.0,84.0,71.0,0.012987012987012988,0.0,0.0,true,sunscreen and a hat; plenty of water
5df50d17264a9fd9c838c0fb4295fabd,Beach Volleyball,alamitos_beach,Alamitos Beach Stadium,Long Beach Zone,la_metro,outdoor,2028-07-23,21:00,23:00,,Evening,Comfortable,1,69.0,73.0,67.0,0.0,0.0,0.0,false,""
b90cb43c8d3e01219e57e1352e76d5fd,Beach Volleyball,alamitos_beach,Alamitos Beach Stadium,Long Beach Zone,la_metro,outdoor,2028-07-24,17:00,19:00,,Evening,Comfortable,1,76.0,84.0,73.0,0.0,0.0,0.0,false,""
554c391386c421d732413c940bf83ea3,Tennis,carson_tennis,Carson Tennis Center (Dignity Health Sports Park),Carson Zone,la_metro,outdoor,2028-07-20,11:00,16:30,,Morning,Warm,2,83.0,89.0,79.0,0.012987012987012988,0.012987012987012988,0.0,true,sunscreen and a hat; plenty of water
550e5a60c6ed6583e66fe0571822c7cd,Tennis,carson_tennis,Carson Tennis Center (Dignity Health Sports Park),Carson Zone,la_metro,outdoor,2028-07-20,11:00,20:00,,Morning,Warm,2,83.0,89.0,71.0,0.025974025974025976,0.012987012987012988,0.0,true,sunscreen and a hat; plenty of water
674cf19d5e40461d302d0318d18fdbf0,Tennis,carson_tennis,Carson Tennis Center (Dignity Health Sports Park),Carson Zone,la_metro,outdoor,2028-07-20,11:00,20:00,,Morning,Warm,2,83.0,89.0,71.0,0.025974025974025976,0.012987012987012988,0.0,true,sunscreen and a hat; plenty of water
17fbf14f40130ac415d964f06adccefe,Tennis,carson_tennis,Carson Tennis Center (Dignity Health Sports Park),Carson Zone,la_metro,outdoor,2028-07-20,11:00,20:00,,Morning,Warm,2,83.0,89.0,71.0,0.025974025974025976,0.012987012987012988,0.0,true,sunscreen and a hat; plenty of water
52f5ba5e333b85305eeef68b6cfc1818,Tennis,carson_tennis,Carson Tennis Center (Dignity Health Sports Park),Carson Zone,la_metro,outdoor,2028-07-22,11:00,20:00,,Morning,Warm,2,84.0,92.0,71.0,0.025974025974025976,0.03896103896103896,0.0,true,sunscreen and a hat; plenty of water
680707b513578ef9dc87f6379d762fbb,Tennis,carson_tennis,Carson Tennis Center (Dignity Health Sports Park),Carson Zone,la_metro,outdoor,2028-07-22,11:00,20:00,,Morning,Warm,2,84.0,92.0,71.0,0.025974025974025976,0.03896103896103896,0.0,true,sunscreen and a hat; plenty of water
e65b838d09daec431f1c458ce64dcea5,Tennis,carson_tennis,Carson Tennis Center (Dignity Health Sports Park),Carson Zone,la_metro,outdoor,2028-07-22,11:00,20:00,,Morning,Warm,2,84.0,92.0,71.0,0.025974025974025976,0.03896103896103896,0.0,true,sunscreen and a hat; plenty of water
5a0da1062051f7c3f5372e2740127aae,Tennis,carson_tennis,Carson Tennis Center (Dignity Health Sports Park),Carson Zone,la_metro,outdoor,2028-07-22,11:00,16:30,,Morning,Warm,2,84.0,92.0,80.0,0.012987012987012988,0.03896103896103896,0.0,true,sunscreen and a hat; plenty of water
289f901d9d2d08dc69b4efab222932c2,Tennis,carson_tennis,Carson Tennis Center (Dignity Health Sports Park),Carson Zone,la_metro,outdoor,2028-07-23,18:30,23:30,,Evening,Comfortable,1,74.0,79.0,69.0,0.0,0.0,0.0,false,""
43346b630103b378ee75592d3f38f10a,Hockey,carson_field,Carson Field (hockey),Carson Zone,la_metro,outdoor,2028-07-26,09:00,11:00,,Morning,Warm,2,79.0,86.0,72.0,0.05194805194805195,0.025974025974025976,0.0,true,sunscreen and a hat; plenty of water
a6d1644a758b15049fe3bbaef1cfa2c7,Archery,carson_stadium,Carson Stadium (Dignity Health Sports Park),Carson Zone,la_metro,outdoor,2028-07-23,09:30,12:35,,Morning,Warm,2,81.0,90.0,77.0,0.025974025974025976,0.03896103896103896,0.0,true,sunscreen and a hat; plenty of water
f13854bcc351f46478ed755ed94d2c0a,Baseball,dodger_stadium,Dodger Stadium,DTLA Zone,la_metro,outdoor,2028-07-17,11:00,14:00,,Morning,Warm,2,87.0,91.0,81.0,0.012987012987012988,0.012987012987012988,0.021505376344086023,true,sunscreen and a hat; plenty of water
53f69e7f877f26da14f88b03fb9bd959,Lacrosse,bmo_stadium,BMO Stadium,Exposition Park Zone,la_metro,outdoor,2028-07-29,20:30,23:15,gold,Evening,Comfortable,1,70.0,74.0,69.0,0.0,0.0,0.021505376344086023,false,""
b47668e5a6007189626bf62fa32b99e8,Cricket,fairplex_cricket,Fairgrounds Cricket Stadium (Fairplex),Pomona Zone,la_metro,outdoor,2028-07-19,09:00,12:30,bronze,Morning,Warm,2,87.0,93.0,74.0,0.012987012987012988,0.025974025974025976,0.4327956989247312,true,sunscreen and a hat; plenty of water; check air quality if you are sensitive to smog
b78fed1dc386e0853ce0e257c782e477,Badminton,galen_center,Galen Center,Exposition Park Zone,la_metro,indoor,2028-07-23,19:30,23:25,bronze,Evening,Indoors,0,71.0,77.0,69.0,0.0,0.0,0.021505376344086023,false,water for the queue outside
c75e4d01d3925f166654dbf2b822399b,Volleyball,honda_center,Honda Center,Anaheim Zone,la_metro,indoor,2028-07-15,21:00,23:30,,Evening,Indoors,0,69.0,71.0,67.0,0.0,0.0,0.008064516129032258,false,water for the queue outside
519ac73b58539bb993b1831e97c1edfc,Volleyball,honda_center,Honda Center,Anaheim Zone,la_metro,indoor,2028-07-18,09:00,11:30,,Morning,Indoors,0,79.0,83.0,71.0,0.0,0.0,0.008064516129032258,false,water for the queue outside
efa897c6c0dcdaf2336dc64105b814eb,Volleyball,honda_center,Honda Center,Anaheim Zone,la_metro,indoor,2028-07-22,17:00,19:30,,Evening,Indoors,0,80.0,87.0,75.0,0.012987012987012988,0.0,0.008064516129032258,false,water for the queue outside
e51c4ab0622a6402f609badf28831115,Basketball,intuit_dome,Intuit Dome,Inglewood Zone,la_metro,indoor,2028-07-16,12:00,16:15,,Afternoon,Indoors,0,83.0,87.0,79.0,0.025974025974025976,0.0,0.0,false,water for the queue outside
672ace9bc7eca24ae996a07f706d6667,Basketball,intuit_dome,Intuit Dome,Inglewood Zone,la_metro,indoor,2028-07-21,12:00,16:15,,Afternoon,Indoors,0,85.0,90.0,80.0,0.03896103896103896,0.0,0.0,false,water for the queue outside
c99504bf7d5ca498b176183278377f54,Basketball,intuit_dome,Intuit Dome,Inglewood Zone,la_metro,indoor,2028-07-23,13:00,15:00,,Afternoon,Indoors,0,84.0,91.0,82.0,0.0,0.0,0.0,false,water for the queue outside
93be968635c1c881dc115e4a809e50d8,Basketball,intuit_dome,Intuit Dome,Inglewood Zone,la_metro,indoor,2028-07-26,16:00,18:00,,Afternoon,Indoors,0,80.0,87.0,76.0,0.0,0.0,0.0,false,water for the queue outside
67cef034b129d713c68f5243c596dac2,Basketball,intuit_dome,Intuit Dome,Inglewood Zone,la_metro,indoor,2028-07-30,12:45,15:00,gold,Afternoon,Indoors,0,84.0,88.0,82.0,0.0,0.0,0.0,false,water for the queue outside
9d511f0cf895f51f2b9b1e65c5621806,Table Tennis,la_convention_center,Los Angeles Convention Center,DTLA Zone,la_metro,indoor,2028-07-15,10:00,13:00,,Morning,Indoors,0,85.0,91.0,76.0,0.012987012987012988,0.0,0.021505376344086023,false,water for the queue outside
4f51ddd783d985af88b5747113d2b027,Table Tennis,la_convention_center,Los Angeles Convention Center,DTLA Zone,la_metro,indoor,2028-07-17,10:00,13:00,,Morning,Indoors,0,87.0,92.0,76.0,0.012987012987012988,0.0,0.021505376344086023,false,water for the queue outside
a5a1411f3063034da2f296734dab2693,Table Tennis,la_convention_center,Los Angeles Convention Center,DTLA Zone,la_metro,indoor,2028-07-22,14:00,16:00,,Afternoon,Indoors,0,88.0,96.0,85.0,0.012987012987012988,0.0,0.021505376344086023,false,water for the queue outside
3be13c8f5920e6a345507f0526e73c29,Table Tennis,la_convention_center,Los Angeles Convention Center,DTLA Zone,la_metro,indoor,2028-07-28,12:30,15:00,,Afternoon,Indoors,0,87.0,95.0,86.0,0.012987012987012988,0.0,0.021505376344086023,false,water for the queue outside
eea612f1f7dd110d4dfafb54a75cd712,Water Polo,lb_aquatics,Long Beach Aquatics Center,Long Beach Zone,la_metro,outdoor,2028-07-12,14:30,17:30,,Afternoon,Comfortable,1,78.0,82.0,76.0,0.0,0.0,0.0,true,sunscreen and a hat
eeb1fd307c0504dac1a259f90d7c43a8,Water Polo,lb_aquatics,Long Beach Aquatics Center,Long Beach Zone,la_metro,outdoor,2028-07-15,10:00,13:00,,Morning,Comfortable,1,78.0,81.0,73.0,0.0,0.0,0.0,true,sunscreen and a hat
a3834b090ec31e82fa840707cbe6dd02,Water Polo,lb_aquatics,Long Beach Aquatics Center,Long Beach Zone,la_metro,outdoor,2028-07-21,11:30,14:30,,Morning,Warm,2,79.0,85.0,77.0,0.012987012987012988,0.0,0.0,true,sunscreen and a hat; plenty of water
0bc0a558f9b7c66e919a505ce1f62d93,Handball,lb_arena,Long Beach Arena,Long Beach Zone,la_metro,indoor,2028-07-15,09:00,12:30,,Morning,Indoors,0,76.0,80.0,69.0,0.0,0.0,0.0,false,water for the queue outside
9c41e545f178270651974513c572fddb,Climbing,lb_climbing,Long Beach Climbing Theater,Long Beach Zone,la_metro,outdoor,2028-07-25,18:45,20:00,,Evening,Comfortable,1,72.0,77.0,70.0,0.0,0.0,0.0,false,""
0b22e4fb77a1ab7150100731bfeb5a83,Rowing,marine_stadium,Marine Stadium,Long Beach Zone,la_metro,outdoor,2028-07-19,08:00,10:10,gold,Morning,Comfortable,1,73.0,77.0,68.0,0.012987012987012988,0.0,0.0,false,""
fadf768eabe1e5c2937ac9463a39549e,Softball,okc_softball,Devon Park (USA Softball Hall of Fame Stadium),OKC Zone,remote,outdoor,2028-07-23,07:00,09:30,,Morning,Hot,3,88.0,93.0,82.0,0.025974025974025976,0.2597402597402597,0.021505376344086023,false,plenty of water; plan breaks in the shade
c8b2fd1fe1e19e6e6d142c05c7287fd9,Boxing - Preliminary Stages,peacock_theater,Peacock Theater,DTLA Zone,la_metro,indoor,2028-07-17,12:00,15:00,,Afternoon,Indoors,0,88.0,92.0,85.0,0.025974025974025976,0.0,0.021505376344086023,false,water for the queue outside
6004763e554373122b814c7c4b68687c,Boxing - Preliminary Stages,peacock_theater,Peacock Theater,DTLA Zone,la_metro,indoor,2028-07-20,19:00,22:00,,Evening,Indoors,0,77.0,82.0,70.0,0.012987012987012988,0.0,0.021505376344086023,false,water for the queue outside
1242871cf2becffd9e238c7e7df71c68,"Sailing (Dinghy, Skiff & Multihull)",port_of_la,Port of Los Angeles (sailing),Port of Los Angeles Zone,la_metro,outdoor,2028-07-25,14:00,20:00,,Afternoon,Warm,2,77.0,83.0,69.0,0.0,0.0,0.0,true,sunscreen and a hat; plenty of water
353ca68802b51f87a3ad0d186958b3b8,"Sailing (Dinghy, Skiff & Multihull)",port_of_la,Port of Los Angeles (sailing),Port of Los Angeles Zone,la_metro,outdoor,2028-07-26,14:00,20:00,gold,Afternoon,Warm,2,77.0,83.0,69.0,0.0,0.0,0.0,true,sunscreen and a hat; plenty of water
d65200ca732d4da410d6b6379e034889,Golf,riviera_cc,Riviera Country Club,Riviera Zone,la_metro,outdoor,2028-07-20,09:00,18:00,,Morning,Warm,2,82.0,90.0,73.0,0.025974025974025976,0.03896103896103896,0.0,true,sunscreen and a hat; plenty of water
54a27f428f20f56420d1dcfe707e4abc,Golf,riviera_cc,Riviera Country Club,Riviera Zone,la_metro,outdoor,2028-07-23,10:00,16:55,,Morning,Warm,2,83.0,91.0,76.0,0.012987012987012988,0.05194805194805195,0.0,true,sunscreen and a hat; plenty of water
127d62f7a3c9635ac3d0d1eb95b1e59c,Football (Soccer) - Final Stages,rose_bowl,Rose Bowl Stadium,Pasadena Zone,la_metro,outdoor,2028-07-25,20:30,23:30,,Evening,Comfortable,1,72.0,78.0,69.0,0.0,0.0,0.22043010752688172,false,check air quality if you are sensitive to smog
a81061d7c77684d6a8e3293bc4976a69,Football (Soccer) - Group & Knockout Stages,sd_stadium,Snapdragon Stadium,San Diego Zone,remote,outdoor,2028-07-27,18:00,21:00,,Evening,Comfortable,1,73.0,78.0,69.0,0.0,0.0,0.0,false,""
ceb701dfdecc1ad3493cfb5df6370aec,Equestrian,santa_anita,Santa Anita Park,Arcadia Zone,la_metro,outdoor,2028-07-26,09:00,11:10,gold,Morning,Warm,2,82.0,91.0,74.0,0.025974025974025976,0.05194805194805195,0.22311827956989247,true,sunscreen and a hat; plenty of water; check air quality if you are sensitive to smog
4222f165f0bccb1946b5f1f9090cf507,Skateboarding (Park),sepulveda_basin_2,Valley Complex 2 (Sepulveda Basin),Valley Zone,la_metro,outdoor,2028-07-26,20:00,21:15,gold,Evening,Comfortable,1,74.0,82.0,70.0,0.0,0.0,0.29838709677419356,false,check air quality if you are sensitive to smog
2949ba23a83339b6b29c613662b52201,3x3 Basketball,sepulveda_basin_3,Valley Complex 3 (Sepulveda Basin),Valley Zone,la_metro,outdoor,2028-07-16,14:00,16:00,,Afternoon,Warm,2,87.0,92.0,85.0,0.025974025974025976,0.0,0.29838709677419356,true,sunscreen and a hat; plenty of water; check air quality if you are sensitive to smog
40adf4298e68d2676037d8dd8661a2a6,3x3 Basketball,sepulveda_basin_3,Valley Complex 3 (Sepulveda Basin),Valley Zone,la_metro,outdoor,2028-07-20,17:30,19:30,,Evening,Comfortable,1,81.0,90.0,78.0,0.012987012987012988,0.0,0.29838709677419356,false,check air quality if you are sensitive to smog
460eebb63835bf1edcf32f5167033e54,Beach Volleyball,alamitos_beach,Alamitos Beach Stadium,Long Beach Zone,la_metro,outdoor,2028-07-18,20:00,23:00,,Evening,Comfortable,1,69.0,73.0,66.0,0.012987012987012988,0.0,0.0,false,""
53960663a3277ac7d0210bfc33213606,Beach Volleyball,alamitos_beach,Alamitos Beach Stadium,Long Beach Zone,la_metro,outdoor,2028-07-19,20:00,23:00,,Evening,Comfortable,1,69.0,73.0,67.0,0.012987012987012988,0.0,0.0,false,""
0a5e3c5b50739684798d55d148018dd3,Beach Volleyball,alamitos_beach,Alamitos Beach Stadium,Long Beach Zone,la_metro,outdoor,2028-07-27,20:00,22:00,,Evening,Comfortable,1,70.0,75.0,68.0,0.0,0.0,0.0,false,""
0ba8edab38dfbafa73922076cf5b8e50,Hockey,carson_field,Carson Field (hockey),Carson Zone,la_metro,outdoor,2028-07-12,17:00,22:00,,Evening,Comfortable,1,78.0,82.0,68.0,0.0,0.0,0.0,false,""
b3819bb84eaabcd95a557595784814d1,Hockey,carson_field,Carson Field (hockey),Carson Zone,la_metro,outdoor,2028-07-15,09:00,14:00,,Morning,Warm,2,83.0,85.0,71.0,0.0,0.0,0.0,true,sunscreen and a hat; plenty of water
4617c190c02d08a34b31f6cf92148a88,Hockey,carson_field,Carson Field (hockey),Carson Zone,la_metro,outdoor,2028-07-19,09:00,14:00,,Morning,Warm,2,83.0,87.0,72.0,0.0,0.012987012987012988,0.0,true,sunscreen and a hat; plenty of water
8d52165b1f37df0711c2288ce72ab90b,Hockey,carson_field,Carson Field (hockey),Carson Zone,la_metro,outdoor,2028-07-29,10:30,12:30,bronze,Morning,Warm,2,81.0,87.0,79.0,0.012987012987012988,0.025974025974025976,0.0,true,sunscreen and a hat; plenty of water
0d9f34bb4ed5fbb6f3f0d6ee95aec07a,Cycling Track,carson_velodrome,VELO Sports Center,Carson Zone,la_metro,indoor,2028-07-25,09:00,10:00,,Morning,Indoors,0,76.0,82.0,72.0,0.03896103896103896,0.0,0.0,false,water for the queue outside
1a052e7b933b2f8c740596b89b961962,Squash,universal_squash,Comcast Squash Center at Universal Studios,Universal City Zone,la_metro,indoor,2028-07-18,19:30,23:15,,Evening,Indoors,0,73.0,77.0,67.0,0.012987012987012988,0.0,0.15053763440860216,false,water for the queue outside
7da2ed790757a0bbe52762338d18484a,Artistic Gymnastics,crypto_arena,Crypto.com Arena,DTLA Zone,la_metro,indoor,2028-07-15,15:30,18:00,,Afternoon,Indoors,0,84.0,88.0,80.0,0.0,0.0,0.021505376344086023,false,water for the queue outside
9b2f4663e3754d7d37b088e79c7f4382,Flag Football,bmo_stadium,BMO Stadium,Exposition Park Zone,la_metro,outdoor,2028-07-18,14:00,17:15,,Afternoon,Warm,2,83.0,87.0,78.0,0.025974025974025976,0.012987012987012988,0.021505376344086023,true,sunscreen and a hat; plenty of water
b1d9e13eeb94c640bf69949483cbcb6c,Lacrosse,bmo_stadium,BMO Stadium,Exposition Park Zone,la_metro,outdoor,2028-07-26,11:30,15:00,,Morning,Warm,2,83.0,92.0,80.0,0.025974025974025976,0.05194805194805195,0.021505376344086023,true,sunscreen and a hat; plenty of water
745e23a2c6bf6c1e11a763e28b0ec01c,Badminton,galen_center,Galen Center,Exposition Park Zone,la_metro,indoor,2028-07-19,14:00,16:35,,Afternoon,Indoors,0,83.0,87.0,80.0,0.025974025974025976,0.0,0.021505376344086023,false,water for the queue outside
3e093c42812e4a77e78ad34a64b22b6c,Rhythmic Gymnastics,galen_center,Galen Center,Exposition Park Zone,la_metro,indoor,2028-07-28,13:00,15:45,,Afternoon,Indoors,0,83.0,91.0,81.0,0.0,0.0,0.021505376344086023,false,water for the queue outside
b6769977dc86e699e74dd9dc3a2303c5,Volleyball,honda_center,Honda Center,Anaheim Zone,la_metro,indoor,2028-07-16,09:00,11:30,,Morning,Indoors,0,78.0,83.0,71.0,0.0,0.0,0.008064516129032258,false,water for the queue outside
09fa9ab2e51f11717ba53f6db5f7ac7e,Volleyball,honda_center,Honda Center,Anaheim Zone,la_metro,indoor,2028-07-19,13:00,15:30,,Afternoon,Indoors,0,84.0,89.0,83.0,0.012987012987012988,0.0,0.008064516129032258,false,water for the queue outside
70295f0fe7b615b5784977db4b46920e,Volleyball,honda_center,Honda Center,Anaheim Zone,la_metro,indoor,2028-07-24,21:00,23:30,,Evening,Indoors,0,70.0,75.0,68.0,0.0,0.0,0.008064516129032258,false,water for the queue outside
b133279716f154b0f645aa89e4af2502,Mountain Bike,industry_hills,Industry Hills MTB Course,City of Industry Zone,la_metro,outdoor,2028-07-17,11:00,13:30,gold,Morning,Warm,2,89.0,95.0,83.0,0.0,0.025974025974025976,0.03494623655913978,true,sunscreen and a hat; plenty of water
4f05895107dbc3f156c756d6ac02884e,Basketball,intuit_dome,Intuit Dome,Inglewood Zone,la_metro,indoor,2028-07-12,21:30,23:15,,Evening,Indoors,0,68.0,71.0,67.0,0.0,0.0,0.0,false,water for the queue outside
47074386688b89fb2496d041b09430e2,Basketball,intuit_dome,Intuit Dome,Inglewood Zone,la_metro,indoor,2028-07-13,18:00,19:45,,Evening,Indoors,0,75.0,79.0,73.0,0.0,0.0,0.0,false,water for the queue outside
74aa94e2c54e4088a8811eea903c3d9f,Basketball,intuit_dome,Intuit Dome,Inglewood Zone,la_metro,indoor,2028-07-15,12:00,16:15,,Afternoon,Indoors,0,83.0,87.0,79.0,0.012987012987012988,0.0,0.0,false,water for the queue outside
835857e4dca220b24506c693167a350f,Basketball,intuit_dome,Intuit Dome,Inglewood Zone,la_metro,indoor,2028-07-17,21:30,23:15,,Evening,Indoors,0,68.0,72.0,68.0,0.012987012987012988,0.0,0.0,false,water for the queue outside
3441a2ca9950f17d4bbb18cd4abcb44e,Basketball,intuit_dome,Intuit Dome,Inglewood Zone,la_metro,indoor,2028-07-19,12:00,16:15,,Afternoon,Indoors,0,84.0,88.0,80.0,0.025974025974025976,0.0,0.0,false,water for the queue outside
3eff8caee55a1fdc9327275c1998ae29,Fencing,la_convention_center,Los Angeles Convention Center,DTLA Zone,la_metro,indoor,2028-07-16,18:30,22:40,gold,Evening,Indoors,0,76.0,79.0,69.0,0.012987012987012988,0.0,0.021505376344086023,false,water for the queue outside
c79223ac882847f9a51224672a9aae1b,Fencing,la_convention_center,Los Angeles Convention Center,DTLA Zone,la_metro,indoor,2028-07-19,17:30,19:40,gold,Evening,Indoors,0,80.0,84.0,77.0,0.0,0.0,0.021505376344086023,false,water for the queue outside
061b6e139e2433fbb2566a5de1724f9f,Wrestling,la_convention_center,Los Angeles Convention Center,DTLA Zone,la_metro,indoor,2028-07-24,19:00,20:00,,Evening,Indoors,0,77.0,83.0,73.0,0.0,0.0,0.021505376344086023,false,water for the queue outside
501a380bb2445291df738a9adc070330,Wrestling,la_convention_center,Los Angeles Convention Center,DTLA Zone,la_metro,indoor,2028-07-27,11:00,13:30,,Morning,Indoors,0,87.0,95.0,81.0,0.012987012987012988,0.0,0.021505376344086023,false,water for the queue outside
b95ad88446ff46bf293782cb922fed22,Wrestling,la_convention_center,Los Angeles Convention Center,DTLA Zone,la_metro,indoor,2028-07-28,11:00,13:30,,Morning,Indoors,0,87.0,95.0,81.0,0.012987012987012988,0.0,0.021505376344086023,false,water for the queue outside
11dac206a46e28068e60b572eb4745a3,Table Tennis,la_convention_center,Los Angeles Convention Center,DTLA Zone,la_metro,indoor,2028-07-16,10:00,13:00,,Morning,Indoors,0,86.0,91.0,76.0,0.012987012987012988,0.0,0.021505376344086023,false,water for the queue outside
a1c7c43ba32c42057f3634ee3d4067b6,Athletics (Track & Field),la_coliseum,Los Angeles Memorial Coliseum,Exposition Park Zone,la_metro,outdoor,2028-07-15,17:00,20:15,gold,Evening,Comfortable,1,78.0,82.0,70.0,0.0,0.0,0.021505376344086023,false,""
1df99ce3ed19ee72e848380f317d7227,Athletics (Track & Field),la_coliseum,Los Angeles Memorial Coliseum,Exposition Park Zone,la_metro,outdoor,2028-07-16,15:15,18:55,gold,Afternoon,Comfortable,1,80.0,84.0,76.0,0.012987012987012988,0.012987012987012988,0.021505376344086023,true,sunscreen and a hat
c9b8346f05acbdf32be01eca8acb8ab2,Athletics (Track & Field),la_coliseum,Los Angeles Memorial Coliseum,Exposition Park Zone,la_metro,outdoor,2028-07-23,15:30,18:10,gold,Afternoon,Warm,2,81.0,88.0,76.0,0.0,0.0,0.021505376344086023,true,sunscreen and a hat; plenty of water
b6cf6f550ed49e81a955a0ca9c9bc211,Artistic Swimming,lb_aquatics,Long Beach Aquatics Center,Long Beach Zone,la_metro,outdoor,2028-07-28,11:00,12:30,,Morning,Warm,2,77.0,83.0,76.0,0.025974025974025976,0.0,0.0,true,sunscreen and a hat; plenty of water
0e30616c84cc7cfcceeda6eb37b08e74,Water Polo,lb_aquatics,Long Beach Aquatics Center,Long Beach Zone,la_metro,outdoor,2028-07-17,10:00,13:00,,Morning,Comfortable,1,78.0,82.0,73.0,0.0,0.0,0.0,true,sunscreen and a hat
6b41ae2737af549477110fe6f0b18441,Water Polo,lb_aquatics,Long Beach Aquatics Center,Long Beach Zone,la_metro,outdoor,2028-07-18,10:00,13:00,,Morning,Comfortable,1,78.0,82.0,73.0,0.0,0.0,0.0,true,sunscreen and a hat
c90a8f0162e51cbbda44771b75ac3651,Handball,lb_arena,Long Beach Arena,Long Beach Zone,la_metro,indoor,2028-07-12,09:00,12:30,,Morning,Indoors,0,76.0,81.0,69.0,0.0,0.0,0.0,false,water for the queue outside
bf6c28e6be874bb6080ce508565ade5b,Handball,lb_arena,Long Beach Arena,Long Beach Zone,la_metro,indoor,2028-07-13,14:00,17:30,,Afternoon,Indoors,0,78.0,82.0,76.0,0.0,0.0,0.0,false,water for the queue outside
88cb46cd94949722038413f0f82e5afd,Handball,lb_arena,Long Beach Arena,Long Beach Zone,la_metro,indoor,2028-07-20,14:00,17:30,,Afternoon,Indoors,0,79.0,85.0,76.0,0.025974025974025976,0.0,0.0,false,water for the queue outside
d5da9ba8a4ce9833ebf390268e9f7b97,Handball,lb_arena,Long Beach Arena,Long Beach Zone,la_metro,indoor,2028-07-21,19:00,22:30,,Evening,Indoors,0,73.0,77.0,68.0,0.012987012987012988,0.0,0.0,false,water for the queue outside
4d298e4205110df119e8b6adda4ab004,Climbing,lb_climbing,Long Beach Climbing Theater,Long Beach Zone,la_metro,outdoor,2028-07-28,09:00,10:55,gold,Morning,Comfortable,1,74.0,78.0,70.0,0.025974025974025976,0.0,0.0,false,""
5c0686aeb09b5595a940eacf1b9702e1,Canoe Slalom,okc_whitewater,Riversport OKC,OKC Zone,remote,outdoor,2028-07-20,07:00,10:05,,Morning,Hot,3,90.0,95.0,82.0,0.07792207792207792,0.5454545454545454,0.01881720430107527,true,sunscreen and a hat; plenty of water; plan breaks in the shade
63a8d532d3e45d7af2afd06604ef0ff4,Boxing - Preliminary Stages,peacock_theater,Peacock Theater,DTLA Zone,la_metro,indoor,2028-07-17,19:00,22:00,,Evening,Indoors,0,77.0,79.0,69.0,0.012987012987012988,0.0,0.021505376344086023,false,water for the queue outside
55580311b70c1cdcb3cd9c3e687b4ab9,Boxing - Preliminary Stages,peacock_theater,Peacock Theater,DTLA Zone,la_metro,indoor,2028-07-20,12:00,15:00,,Afternoon,Indoors,0,89.0,94.0,85.0,0.025974025974025976,0.0,0.021505376344086023,false,water for the queue outside
c405071415761e75224098188da33902,Weightlifting,peacock_theater,Peacock Theater,DTLA Zone,la_metro,indoor,2028-07-26,20:50,23:00,gold,Evening,Indoors,0,71.0,76.0,69.0,0.0,0.0,0.021505376344086023,false,water for the queue outside
9b0b8d69aca24f381b16023403a6bda4,"Sailing (Dinghy, Skiff & Multihull)",port_of_la,Port of Los Angeles (sailing),Port of Los Angeles Zone,la_metro,outdoor,2028-07-27,14:00,20:00,gold,Afternoon,Warm,2,76.0,83.0,69.0,0.0,0.0,0.0,true,sunscreen and a hat; plenty of water
10ca97f702d0b4b264f13e5c5433aac8,Golf,riviera_cc,Riviera Country Club,Riviera Zone,la_metro,outdoor,2028-07-21,09:00,18:00,,Morning,Warm,2,83.0,91.0,73.0,0.025974025974025976,0.05194805194805195,0.0,true,sunscreen and a hat; plenty of water
1fe2d6a06a76dfff85cb75780384bccf,Diving,rose_bowl_aquatics,Rose Bowl Aquatics Center,Pasadena Zone,la_metro,outdoor,2028-07-21,15:30,16:45,gold,Afternoon,Warm,2,87.0,95.0,87.0,0.025974025974025976,0.06493506493506493,0.22043010752688172,true,sunscreen and a hat; plenty of water; check air quality if you are sensitive to smog
7c976eeb1ce03a7a51cb41dfd9ad77f8,Equestrian,santa_anita,Santa Anita Park,Arcadia Zone,la_metro,outdoor,2028-07-20,16:15,19:00,,Afternoon,Warm,2,86.0,92.0,79.0,0.012987012987012988,0.0,0.22311827956989247,false,plenty of water; check air quality if you are sensitive to smog
c917903b28e972d6222ab70409c4ca20,Equestrian,santa_anita,Santa Anita Park,Arcadia Zone,la_metro,outdoor,2028-07-22,09:00,11:45,,Morning,Warm,2,83.0,91.0,75.0,0.012987012987012988,0.05194805194805195,0.22311827956989247,true,sunscreen and a hat; plenty of water; check air quality if you are sensitive to smog
151d78f085f2718f024e65968a8e9802,Skateboarding (Street),sepulveda_basin_1,Valley Complex 1 (Sepulveda Basin),Valley Zone,la_metro,outdoor,2028-07-19,10:30,13:40,,Morning,Warm,2,87.0,93.0,82.0,0.0,0.05194805194805195,0.29838709677419356,true,sunscreen and a hat; plenty of water; check air quality if you are sensitive to smog
75c1bb2877c60b7ca5eebf1eb164c177,Swimming,sofi_stadium,SoFi Stadium,Inglewood Zone,la_metro,covered,2028-07-29,18:00,20:00,gold,Evening,Comfortable,1,76.0,83.0,71.0,0.0,0.0,0.0,false,""
af8c3393bae70a01c6ad9dcf10f5110b,Beach Volleyball,alamitos_beach,Alamitos Beach Stadium,Long Beach Zone,la_metro,outdoor,2028-07-21,20:00,23:00,,Evening,Comfortable,1,70.0,74.0,67.0,0.012987012987012988,0.0,0.0,false,""
b3aeb42c3f927841639c49e96e87d845,Beach Volleyball,alamitos_beach,Alamitos Beach Stadium,Long Beach Zone,la_metro,outdoor,2028-07-24,13:00,15:00,,Afternoon,Warm,2,79.0,87.0,78.0,0.0,0.0,0.0,true,sunscreen and a hat; plenty of water
23473ff53b2093525bd44a55ea1156b3,Rowing Coastal Beach Sprints,belmont_shore,Belmont Shore,Long Beach Zone,la_metro,outdoor,2028-07-24,14:30,16:50,gold,Afternoon,Warm,2,80.0,88.0,79.0,0.0,0.0,0.0,true,sunscreen and a hat; plenty of water
9cdcf7391233df6edb5d71810d015f3d,Tennis,carson_tennis,Carson Tennis Center (Dignity Health Sports Park),Carson Zone,la_metro,outdoor,2028-07-21,18:30,23:30,,Evening,Comfortable,1,74.0,79.0,69.0,0.012987012987012988,0.0,0.0,false,""
bc6c57cf67449e0fb8bb1b70a3475ae4,Hockey,carson_field,Carson Field (hockey),Carson Zone,la_metro,outdoor,2028-07-21,09:00,14:00,,Morning,Warm,2,84.0,90.0,73.0,0.012987012987012988,0.03896103896103896,0.0,true,sunscreen and a hat; plenty of water
b2e57dec91a7bf80bd784fdfb96771eb,Hockey,carson_field,Carson Field (hockey),Carson Zone,la_metro,outdoor,2028-07-25,17:00,22:00,,Evening,Comfortable,1,79.0,86.0,69.0,0.0,0.0,0.0,false,""
33b548f0b475a3a294066c4ecd86be90,Hockey,carson_field,Carson Field (hockey),Carson Zone,la_metro,outdoor,2028-07-26,20:00,22:00,,Evening,Comfortable,1,71.0,76.0,69.0,0.0,0.0,0.0,false,""
2d46d5fa491bb465d563ba34d492831b,Hockey,carson_field,Carson Field (hockey),Carson Zone,la_metro,outdoor,2028-07-28,10:30,12:30,bronze,Morning,Warm,2,80.0,88.0,79.0,0.012987012987012988,0.03896103896103896,0.0,true,sunscreen and a hat; plenty of water
955a8539006937a9ff4d377356951ca0,Archery,carson_stadium,Carson Stadium (Dignity Health Sports Park),Carson Zone,la_metro,outdoor,2028-07-22,09:30,12:35,,Morning,Warm,2,82.0,89.0,77.0,0.012987012987012988,0.05194805194805195,0.0,true,sunscreen and a hat; plenty of water
043d12e0291227c1bb9c101b5ac54610,Archery,carson_stadium,Carson Stadium (Dignity Health Sports Park),Carson Zone,la_metro,outdoor,2028-07-26,10:30,13:05,,Morning,Warm,2,82.0,91.0,79.0,0.025974025974025976,0.05194805194805195,0.0,true,sunscreen and a hat; plenty of water
6860efeb481bc3706633a4336a9290c9,Rugby Sevens,carson_stadium,Carson Stadium (Dignity Health Sports Park),Carson Zone,la_metro,outdoor,2028-07-13,16:00,19:00,,Afternoon,Comfortable,1,80.0,83.0,74.0,0.0,0.0,0.0,true,sunscreen and a hat
660aad60767659f123bf6c535a272ae6,Lacrosse,bmo_stadium,BMO Stadium,Exposition Park Zone,la_metro,outdoor,2028-07-27,11:30,15:00,,Morning,Warm,2,83.0,91.0,80.0,0.025974025974025976,0.03896103896103896,0.021505376344086023,true,sunscreen and a hat; plenty of water
79a1fd3e75890e412964433f5ef6c748,Badminton,galen_center,Galen Center,Exposition Park Zone,la_metro,indoor,2028-07-15,18:30,23:05,,Evening,Indoors,0,73.0,77.0,67.0,0.0,0.0,0.021505376344086023,false,water for the queue outside
2ba9abf1ed9d578e37245107e8a072ed,Badminton,galen_center,Galen Center,Exposition Park Zone,la_metro,indoor,2028-07-20,20:00,23:25,,Evening,Indoors,0,71.0,76.0,69.0,0.012987012987012988,0.0,0.021505376344086023,false,water for the queue outside
4093b13e096f9311f30787fbfc1667e4,Volleyball,honda_center,Honda Center,Anaheim Zone,la_metro,indoor,2028-07-21,09:00,11:30,,Morning,Indoors,0,80.0,86.0,72.0,0.0,0.0,0.008064516129032258,false,water for the queue outside
3420a8a346dd209511480d7e064f3ea4,Volleyball,honda_center,Honda Center,Anaheim Zone,la_metro,indoor,2028-07-22,13:00,15:30,,Afternoon,Indoors,0,85.0,93.0,84.0,0.0,0.0,0.008064516129032258,false,water for the queue outside
360f6d2a6dfe966ceba8605280c03e8e,Volleyball,honda_center,Honda Center,Anaheim Zone,la_metro,indoor,2028-07-23,21:00,23:30,,Evening,Indoors,0,70.0,75.0,68.0,0.0,0.0,0.008064516129032258,false,water for the queue outside
7b866970bf82bfe99baf9b187f791443,Volleyball,honda_center,Honda Center,Anaheim Zone,la_metro,indoor,2028-07-26,11:00,13:30,,Morning,Indoors,0,83.0,92.0,79.0,0.025974025974025976,0.0,0.008064516129032258,false,water for the queue outside
b4956441e0add567150a6ba6d07b005e,Basketball,intuit_dome,Intuit Dome,Inglewood Zone,la_metro,indoor,2028-07-24,20:00,22:00,,Evening,Indoors,0,71.0,76.0,69.0,0.0,0.0,0.0,false,water for the queue outside
de83186f46b75325bdc74c4d960872fb,Taekwondo,la_convention_center,Los Angeles Convention Center,DTLA Zone,la_metro,indoor,2028-07-26,09:00,13:00,,Morning,Indoors,0,87.0,96.0,71.0,0.03896103896103896,0.0,0.021505376344086023,false,water for the queue outside
3ad6ed533697d1539478d564f21e450f,Judo,la_convention_center,Los Angeles Convention Center,DTLA Zone,la_metro,indoor,2028-07-21,16:00,19:00,gold,Afternoon,Indoors,0,85.0,92.0,77.0,0.012987012987012988,0.0,0.021505376344086023,false,water for the queue outside
2ca2c6a8097a6203a25229d8ca9e67a3,Judo,la_convention_center,Los Angeles Convention Center,DTLA Zone,la_metro,indoor,2028-07-22,16:00,19:00,gold,Afternoon,Indoors,0,86.0,93.0,77.0,0.012987012987012988,0.0,0.021505376344086023,false,water for the queue outside
1d14ca6d84c716258b0996811c14c794,Table Tennis,la_convention_center,Los Angeles Convention Center,DTLA Zone,la_metro,indoor,2028-07-18,10:00,13:00,,Morning,Indoors,0,87.0,92.0,76.0,0.012987012987012988,0.0,0.021505376344086023,false,water for the queue outside
8352bd9b7773bbda85f87d52f16a560e,Athletics (Track & Field),la_coliseum,Los Angeles Memorial Coliseum,Exposition Park Zone,la_metro,outdoor,2028-07-17,09:00,14:00,gold,Morning,Warm,2,83.0,87.0,72.0,0.012987012987012988,0.0,0.021505376344086023,true,sunscreen and a hat; plenty of water
0cf0aec0a990ff752f0e402aa1ab48a4,Athletics (Track & Field),la_coliseum,Los Angeles Memorial Coliseum,Exposition Park Zone,la_metro,outdoor,2028-07-20,15:30,18:30,gold,Afternoon,Comfortable,1,80.0,85.0,76.0,0.012987012987012988,0.012987012987012988,0.021505376344086023,true,sunscreen and a hat
3810fdaabc316c4702a04f7f0b7ba0a9,Athletics (Track & Field),la_coliseum,Los Angeles Memorial Coliseum,Exposition Park Zone,la_metro,outdoor,2028-07-24,16:25,18:25,gold,Afternoon,Comfortable,1,78.0,85.0,76.0,0.0,0.0,0.021505376344086023,true,sunscreen and a hat
fa4bcca316fe44aa173f05d35ef7753e,Cycling Road (Time Trial - Start),la_zoo,Los Angeles Zoo (time trial start),Griffith Park Zone,la_metro,outdoor,2028-07-19,10:30,14:30,gold,Morning,Warm,2,89.0,95.0,82.0,0.025974025974025976,0.05194805194805195,0.15053763440860216,true,sunscreen and a hat; plenty of water; check air quality if you are sensitive to smog
7852b82d1eb7931dae3a2283264e8de5,Climbing,lb_climbing,Long Beach Climbing Theater,Long Beach Zone,la_metro,outdoor,2028-07-24,13:45,15:25,,Afternoon,Warm,2,79.0,87.0,78.0,0.0,0.0,0.0,true,sunscreen and a hat; plenty of water
6016df1e902ee866d0480b4249461fe7,Climbing,lb_climbing,Long Beach Climbing Theater,Long Beach Zone,la_metro,outdoor,2028-07-26,09:00,10:30,gold,Morning,Comfortable,1,74.0,78.0,71.0,0.025974025974025976,0.0,0.0,false,""
69f2c4faf9181573a0b1686039bad10b,Shooting (Rifle & Pistol),lb_shooting_hall,Long Beach Target Shooting Hall,Long Beach Zone,la_metro,indoor,2028-07-17,15:00,21:00,gold,Afternoon,Indoors,0,78.0,82.0,68.0,0.012987012987012988,0.0,0.0,false,water for the queue outside
e06f0b525c2d3d533971cff3432e762c,Canoe Slalom,okc_whitewater,Riversport OKC,OKC Zone,remote,outdoor,2028-07-21,07:00,09:00,,Morning,Hot,3,88.0,92.0,82.0,0.025974025974025976,0.18181818181818182,0.01881720430107527,false,plenty of water; plan breaks in the shade
d51f6c49ec01f214d722b42b53b52d37,Boxing - Preliminary Stages,peacock_theater,Peacock Theater,DTLA Zone,la_metro,indoor,2028-07-18,19:00,22:00,,Evening,Indoors,0,77.0,80.0,69.0,0.012987012987012988,0.0,0.021505376344086023,false,water for the queue outside
7611f43af29138d9d82dc901aaf3eb4a,Weightlifting,peacock_theater,Peacock Theater,DTLA Zone,la_metro,indoor,2028-07-25,20:50,23:00,gold,Evening,Indoors,0,71.0,76.0,69.0,0.0,0.0,0.021505376344086023,false,water for the queue outside
4b3b74efd967c9d907c7191962d7f979,"Sailing (Dinghy, Skiff & Multihull)",port_of_la,Port of Los Angeles (sailing),Port of Los Angeles Zone,la_metro,outdoor,2028-07-24,14:00,20:00,,Afternoon,Warm,2,78.0,83.0,69.0,0.0,0.0,0.0,true,sunscreen and a hat; plenty of water
051f7863e212a5f7d01f01f554cd1f70,Golf,riviera_cc,Riviera Country Club,Riviera Zone,la_metro,outdoor,2028-07-27,09:00,18:00,,Morning,Warm,2,82.0,91.0,72.0,0.012987012987012988,0.03896103896103896,0.0,true,sunscreen and a hat; plenty of water
5c4152e9761efe18e3f175072ae0c179,3x3 Basketball,sepulveda_basin_3,Valley Complex 3 (Sepulveda Basin),Valley Zone,la_metro,outdoor,2028-07-17,21:00,23:00,,Evening,Comfortable,1,69.0,74.0,67.0,0.012987012987012988,0.0,0.29838709677419356,false,check air quality if you are sensitive to smog
c952f61136263ac4fc30674ca036c436,Athletics (Marathon - Start),venice_boardwalk,Venice Beach Boardwalk,Venice Zone,la_metro,outdoor,2028-07-30,07:15,10:15,gold,Morning,Comfortable,1,74.0,79.0,68.0,0.012987012987012988,0.0,0.0,false,""
09eeec090288815798d054d45620dacb,Cycling Road (Road Race - Start),venice_boardwalk,Venice Beach Boardwalk,Venice Zone,la_metro,outdoor,2028-07-22,11:30,16:15,gold,Morning,Warm,2,78.0,89.0,74.0,0.012987012987012988,0.025974025974025976,0.0,true,sunscreen and a hat; plenty of water
94ddae2373ffc101db26851b1eb3939f,Shooting (Shotgun),whittier_narrows,Whittier Narrows Clay Shooting Center,Whittier Narrows Zone,la_metro,outdoor,2028-07-22,09:30,17:15,gold,Morning,Hot,3,90.0,100.0,78.0,0.025974025974025976,0.14285714285714285,0.0456989247311828,true,sunscreen and a hat; plenty of water; plan breaks in the shade
5cdc106acc0fe06312d1cfe54ed044e5,Tennis,carson_tennis,Carson Tennis Center (Dignity Health Sports Park),Carson Zone,la_metro,outdoor,2028-07-19,18:30,23:30,,Evening,Comfortable,1,74.0,76.0,68.0,0.012987012987012988,0.0,0.0,false,""
37bfae92fc40a6894d778f80b799cd96,Tennis,carson_tennis,Carson Tennis Center (Dignity Health Sports Park),Carson Zone,la_metro,outdoor,2028-07-19,18:30,23:30,,Evening,Comfortable,1,74.0,76.0,68.0,0.012987012987012988,0.0,0.0,false,""
cfde508b5f6a7e9ff29a09f416d614c6,Tennis,carson_tennis,Carson Tennis Center (Dignity Health Sports Park),Carson Zone,la_metro,outdoor,2028-07-25,11:00,16:30,,Morning,Warm,2,83.0,92.0,79.0,0.025974025974025976,0.03896103896103896,0.0,true,sunscreen and a hat; plenty of water
08f350e359c87b7acf65565879f1bbbf,Tennis,carson_tennis,Carson Tennis Center (Dignity Health Sports Park),Carson Zone,la_metro,outdoor,2028-07-25,11:00,20:00,,Morning,Warm,2,83.0,92.0,71.0,0.025974025974025976,0.03896103896103896,0.0,true,sunscreen and a hat; plenty of water
09b6926e38058f0e3ad9abe1d59ecbf5,Tennis,carson_tennis,Carson Tennis Center (Dignity Health Sports Park),Carson Zone,la_metro,outdoor,2028-07-25,11:00,20:00,,Morning,Warm,2,83.0,92.0,71.0,0.025974025974025976,0.03896103896103896,0.0,true,sunscreen and a hat; plenty of water
0e5bfd731c78a3f7f5072f1b529c860d,Tennis,carson_tennis,Carson Tennis Center (Dignity Health Sports Park),Carson Zone,la_metro,outdoor,2028-07-25,11:00,20:00,,Morning,Warm,2,83.0,92.0,71.0,0.025974025974025976,0.03896103896103896,0.0,true,sunscreen and a hat; plenty of water
1ef6e3857f9f1ca95fe61d4f6db094b0,Hockey,carson_field,Carson Field (hockey),Carson Zone,la_metro,outdoor,2028-07-17,17:00,22:00,,Evening,Comfortable,1,79.0,82.0,68.0,0.012987012987012988,0.0,0.0,false,""
f718a7c4644a2b61ae37980dfeebb5d2,Hockey,carson_field,Carson Field (hockey),Carson Zone,la_metro,outdoor,2028-07-27,09:00,11:00,,Morning,Warm,2,79.0,85.0,72.0,0.05194805194805195,0.012987012987012988,0.0,true,sunscreen and a hat; plenty of water
b7e00a2d67894fbbc346820542ce13d0,Archery,carson_stadium,Carson Stadium (Dignity Health Sports Park),Carson Zone,la_metro,outdoor,2028-07-19,13:30,16:30,,Afternoon,Warm,2,83.0,87.0,80.0,0.012987012987012988,0.0,0.0,true,sunscreen and a hat; plenty of water
e0570cee735e1b16972140178cc28d9f,Archery,carson_stadium,Carson Stadium (Dignity Health Sports Park),Carson Zone,la_metro,outdoor,2028-07-25,10:30,12:40,,Morning,Warm,2,81.0,90.0,79.0,0.025974025974025976,0.03896103896103896,0.0,true,sunscreen and a hat; plenty of water
70a1e34b5be245d376f62b8fdfe0cb0a,Rugby Sevens,carson_stadium,Carson Stadium (Dignity Health Sports Park),Carson Zone,la_metro,outdoor,2028-07-18,13:00,16:00,,Afternoon,Warm,2,83.0,87.0,80.0,0.012987012987012988,0.0,0.0,true,sunscreen and a hat; plenty of water
0ff6d32f33f28e86db4ca76c6d9f5df8,Cycling Track,carson_velodrome,VELO Sports Center,Carson Zone,la_metro,indoor,2028-07-28,13:00,15:15,gold,Afternoon,Indoors,0,82.0,90.0,81.0,0.0,0.0,0.0,false,water for the queue outside
6bd77a4d931a01c7ffa08ef513898aaf,Artistic Gymnastics,crypto_arena,Crypto.com Arena,DTLA Zone,la_metro,indoor,2028-07-25,16:00,18:30,gold,Afternoon,Indoors,0,85.0,93.0,80.0,0.0,0.0,0.021505376344086023,false,water for the queue outside
b3ec4a40cf41b1a1137754a844ac060e,Lacrosse,bmo_stadium,BMO Stadium,Exposition Park Zone,la_metro,outdoor,2028-07-24,11:30,15:00,,Morning,Warm,2,84.0,92.0,81.0,0.025974025974025976,0.05194805194805195,0.021505376344086023,true,sunscreen and a hat; plenty of water
2f73f7d77f182e46e759fb7d351fc90f,Lacrosse,bmo_stadium,BMO Stadium,Exposition Park Zone,la_metro,outdoor,2028-07-25,11:30,15:00,,Morning,Warm,2,84.0,92.0,81.0,0.025974025974025976,0.05194805194805195,0.021505376344086023,true,sunscreen and a hat; plenty of water
381efca004272b866ff598b626023df0,Lacrosse,bmo_stadium,BMO Stadium,Exposition Park Zone,la_metro,outdoor,2028-07-28,11:30,15:00,,Morning,Warm,2,83.0,91.0,81.0,0.012987012987012988,0.03896103896103896,0.021505376344086023,true,sunscreen and a hat; plenty of water
c66656dcd68cc8e9c94994c926c422de,Cricket,fairplex_cricket,Fairgrounds Cricket Stadium (Fairplex),Pomona Zone,la_metro,outdoor,2028-07-12,18:00,21:30,,Evening,Comfortable,1,86.0,90.0,73.0,0.0,0.0,0.4327956989247312,false,check air quality if you are sensitive to smog
711ca6bae891c3dead0607131c130810,Cricket,fairplex_cricket,Fairgrounds Cricket Stadium (Fairplex),Pomona Zone,la_metro,outdoor,2028-07-13,18:00,21:30,,Evening,Comfortable,1,85.0,90.0,72.0,0.0,0.0,0.4327956989247312,false,check air quality if you are sensitive to smog
c11a3d13bc0f347443be1237a595d4fa,Badminton,galen_center,Galen Center,Exposition Park Zone,la_metro,indoor,2028-07-15,08:00,12:15,,Morning,Indoors,0,82.0,86.0,67.0,0.012987012987012988,0.0,0.021505376344086023,false,water for the queue outside
be7402296f52cd82608d04309fe5051e,Badminton,galen_center,Galen Center,Exposition Park Zone,la_metro,indoor,2028-07-16,18:00,23:05,,Evening,Indoors,0,76.0,80.0,68.0,0.012987012987012988,0.0,0.021505376344086023,false,water for the queue outside
b2e60dc061332802d39a366c04895cac,Volleyball,honda_center,Honda Center,Anaheim Zone,la_metro,indoor,2028-07-21,21:00,23:30,,Evening,Indoors,0,70.0,74.0,68.0,0.012987012987012988,0.0,0.008064516129032258,false,water for the queue outside
c79e6b9c98fc32660e24cf9f15723a70,Volleyball,honda_center,Honda Center,Anaheim Zone,la_metro,indoor,2028-07-23,09:00,11:30,,Morning,Indoors,0,80.0,86.0,72.0,0.012987012987012988,0.0,0.008064516129032258,false,water for the queue outside
e3b668ccc811de215c6357191b6bfa63,Basketball,intuit_dome,Intuit Dome,Inglewood Zone,la_metro,indoor,2028-07-12,18:00,19:45,,Evening,Indoors,0,76.0,79.0,73.0,0.0,0.0,0.0,false,water for the queue outside
90464127b8749434974405f7ac3d9b50,Basketball,intuit_dome,Intuit Dome,Inglewood Zone,la_metro,indoor,2028-07-13,21:30,23:15,,Evening,Indoors,0,68.0,71.0,67.0,0.0,0.0,0.0,false,water for the queue outside
553ada0941b88808d77224b1bc6c87ca,Basketball,intuit_dome,Intuit Dome,Inglewood Zone,la_metro,indoor,2028-07-17,18:00,19:45,,Evening,Indoors,0,76.0,79.0,73.0,0.0,0.0,0.0,false,water for the queue outside
41af56e4edefdecafb5cf5b711a68e96,Basketball,intuit_dome,Intuit Dome,Inglewood Zone,la_metro,indoor,2028-07-27,16:00,18:00,,Afternoon,Indoors,0,80.0,86.0,76.0,0.0,0.0,0.0,false,water for the queue outside
c9df1de48e7a35501a106ae1cf0364f3,Fencing,la_convention_center,Los Angeles Convention Center,DTLA Zone,la_metro,indoor,2028-07-20,18:30,21:40,gold,Evening,Indoors,0,77.0,82.0,71.0,0.012987012987012988,0.0,0.021505376344086023,false,water for the queue outside
5f6c055661a7bf577fcd8557052f36b5,Fencing,la_convention_center,Los Angeles Convention Center,DTLA Zone,la_metro,indoor,2028-07-23,18:30,21:40,gold,Evening,Indoors,0,77.0,83.0,72.0,0.0,0.0,0.021505376344086023,false,water for the queue outside
a665187dd7f5106e088d84d20b9e8ffe,Judo,la_convention_center,Los Angeles Convention Center,DTLA Zone,la_metro,indoor,2028-07-15,16:00,19:00,gold,Afternoon,Indoors,0,84.0,88.0,76.0,0.0,0.0,0.021505376344086023,false,water for the queue outside
c10d8014e089ba8886038a736af4e65b,Judo,la_convention_center,Los Angeles Convention Center,DTLA Zone,la_metro,indoor,2028-07-16,16:00,19:00,gold,Afternoon,Indoors,0,84.0,89.0,76.0,0.012987012987012988,0.0,0.021505376344086023,false,water for the queue outside
68db1b40e5ec02788cf9d9bcda214893,Wrestling,la_convention_center,Los Angeles Convention Center,DTLA Zone,la_metro,indoor,2028-07-29,11:00,13:30,,Morning,Indoors,0,87.0,93.0,82.0,0.012987012987012988,0.0,0.021505376344086023,false,water for the queue outside
4e6dee2820a8475158c0a1f00f0ffb07,Table Tennis,la_convention_center,Los Angeles Convention Center,DTLA Zone,la_metro,indoor,2028-07-20,10:00,13:00,,Morning,Indoors,0,88.0,93.0,76.0,0.012987012987012988,0.0,0.021505376344086023,false,water for the queue outside
5916379cb29762fa58f5eafc037cae64,Table Tennis,la_convention_center,Los Angeles Convention Center,DTLA Zone,la_metro,indoor,2028-07-21,15:00,18:00,,Afternoon,Indoors,0,87.0,94.0,80.0,0.012987012987012988,0.0,0.021505376344086023,false,water for the queue outside
fb75c13c8cfb67f3cb854046d7a67cff,Table Tennis,la_convention_center,Los Angeles Convention Center,DTLA Zone,la_metro,indoor,2028-07-25,17:00,22:00,,Evening,Indoors,0,83.0,90.0,70.0,0.0,0.0,0.021505376344086023,false,water for the queue outside
d9b601c58d508c275be3490bf5acc409,Table Tennis,la_convention_center,Los Angeles Convention Center,DTLA Zone,la_metro,indoor,2028-07-26,17:00,22:00,,Evening,Indoors,0,83.0,89.0,70.0,0.0,0.0,0.021505376344086023,false,water for the queue outside
0d38916cebf4567142c91adcf96f94c1,Water Polo,lb_aquatics,Long Beach Aquatics Center,Long Beach Zone,la_metro,outdoor,2028-07-19,11:30,14:30,,Morning,Comfortable,1,79.0,83.0,76.0,0.0,0.0,0.0,true,sunscreen and a hat
fff41df0cfc752cb26d62813cd416e35,Handball,lb_arena,Long Beach Arena,Long Beach Zone,la_metro,indoor,2028-07-16,14:00,17:30,,Afternoon,Indoors,0,78.0,82.0,75.0,0.025974025974025976,0.0,0.0,false,water for the queue outside
6a00da769283635b938c6db4756a704e,Handball,lb_arena,Long Beach Arena,Long Beach Zone,la_metro,indoor,2028-07-18,14:00,17:30,,Afternoon,Indoors,0,78.0,82.0,76.0,0.025974025974025976,0.0,0.0,false,water for the queue outside
cd5b76b179228c98727efb9a115acea6,Handball,lb_arena,Long Beach Arena,Long Beach Zone,la_metro,indoor,2028-07-19,19:00,22:30,,Evening,Indoors,0,72.0,75.0,67.0,0.012987012987012988,0.0,0.0,false,water for the queue outside
40938229c93eb3c88fdb994ffc25cbd1,Handball,lb_arena,Long Beach Arena,Long Beach Zone,la_metro,indoor,2028-07-23,16:00,18:00,,Afternoon,Indoors,0,78.0,86.0,75.0,0.0,0.0,0.0,false,water for the queue outside
cd94dc04783f783950dee568da3b6b81,Canoe Sprint,marine_stadium,Marine Stadium,Long Beach Zone,la_metro,outdoor,2028-07-27,09:00,13:30,,Morning,Warm,2,78.0,85.0,71.0,0.03896103896103896,0.0,0.0,true,sunscreen and a hat; plenty of water
ba6360e7723117fe61ae8125ffa5878d,Canoe Sprint,marine_stadium,Marine Stadium,Long Beach Zone,la_metro,outdoor,2028-07-29,09:00,12:55,gold,Morning,Warm,2,78.0,83.0,71.0,0.012987012987012988,0.0,0.0,true,sunscreen and a hat; plenty of water
9f6b0d30e88c4fd32328bc9e47150335,Rowing,marine_stadium,Marine Stadium,Long Beach Zone,la_metro,outdoor,2028-07-15,12:00,13:50,,Afternoon,Comfortable,1,78.0,82.0,76.0,0.0,0.0,0.0,true,sunscreen and a hat
4b1d1a57afab69f463f52dae727d2307,Softball,okc_softball,Devon Park (USA Softball Hall of Fame Stadium),OKC Zone,remote,outdoor,2028-07-24,07:00,09:30,,Morning,Hot,3,88.0,92.0,81.0,0.025974025974025976,0.2727272727272727,0.021505376344086023,false,plenty of water; plan breaks in the shade
6b6a1ca6928a9f7b93abfbdc62385e48,Golf,riviera_cc,Riviera Country Club,Riviera Zone,la_metro,outdoor,2028-07-19,09:00,18:00,,Morning,Warm,2,82.0,88.0,73.0,0.025974025974025976,0.025974025974025976,0.0,true,sunscreen and a hat; plenty of water
16b5cb96053c30e81d70bcb3dbd0cbd4,Golf,riviera_cc,Riviera Country Club,Riviera Zone,la_metro,outdoor,2028-07-28,09:00,18:00,,Morning,Warm,2,82.0,91.0,72.0,0.025974025974025976,0.025974025974025976,0.0,true,sunscreen and a hat; plenty of water
5355ae09210dc9dfe425e7fbfa814225,Diving,rose_bowl_aquatics,Rose Bowl Aquatics Center,Pasadena Zone,la_metro,outdoor,2028-07-22,15:30,16:45,gold,Afternoon,Warm,2,88.0,96.0,88.0,0.012987012987012988,0.06493506493506493,0.22043010752688172,true,sunscreen and a hat; plenty of water; check air quality if you are sensitive to smog
227aedf20a8c1277cabb1cd1b5eea627,Football (Soccer) - Final Stages,rose_bowl,Rose Bowl Stadium,Pasadena Zone,la_metro,outdoor,2028-07-29,12:30,15:30,gold,Afternoon,Hot,3,91.0,97.0,88.0,0.012987012987012988,0.19480519480519481,0.22043010752688172,true,sunscreen and a hat; plenty of water; plan breaks in the shade; check air quality if you are sensitive to smog
9abb44177520161f6e459b8b9f83d751,3x3 Basketball,sepulveda_basin_3,Valley Complex 3 (Sepulveda Basin),Valley Zone,la_metro,outdoor,2028-07-16,17:30,19:30,,Evening,Comfortable,1,81.0,85.0,77.0,0.012987012987012988,0.0,0.29838709677419356,false,check air quality if you are sensitive to smog
c69fa352c1b2ca8ae6d9f6e49fc22144,3x3 Basketball,sepulveda_basin_3,Valley Complex 3 (Sepulveda Basin),Valley Zone,la_metro,outdoor,2028-07-20,14:00,16:00,,Afternoon,Warm,2,87.0,96.0,86.0,0.025974025974025976,0.06493506493506493,0.29838709677419356,true,sunscreen and a hat; plenty of water; check air quality if you are sensitive to smog
253904f421270038d67e6bec700dfef3,Athletics (Marathon - Start),venice_boardwalk,Venice Beach Boardwalk,Venice Zone,la_metro,outdoor,2028-07-29,07:15,10:15,gold,Morning,Comfortable,1,74.0,81.0,68.0,0.025974025974025976,0.0,0.0,false,""
c26f6d32686744f914b1511716d985f3,Swimming,sofi_stadium,SoFi Stadium,Inglewood Zone,la_metro,covered,2028-07-30,15:00,16:30,gold,Afternoon,Comfortable,1,82.0,88.0,80.0,0.0,0.0,0.0,false,""
28e8632665228d3909b52fd13e0163d6,Beach Volleyball,alamitos_beach,Alamitos Beach Stadium,Long Beach Zone,la_metro,outdoor,2028-07-15,14:00,18:00,,Afternoon,Comfortable,1,78.0,81.0,74.0,0.012987012987012988,0.0,0.0,true,sunscreen and a hat
4c29ba332716d61b312259023406b9dd,Beach Volleyball,alamitos_beach,Alamitos Beach Stadium,Long Beach Zone,la_metro,outdoor,2028-07-20,14:00,18:00,,Afternoon,Warm,2,80.0,85.0,74.0,0.025974025974025976,0.0,0.0,true,sunscreen and a hat; plenty of water
ab85bf0cfd7bece985745b65520e27f2,Tennis,carson_tennis,Carson Tennis Center (Dignity Health Sports Park),Carson Zone,la_metro,outdoor,2028-07-24,11:00,16:30,,Morning,Warm,2,83.0,92.0,79.0,0.025974025974025976,0.03896103896103896,0.0,true,sunscreen and a hat; plenty of water
ecd714750bf5b9f01113b23a74972761,Tennis,carson_tennis,Carson Tennis Center (Dignity Health Sports Park),Carson Zone,la_metro,outdoor,2028-07-24,11:00,20:00,,Morning,Warm,2,83.0,92.0,71.0,0.025974025974025976,0.03896103896103896,0.0,true,sunscreen and a hat; plenty of water
31bb489f7e237b14b084e18b16ad74ee,Tennis,carson_tennis,Carson Tennis Center (Dignity Health Sports Park),Carson Zone,la_metro,outdoor,2028-07-24,11:00,20:00,,Morning,Warm,2,83.0,92.0,71.0,0.025974025974025976,0.03896103896103896,0.0,true,sunscreen and a hat; plenty of water
b425832ad5708adbc8ee1fbcff5bc07f,Tennis,carson_tennis,Carson Tennis Center (Dignity Health Sports Park),Carson Zone,la_metro,outdoor,2028-07-24,11:00,20:00,,Morning,Warm,2,83.0,92.0,71.0,0.025974025974025976,0.03896103896103896,0.0,true,sunscreen and a hat; plenty of water
8b71c90d7cf4dc5d7c6dc6ab4cbe2892,Hockey,carson_field,Carson Field (hockey),Carson Zone,la_metro,outdoor,2028-07-24,09:00,14:00,,Morning,Warm,2,83.0,92.0,73.0,0.05194805194805195,0.03896103896103896,0.0,true,sunscreen and a hat; plenty of water
9cf15d5ae62411cd70960909c2f985f6,Archery,carson_stadium,Carson Stadium (Dignity Health Sports Park),Carson Zone,la_metro,outdoor,2028-07-23,20:00,22:35,,Evening,Comfortable,1,71.0,76.0,69.0,0.0,0.0,0.0,false,""
ee8ff05da4716e4def2f63a4878b67bc,Cycling Track,carson_velodrome,VELO Sports Center,Carson Zone,la_metro,indoor,2028-07-29,11:00,14:35,gold,Morning,Indoors,0,82.0,88.0,79.0,0.012987012987012988,0.0,0.0,false,water for the queue outside
22d840d569e89cef9adb4f04c76cc723,Squash,universal_squash,Comcast Squash Center at Universal Studios,Universal City Zone,la_metro,indoor,2028-07-19,19:30,23:15,,Evening,Indoors,0,73.0,78.0,67.0,0.012987012987012988,0.0,0.15053763440860216,false,water for the queue outside
823862b693e8f3e88c23b2ae8b90ba49,Artistic Gymnastics,crypto_arena,Crypto.com Arena,DTLA Zone,la_metro,indoor,2028-07-20,18:00,20:30,gold,Evening,Indoors,0,80.0,86.0,73.0,0.012987012987012988,0.0,0.021505376344086023,false,water for the queue outside
c31c7b3be58ba1be8439a68b8d1cdb3e,Artistic Gymnastics,crypto_arena,Crypto.com Arena,DTLA Zone,la_metro,indoor,2028-07-23,11:00,13:45,gold,Morning,Indoors,0,87.0,96.0,82.0,0.012987012987012988,0.0,0.021505376344086023,false,water for the queue outside
7b10120c8279b0695acd3fa5bf27d6a0,Boxing - Final Stages,crypto_arena,Crypto.com Arena,DTLA Zone,la_metro,indoor,2028-07-28,12:00,13:30,gold,Afternoon,Indoors,0,87.0,95.0,84.0,0.012987012987012988,0.0,0.021505376344086023,false,water for the queue outside
712387f69731a6d34f7fbfe3ad01db93,Flag Football,bmo_stadium,BMO Stadium,Exposition Park Zone,la_metro,outdoor,2028-07-19,14:00,17:15,,Afternoon,Warm,2,83.0,87.0,78.0,0.025974025974025976,0.012987012987012988,0.021505376344086023,true,sunscreen and a hat; plenty of water
5df9a7473bfc6f67eaaac7923fc4faf5,Cricket,fairplex_cricket,Fairgrounds Cricket Stadium (Fairplex),Pomona Zone,la_metro,outdoor,2028-07-17,09:00,12:30,,Morning,Warm,2,87.0,92.0,74.0,0.012987012987012988,0.025974025974025976,0.4327956989247312,true,sunscreen and a hat; plenty of water; check air quality if you are sensitive to smog
d77a03b804c0885d2af9a151abf53d00,Cricket,fairplex_cricket,Fairgrounds Cricket Stadium (Fairplex),Pomona Zone,la_metro,outdoor,2028-07-20,09:00,13:00,gold,Morning,Warm,2,90.0,96.0,74.0,0.025974025974025976,0.09090909090909091,0.4327956989247312,true,sunscreen and a hat; plenty of water; check air quality if you are sensitive to smog
bf946afe0b45d77630816dfdbf0ab634,Cricket,fairplex_cricket,Fairgrounds Cricket Stadium (Fairplex),Pomona Zone,la_metro,outdoor,2028-07-22,09:00,12:30,,Morning,Hot,3,88.0,96.0,74.0,0.025974025974025976,0.12987012987012986,0.4327956989247312,true,sunscreen and a hat; plenty of water; plan breaks in the shade; check air quality if you are sensitive to smog
f22b23f408a5bcd5c0a30c715c5e5158,Cricket,fairplex_cricket,Fairgrounds Cricket Stadium (Fairplex),Pomona Zone,la_metro,outdoor,2028-07-23,09:00,12:30,,Morning,Hot,3,87.0,96.0,74.0,0.03896103896103896,0.15584415584415584,0.4327956989247312,true,sunscreen and a hat; plenty of water; plan breaks in the shade; check air quality if you are sensitive to smog
ea05f8f6f31cb0e4df59019ddfc27cbc,Badminton,galen_center,Galen Center,Exposition Park Zone,la_metro,indoor,2028-07-17,14:00,16:35,,Afternoon,Indoors,0,82.0,86.0,80.0,0.025974025974025976,0.0,0.021505376344086023,false,water for the queue outside
b1f91dd32f725562c3dced4e27512c27,Volleyball,honda_center,Honda Center,Anaheim Zone,la_metro,indoor,2028-07-16,21:00,23:30,,Evening,Indoors,0,69.0,72.0,67.0,0.012987012987012988,0.0,0.008064516129032258,false,water for the queue outside
09b64a1747e7d6a89855053e36d2d658,Volleyball,honda_center,Honda Center,Anaheim Zone,la_metro,indoor,2028-07-17,13:00,15:30,,Afternoon,Indoors,0,83.0,88.0,82.0,0.012987012987012988,0.0,0.008064516129032258,false,water for the queue outside
54c5ca5234720928a54ae456ac12a432,Volleyball,honda_center,Honda Center,Anaheim Zone,la_metro,indoor,2028-07-24,09:00,11:30,,Morning,Indoors,0,80.0,86.0,72.0,0.012987012987012988,0.0,0.008064516129032258,false,water for the queue outside
f4cc1c3d08af1143576962ae34711189,Volleyball,honda_center,Honda Center,Anaheim Zone,la_metro,indoor,2028-07-25,17:00,19:30,,Evening,Indoors,0,80.0,87.0,74.0,0.0,0.0,0.008064516129032258,false,water for the queue outside
a9f791dfa0b2105293915a747ffb0194,Volleyball,honda_center,Honda Center,Anaheim Zone,la_metro,indoor,2028-07-30,10:00,13:15,gold,Morning,Indoors,0,84.0,89.0,75.0,0.012987012987012988,0.0,0.008064516129032258,false,water for the queue outside
5ce254fb7db03273b87665de5f512b9e,Basketball,intuit_dome,Intuit Dome,Inglewood Zone,la_metro,indoor,2028-07-22,20:00,22:00,,Evening,Indoors,0,71.0,76.0,70.0,0.012987012987012988,0.0,0.0,false,water for the queue outside
c55f19d880a0285ee9827ab448304389,Basketball,intuit_dome,Intuit Dome,Inglewood Zone,la_metro,indoor,2028-07-25,20:00,22:00,,Evening,Indoors,0,71.0,76.0,70.0,0.0,0.0,0.0,false,water for the queue outside
d6551a66a9c527256a45887b453f912c,Fencing,la_convention_center,Los Angeles Convention Center,DTLA Zone,la_metro,indoor,2028-07-17,09:00,16:20,,Morning,Indoors,0,88.0,92.0,71.0,0.03896103896103896,0.0,0.021505376344086023,false,water for the queue outside
22db8fb75ec9543160da3f4f312e8be8,Taekwondo,la_convention_center,Los Angeles Convention Center,DTLA Zone,la_metro,indoor,2028-07-29,15:00,18:00,,Afternoon,Indoors,0,87.0,92.0,80.0,0.0,0.0,0.021505376344086023,false,water for the queue outside
fb6856e9029f26fea87845b9237deccb,Taekwondo,la_convention_center,Los Angeles Convention Center,DTLA Zone,la_metro,indoor,2028-07-29,19:30,23:00,gold,Evening,Indoors,0,74.0,78.0,69.0,0.0,0.0,0.021505376344086023,false,water for the queue outside
a010173b71be7ce750dfd924e4ff8a57,Wrestling,la_convention_center,Los Angeles Convention Center,DTLA Zone,la_metro,indoor,2028-07-26,11:00,13:30,,Morning,Indoors,0,87.0,96.0,81.0,0.012987012987012988,0.0,0.021505376344086023,false,water for the queue outside
b402b2b5758b1b53caf525099ecbe213,Table Tennis,la_convention_center,Los Angeles Convention Center,DTLA Zone,la_metro,indoor,2028-07-19,10:00,13:00,,Morning,Indoors,0,88.0,92.0,76.0,0.012987012987012988,0.0,0.021505376344086023,false,water for the queue outside
8667649a03e908055bf76fa867acfc9f,Table Tennis,la_convention_center,Los Angeles Convention Center,DTLA Zone,la_metro,indoor,2028-07-25,10:00,15:00,,Morning,Indoors,0,88.0,97.0,76.0,0.025974025974025976,0.0,0.021505376344086023,false,water for the queue outside
a581c8e1744466f2e401f78b89554ca5,Table Tennis,la_convention_center,Los Angeles Convention Center,DTLA Zone,la_metro,indoor,2028-07-26,10:00,15:00,,Morning,Indoors,0,87.0,97.0,77.0,0.025974025974025976,0.0,0.021505376344086023,false,water for the queue outside
9c111207bfb3e32b1699ab2e32f9fd5c,Water Polo,lb_aquatics,Long Beach Aquatics Center,Long Beach Zone,la_metro,outdoor,2028-07-16,14:30,17:30,,Afternoon,Comfortable,1,78.0,81.0,75.0,0.012987012987012988,0.0,0.0,true,sunscreen and a hat
2db0e0882d83b4d75c62f7d3af8171fc,Water Polo,lb_aquatics,Long Beach Aquatics Center,Long Beach Zone,la_metro,outdoor,2028-07-17,19:00,22:00,,Evening,Comfortable,1,72.0,75.0,67.0,0.012987012987012988,0.0,0.0,false,""
6619c09883a880230fea4977d177db3e,Water Polo,lb_aquatics,Long Beach Aquatics Center,Long Beach Zone,la_metro,outdoor,2028-07-18,19:00,22:00,,Evening,Comfortable,1,72.0,75.0,67.0,0.012987012987012988,0.0,0.0,false,""
314e596139b35f6d323fe0a61c201642,Water Polo,lb_aquatics,Long Beach Aquatics Center,Long Beach Zone,la_metro,outdoor,2028-07-20,11:30,14:30,,Morning,Warm,2,79.0,85.0,76.0,0.0,0.0,0.0,true,sunscreen and a hat; plenty of water
e98600e157f69868f90fa90f12a80531,Handball,lb_arena,Long Beach Arena,Long Beach Zone,la_metro,indoor,2028-07-17,09:00,12:30,,Morning,Indoors,0,76.0,81.0,69.0,0.0,0.0,0.0,false,water for the queue outside
823834014725d40af900de7df207942b,Handball,lb_arena,Long Beach Arena,Long Beach Zone,la_metro,indoor,2028-07-27,09:30,11:30,bronze,Morning,Indoors,0,76.0,81.0,74.0,0.025974025974025976,0.0,0.0,false,water for the queue outside
6bc132d723a0c20dc527e5ffd1760281,Softball,okc_softball,Devon Park (USA Softball Hall of Fame Stadium),OKC Zone,remote,outdoor,2028-07-25,14:00,16:30,,Afternoon,Very hot,4,94.0,100.0,93.0,0.06493506493506493,0.6623376623376623,0.021505376344086023,true,sunscreen and a hat; plenty of water; plan breaks in the shade
8cf5cf77cfd8576f58c31d3fb37f6ebb,Softball,okc_softball,Devon Park (USA Softball Hall of Fame Stadium),OKC Zone,remote,outdoor,2028-07-26,07:00,09:30,,Morning,Hot,3,88.0,92.0,82.0,0.07792207792207792,0.2987012987012987,0.021505376344086023,false,plenty of water; plan breaks in the shade
9bbd784ca200fe632d371aa646d73d25,Canoe Slalom,okc_whitewater,Riversport OKC,OKC Zone,remote,outdoor,2028-07-14,07:00,10:10,,Morning,Hot,3,89.0,94.0,81.0,0.09090909090909091,0.38961038961038963,0.01881720430107527,true,sunscreen and a hat; plenty of water; plan breaks in the shade
d50bf83870cc7c3cf17ed9f97ce69331,Boxing - Preliminary Stages,peacock_theater,Peacock Theater,DTLA Zone,la_metro,indoor,2028-07-21,19:00,22:00,,Evening,Indoors,0,77.0,83.0,70.0,0.012987012987012988,0.0,0.021505376344086023,false,water for the queue outside
a7845f593239f41199310fa474f23999,Football (Soccer) - Group & Knockout Stages,sd_stadium,Snapdragon Stadium,San Diego Zone,remote,outdoor,2028-07-24,13:00,16:00,,Afternoon,Warm,2,77.0,84.0,75.0,0.0,0.0,0.0,true,sunscreen and a hat; plenty of water
37fc83e3281ecc763b900cb7bb4de353,Equestrian,santa_anita,Santa Anita Park,Arcadia Zone,la_metro,outdoor,2028-07-28,08:00,12:00,,Morning,Hot,3,86.0,93.0,70.0,0.025974025974025976,0.11688311688311688,0.22311827956989247,true,sunscreen and a hat; plenty of water; plan breaks in the shade; check air quality if you are sensitive to smog
008ddae7f49b3d434a6d9d67ba0adf30,Skateboarding (Street),sepulveda_basin_1,Valley Complex 1 (Sepulveda Basin),Valley Zone,la_metro,outdoor,2028-07-19,20:30,22:00,gold,Evening,Comfortable,1,70.0,77.0,68.0,0.012987012987012988,0.0,0.29838709677419356,false,check air quality if you are sensitive to smog
18a11d3ec1e73aafc2a978645e86dfce,Modern Pentathlon,sepulveda_basin_2,Valley Complex 2 (Sepulveda Basin),Valley Zone,la_metro,outdoor,2028-07-16,09:00,13:30,,Morning,Warm,2,87.0,91.0,73.0,0.012987012987012988,0.05194805194805195,0.29838709677419356,true,sunscreen and a hat; plenty of water; check air quality if you are sensitive to smog
06f1d5263f444f020210939f1fb8fc61,Modern Pentathlon,sepulveda_basin_2,Valley Complex 2 (Sepulveda Basin),Valley Zone,la_metro,outdoor,2028-07-17,09:00,11:00,gold,Morning,Warm,2,82.0,87.0,74.0,0.012987012987012988,0.012987012987012988,0.29838709677419356,true,sunscreen and a hat; plenty of water; check air quality if you are sensitive to smog
f66a0d12a9ba5a372a8c16171222a546,Skateboarding (Park),sepulveda_basin_2,Valley Complex 2 (Sepulveda Basin),Valley Zone,la_metro,outdoor,2028-07-25,10:30,13:30,,Morning,Hot,3,86.0,96.0,83.0,0.012987012987012988,0.19480519480519481,0.29838709677419356,true,sunscreen and a hat; plenty of water; plan breaks in the shade; check air quality if you are sensitive to smog
e16356dbb89260c7327b8ae50e52ccb5,3x3 Basketball,sepulveda_basin_3,Valley Complex 3 (Sepulveda Basin),Valley Zone,la_metro,outdoor,2028-07-18,17:30,19:30,,Evening,Comfortable,1,81.0,88.0,77.0,0.012987012987012988,0.0,0.29838709677419356,false,check air quality if you are sensitive to smog
0dc4b2d14cf6e1824f2276c8bdd0c147,3x3 Basketball,sepulveda_basin_3,Valley Complex 3 (Sepulveda Basin),Valley Zone,la_metro,outdoor,2028-07-19,17:30,19:30,,Evening,Comfortable,1,81.0,88.0,77.0,0.012987012987012988,0.0,0.29838709677419356,false,check air quality if you are sensitive to smog
f17acbc45bc2e30f143844aef4da65bb,Cycling Road (Road Race - Start),venice_boardwalk,Venice Beach Boardwalk,Venice Zone,la_metro,outdoor,2028-07-23,09:00,16:15,gold,Morning,Warm,2,78.0,89.0,72.0,0.012987012987012988,0.025974025974025976,0.0,true,sunscreen and a hat; plenty of water
74ee80c6b81c4ea5adc5c72af5bd6738,Beach Volleyball,alamitos_beach,Alamitos Beach Stadium,Long Beach Zone,la_metro,outdoor,2028-07-25,20:00,22:00,,Evening,Comfortable,1,70.0,75.0,68.0,0.0,0.0,0.0,false,""
035b1673ef393e436df0733b95dc945f,Beach Volleyball,alamitos_beach,Alamitos Beach Stadium,Long Beach Zone,la_metro,outdoor,2028-07-26,20:00,22:00,,Evening,Comfortable,1,70.0,75.0,68.0,0.0,0.0,0.0,false,""
93c0e880fed947e8b2fc40850ffb10cd,Sailing (Windsurfing & Kite),belmont_shore,Belmont Shore,Long Beach Zone,la_metro,outdoor,2028-07-17,14:00,20:00,,Afternoon,Comfortable,1,79.0,84.0,71.0,0.025974025974025976,0.0,0.0,true,sunscreen and a hat
e1e609afaabc628a1c00454c70c897e3,Tennis,carson_tennis,Carson Tennis Center (Dignity Health Sports Park),Carson Zone,la_metro,outdoor,2028-07-26,11:00,16:30,,Morning,Warm,2,82.0,92.0,79.0,0.025974025974025976,0.05194805194805195,0.0,true,sunscreen and a hat; plenty of water
e5f4b3258e121e7c8deb262d8348ee63,Hockey,carson_field,Carson Field (hockey),Carson Zone,la_metro,outdoor,2028-07-18,09:00,14:00,,Morning,Warm,2,83.0,87.0,72.0,0.0,0.012987012987012988,0.0,true,sunscreen and a hat; plenty of water
c530b45111a544b312a7f8ffb44bcc2d,Hockey,carson_field,Carson Field (hockey),Carson Zone,la_metro,outdoor,2028-07-20,17:00,22:00,,Evening,Comfortable,1,79.0,82.0,69.0,0.012987012987012988,0.0,0.0,false,""
9a671c6cba75806515ebfaadfa2c3cee,Hockey,carson_field,Carson Field (hockey),Carson Zone,la_metro,outdoor,2028-07-23,17:00,22:00,,Evening,Comfortable,1,79.0,86.0,69.0,0.0,0.0,0.0,false,""
7f38b3b9446c848dee1bd094ba71ee57,Hockey,carson_field,Carson Field (hockey),Carson Zone,la_metro,outdoor,2028-07-27,19:30,21:30,,Evening,Comfortable,1,71.0,76.0,70.0,0.0,0.0,0.0,false,""
6dc8987b55069ecaaa56d0ff24eaff6e,Archery,carson_stadium,Carson Stadium (Dignity Health Sports Park),Carson Zone,la_metro,outdoor,2028-07-22,20:00,22:35,,Evening,Comfortable,1,71.0,76.0,69.0,0.012987012987012988,0.0,0.0,false,""
5ed195755441130a77cedd27d3fdbdd4,Archery,carson_stadium,Carson Stadium (Dignity Health Sports Park),Carson Zone,la_metro,outdoor,2028-07-24,10:30,12:40,,Morning,Warm,2,81.0,90.0,79.0,0.025974025974025976,0.03896103896103896,0.0,true,sunscreen and a hat; plenty of water
4044b8ed2e5d8fc89369378e7b555bc6,Rugby Sevens,carson_stadium,Carson Stadium (Dignity Health Sports Park),Carson Zone,la_metro,outdoor,2028-07-13,10:00,13:00,,Morning,Warm,2,82.0,86.0,75.0,0.0,0.0,0.0,true,sunscreen and a hat; plenty of water
dacf50dee2c4e520fb8df78f92d12ab0,Squash,universal_squash,Comcast Squash Center at Universal Studios,Universal City Zone,la_metro,indoor,2028-07-16,19:30,23:15,,Evening,Indoors,0,72.0,76.0,66.0,0.012987012987012988,0.0,0.15053763440860216,false,water for the queue outside
e83009042c477a0ddd9fae9cdcc14ae4,Squash,universal_squash,Comcast Squash Center at Universal Studios,Universal City Zone,la_metro,indoor,2028-07-21,20:30,23:15,,Evening,Indoors,0,70.0,76.0,67.0,0.012987012987012988,0.0,0.15053763440860216,false,water for the queue outside
c7f933fd2bfa7357be4615265c31f7b5,Artistic Gymnastics,crypto_arena,Crypto.com Arena,DTLA Zone,la_metro,indoor,2028-07-16,09:45,13:35,,Morning,Indoors,0,86.0,91.0,76.0,0.012987012987012988,0.0,0.021505376344086023,false,water for the queue outside
b5bfa12168b2d3c76c1b8db537c7551f,Artistic Gymnastics,crypto_arena,Crypto.com Arena,DTLA Zone,la_metro,indoor,2028-07-17,17:15,20:30,gold,Evening,Indoors,0,80.0,83.0,73.0,0.012987012987012988,0.0,0.021505376344086023,false,water for the queue outside
ec6288f1971e09c52dcd7f1a33da6038,Boxing - Final Stages,crypto_arena,Crypto.com Arena,DTLA Zone,la_metro,indoor,2028-07-29,12:00,13:30,gold,Afternoon,Indoors,0,87.0,93.0,85.0,0.012987012987012988,0.0,0.021505376344086023,false,water for the queue outside
388927671dcdaa833d261726a6ab51d2,Baseball,dodger_stadium,Dodger Stadium,DTLA Zone,la_metro,outdoor,2028-07-13,19:00,22:00,,Evening,Comfortable,1,76.0,80.0,68.0,0.0,0.0,0.021505376344086023,false,""
6e06d9ac2c00bf5aefbdc2e196a4a20e,Flag Football,bmo_stadium,BMO Stadium,Exposition Park Zone,la_metro,outdoor,2028-07-19,19:00,22:15,,Evening,Comfortable,1,73.0,78.0,69.0,0.012987012987012988,0.0,0.021505376344086023,false,""
f03289658bfd4e7d86bbefc041a9db96,Cricket,fairplex_cricket,Fairgrounds Cricket Stadium (Fairplex),Pomona Zone,la_metro,outdoor,2028-07-12,09:00,12:30,,Morning,Warm,2,87.0,93.0,73.0,0.0,0.0,0.4327956989247312,true,sunscreen and a hat; plenty of water; check air quality if you are sensitive to smog
8f6250a517dfbc4ea52c8e75e97b2deb,Cricket,fairplex_cricket,Fairgrounds Cricket Stadium (Fairplex),Pomona Zone,la_metro,outdoor,2028-07-13,09:00,12:30,,Morning,Warm,2,87.0,92.0,74.0,0.0,0.0,0.4327956989247312,true,sunscreen and a hat; plenty of water; check air quality if you are sensitive to smog
a61a623b41e6d194fbe17c41f947014b,Badminton,galen_center,Galen Center,Exposition Park Zone,la_metro,indoor,2028-07-17,08:00,11:25,,Morning,Indoors,0,80.0,84.0,68.0,0.012987012987012988,0.0,0.021505376344086023,false,water for the queue outside
3bf9548e7682fe4521c68f66288a8754,Badminton,galen_center,Galen Center,Exposition Park Zone,la_metro,indoor,2028-07-17,19:00,23:05,,Evening,Indoors,0,73.0,77.0,68.0,0.012987012987012988,0.0,0.021505376344086023,false,water for the queue outside
75f1e5e177eb956dd2af9f2049bf3aa2,Badminton,galen_center,Galen Center,Exposition Park Zone,la_metro,indoor,2028-07-22,18:30,23:15,,Evening,Indoors,0,74.0,80.0,69.0,0.012987012987012988,0.0,0.021505376344086023,false,water for the queue outside
cb8354e63d55ce53a9c04f6e5f835dd0,Volleyball,honda_center,Honda Center,Anaheim Zone,la_metro,indoor,2028-07-17,17:00,19:30,,Evening,Indoors,0,79.0,84.0,74.0,0.012987012987012988,0.0,0.008064516129032258,false,water for the queue outside
247559e9d8978ce7bb4315fec965ba02,Volleyball,honda_center,Honda Center,Anaheim Zone,la_metro,indoor,2028-07-20,21:00,23:30,,Evening,Indoors,0,70.0,74.0,68.0,0.012987012987012988,0.0,0.008064516129032258,false,water for the queue outside
004aacbf2552472e23dec9d70877b084,Volleyball,honda_center,Honda Center,Anaheim Zone,la_metro,indoor,2028-07-25,13:00,15:30,,Afternoon,Indoors,0,84.0,93.0,83.0,0.0,0.0,0.008064516129032258,false,water for the queue outside
a639659b53c773afa6ab2470d332a4f0,Basketball,intuit_dome,Intuit Dome,Inglewood Zone,la_metro,indoor,2028-07-18,12:00,16:15,,Afternoon,Indoors,0,83.0,88.0,79.0,0.025974025974025976,0.0,0.0,false,water for the queue outside
19d9ff3177f3ed2431691b2b6764650f,Fencing,la_convention_center,Los Angeles Convention Center,DTLA Zone,la_metro,indoor,2028-07-15,18:30,22:20,gold,Evening,Indoors,0,76.0,79.0,69.0,0.0,0.0,0.021505376344086023,false,water for the queue outside
5e2792c7ec4d16cf1ec175315ec619ec,Fencing,la_convention_center,Los Angeles Convention Center,DTLA Zone,la_metro,indoor,2028-07-18,09:00,14:30,,Morning,Indoors,0,88.0,93.0,72.0,0.025974025974025976,0.0,0.021505376344086023,false,water for the queue outside
f6ee082f08230631ddd9019900448769,Fencing,la_convention_center,Los Angeles Convention Center,DTLA Zone,la_metro,indoor,2028-07-22,18:30,21:20,gold,Evening,Indoors,0,77.0,83.0,72.0,0.012987012987012988,0.0,0.021505376344086023,false,water for the queue outside
647e61e965b65f616cf479aab2ea4ce1,Judo,la_convention_center,Los Angeles Convention Center,DTLA Zone,la_metro,indoor,2028-07-21,10:00,14:00,,Morning,Indoors,0,89.0,96.0,78.0,0.025974025974025976,0.0,0.021505376344086023,false,water for the queue outside
f22021f5b61f911306f72b092ac686f4,Table Tennis,la_convention_center,Los Angeles Convention Center,DTLA Zone,la_metro,indoor,2028-07-23,21:00,23:15,gold,Evening,Indoors,0,72.0,76.0,69.0,0.0,0.0,0.021505376344086023,false,water for the queue outside
fd549344bf87208bd18b7c8b5ecaa5f1,Table Tennis,la_convention_center,Los Angeles Convention Center,DTLA Zone,la_metro,indoor,2028-07-28,20:00,22:30,,Evening,Indoors,0,73.0,78.0,70.0,0.0,0.0,0.021505376344086023,false,water for the queue outside
72888634380b422697ab5089574e4416,Handball,lb_arena,Long Beach Arena,Long Beach Zone,la_metro,indoor,2028-07-22,09:00,12:30,,Morning,Indoors,0,77.0,84.0,71.0,0.025974025974025976,0.0,0.0,false,water for the queue outside
e3fed8204afaf9f306f91e762ea0290a,Handball,lb_arena,Long Beach Arena,Long Beach Zone,la_metro,indoor,2028-07-28,09:30,11:30,bronze,Morning,Indoors,0,76.0,81.0,74.0,0.025974025974025976,0.0,0.0,false,water for the queue outside
07982a0c7ea3d15edc43dee606aa7cce,Shooting (Rifle & Pistol),lb_shooting_hall,Long Beach Target Shooting Hall,Long Beach Zone,la_metro,indoor,2028-07-22,09:30,17:30,,Morning,Indoors,0,80.0,87.0,74.0,0.03896103896103896,0.0,0.0,false,water for the queue outside
22b5df38093dd91d227049a548e9b149,Rowing,marine_stadium,Marine Stadium,Long Beach Zone,la_metro,outdoor,2028-07-18,13:30,16:00,gold,Afternoon,Comfortable,1,79.0,84.0,78.0,0.012987012987012988,0.0,0.0,true,sunscreen and a hat
5904075e4d2d4ffcacef70acf737e959,Rowing,marine_stadium,Marine Stadium,Long Beach Zone,la_metro,outdoor,2028-07-20,09:00,11:00,gold,Morning,Comfortable,1,76.0,81.0,71.0,0.012987012987012988,0.0,0.0,true,sunscreen and a hat
278d0c1ab8cadc719077aa5e54317068,Weightlifting,peacock_theater,Peacock Theater,DTLA Zone,la_metro,indoor,2028-07-27,20:50,23:00,gold,Evening,Indoors,0,71.0,76.0,69.0,0.0,0.0,0.021505376344086023,false,water for the queue outside
ca218c02e4cb56a15ba16f10caa311f0,Weightlifting,peacock_theater,Peacock Theater,DTLA Zone,la_metro,indoor,2028-07-28,20:50,23:00,gold,Evening,Indoors,0,71.0,76.0,69.0,0.0,0.0,0.021505376344086023,false,water for the queue outside
80363cce38632d8b7a92f6f6dd2d2f11,Golf,riviera_cc,Riviera Country Club,Riviera Zone,la_metro,outdoor,2028-07-29,09:00,18:30,gold,Morning,Warm,2,83.0,91.0,72.0,0.025974025974025976,0.03896103896103896,0.0,true,sunscreen and a hat; plenty of water
ce40f807f0d4ea41dd6e8882a5aa44a0,Equestrian,santa_anita,Santa Anita Park,Arcadia Zone,la_metro,outdoor,2028-07-15,16:30,19:00,,Afternoon,Warm,2,86.0,89.0,79.0,0.0,0.0,0.22311827956989247,false,plenty of water; check air quality if you are sensitive to smog
ae01df91008e15d6fb3be28a6f4a7854,Equestrian,santa_anita,Santa Anita Park,Arcadia Zone,la_metro,outdoor,2028-07-21,09:00,11:45,,Morning,Warm,2,83.0,91.0,74.0,0.0,0.03896103896103896,0.22311827956989247,true,sunscreen and a hat; plenty of water; check air quality if you are sensitive to smog
db44c4f6534bd9b47d0d669baf79b805,Equestrian,santa_anita,Santa Anita Park,Arcadia Zone,la_metro,outdoor,2028-07-24,08:30,12:00,gold,Morning,Hot,3,86.0,95.0,74.0,0.025974025974025976,0.12987012987012986,0.22311827956989247,true,sunscreen and a hat; plenty of water; plan breaks in the shade; check air quality if you are sensitive to smog
2b1170ca3fb809e650c769b98d4bda26,Equestrian,santa_anita,Santa Anita Park,Arcadia Zone,la_metro,outdoor,2028-07-25,09:00,12:00,,Morning,Hot,3,86.0,94.0,74.0,0.025974025974025976,0.12987012987012986,0.22311827956989247,true,sunscreen and a hat; plenty of water; plan breaks in the shade; check air quality if you are sensitive to smog
11ea30345db592929448a0fb0ef315d2,Surfing,trestles,Trestles State Beach,Trestles Beach Zone,socal,outdoor,2028-07-18,07:00,17:30,gold,Morning,Comfortable,1,76.0,79.0,66.0,0.05194805194805195,0.0,,true,sunscreen and a hat
c3eedd6c746f1349c28183d6d6b3fca4,Surfing,trestles,Trestles State Beach,Trestles Beach Zone,socal,outdoor,2028-07-16,07:00,16:30,,Morning,Comfortable,1,76.0,79.0,66.0,0.03896103896103896,0.0,,true,sunscreen and a hat
01bcb9eac7cf8b087842534739035033,Surfing,trestles,Trestles State Beach,Trestles Beach Zone,socal,outdoor,2028-07-17,07:00,16:30,,Morning,Comfortable,1,76.0,79.0,66.0,0.05194805194805195,0.0,,true,sunscreen and a hat
03a7d2acdb381b0b07600b3d1d1663a5,Surfing,trestles,Trestles State Beach,Trestles Beach Zone,socal,outdoor,2028-07-15,07:00,16:30,,Morning,Comfortable,1,75.0,78.0,66.0,0.025974025974025976,0.0,,true,sunscreen and a hat
5289e68acec1d2f0339ea660141b9460,Football (Soccer) - Group & Knockout Stages,nashville_stadium,GEODIS Park,Nashville Zone,remote,outdoor,2028-07-17,,,,,Not yet scheduled,,,,,,,0.010752688172043012,,
d96094a6e4be016cc5421c923b935a49,Football (Soccer) - Group & Knockout Stages,nashville_stadium,GEODIS Park,Nashville Zone,remote,outdoor,2028-07-17,,,,,Not yet scheduled,,,,,,,0.010752688172043012,,
e62c15e350750f2c97b407833d16622f,Football (Soccer) - Group & Knockout Stages,sd_stadium,Snapdragon Stadium,San Diego Zone,remote,outdoor,2028-07-17,,,,,Not yet scheduled,,,,,,,0.0,,
00c1a9d8821bb0001b92d6f5e5818a9c,Football (Soccer) - Group & Knockout Stages,sd_stadium,Snapdragon Stadium,San Diego Zone,remote,outdoor,2028-07-17,,,,,Not yet scheduled,,,,,,,0.0,,
f364c5b0b53c0fc27772f508f8c73e2b,Football (Soccer) - Group & Knockout Stages,nashville_stadium,GEODIS Park,Nashville Zone,remote,outdoor,2028-07-21,,,,,Not yet scheduled,,,,,,,0.010752688172043012,,
57a48eb90afa7c46701d4002c2f333a9,Football (Soccer) - Final Stages,rose_bowl,Rose Bowl Stadium,Pasadena Zone,la_metro,outdoor,2028-07-21,,,,,Not yet scheduled,,,,,,,0.22043010752688172,,
3c7ce6a04a0f18153542801618e4943b,Football (Soccer) - Group & Knockout Stages,nashville_stadium,GEODIS Park,Nashville Zone,remote,outdoor,2028-07-13,,,,,Not yet scheduled,,,,,,,0.010752688172043012,,
89aa93e5816ab640e52c2129a38c20b3,Opening Ceremony,sofi_stadium,SoFi Stadium,Ceremonies,la_metro,covered,2028-07-14,17:00,,,Evening,Not yet scheduled,,,,,,,0.0,false,
99d0bf12425a0bd0599b1ce7d741d7eb,Football (Soccer) - Group & Knockout Stages,sj_stadium,PayPal Park,San José Zone,remote,outdoor,2028-07-11,,,,,Not yet scheduled,,,,,,,0.0064516129032258064,,
f590c5be9c98518dfdf290fc08092101,Football (Soccer) - Group & Knockout Stages,sj_stadium,PayPal Park,San José Zone,remote,outdoor,2028-07-11,,,,,Not yet scheduled,,,,,,,0.0064516129032258064,,
b091ef2b12d716153179bf2728a13212,Football (Soccer) - Group & Knockout Stages,stl_stadium,Energizer Park,St. Louis Zone,remote,outdoor,2028-07-13,,,,,Not yet scheduled,,,,,,,0.016129032258064516,,
ee219adb1fc9d8a27ee327511a3d40a2,Football (Soccer) - Group & Knockout Stages,columbus_stadium,ScottsMiracle-Gro Field,Columbus Zone,remote,outdoor,2028-07-20,,,,,Not yet scheduled,,,,,,,0.002688172043010753,,
55c1834ff6ff1c62dfc378696186de59,Football (Soccer) - Group & Knockout Stages,stl_stadium,Energizer Park,St. Louis Zone,remote,outdoor,2028-07-11,,,,,Not yet scheduled,,,,,,,0.016129032258064516,,
4298d81c4d3aa3ef64c76090ce20095d,Closing Ceremony,la_coliseum,Los Angeles Memorial Coliseum,Ceremonies,la_metro,outdoor,2028-07-30,18:00,,,Evening,Not yet scheduled,,,,,,,0.021505376344086023,,
e5af5ad5e5092dc0dc558cc899bb524e,Football (Soccer) - Group & Knockout Stages,sd_stadium,Snapdragon Stadium,San Diego Zone,remote,outdoor,2028-07-21,,,,,Not yet scheduled,,,,,,,0.0,,
eb3b49ec1f4b7386032a0ccf7e19c0b1,Football (Soccer) - Group & Knockout Stages,stl_stadium,Energizer Park,St. Louis Zone,remote,outdoor,2028-07-20,,,,,Not yet scheduled,,,,,,,0.016129032258064516,,
d5d81f287ea6fdd69c666a39854dda44,Football (Soccer) - Group & Knockout Stages,columbus_stadium,ScottsMiracle-Gro Field,Columbus Zone,remote,outdoor,2028-07-11,,,,,Not yet scheduled,,,,,,,0.002688172043010753,,
bb2bb56c6930e90ee5d6a98af3afb10d,Football (Soccer) - Group & Knockout Stages,columbus_stadium,ScottsMiracle-Gro Field,Columbus Zone,remote,outdoor,2028-07-13,,,,,Not yet scheduled,,,,,,,0.002688172043010753,,
86b278e834537830306c798c196f69f7,Football (Soccer) - Group & Knockout Stages,columbus_stadium,ScottsMiracle-Gro Field,Columbus Zone,remote,outdoor,2028-07-13,,,,,Not yet scheduled,,,,,,,0.002688172043010753,,
b966e561696b74e4f4f0302bb9fa80fc,Football (Soccer) - Group & Knockout Stages,nashville_stadium,GEODIS Park,Nashville Zone,remote,outdoor,2028-07-11,,,,,Not yet scheduled,,,,,,,0.010752688172043012,,
9e1a4ad8c41ae7426df1a4ced18fb89b,Football (Soccer) - Group & Knockout Stages,stl_stadium,Energizer Park,St. Louis Zone,remote,outdoor,2028-07-14,,,,,Not yet scheduled,,,,,,,0.016129032258064516,,
2ed03bae3ded8166dac29325a479960a,Football (Soccer) - Group & Knockout Stages,stl_stadium,Energizer Park,St. Louis Zone,remote,outdoor,2028-07-16,,,,,Not yet scheduled,,,,,,,0.016129032258064516,,
1beb575f35dbd87072fe03753557d0c1,Football (Soccer) - Group & Knockout Stages,stl_stadium,Energizer Park,St. Louis Zone,remote,outdoor,2028-07-16,,,,,Not yet scheduled,,,,,,,0.016129032258064516,,
01d13e49b036e5a030fd106e17a6b7ef,Football (Soccer) - Group & Knockout Stages,nashville_stadium,GEODIS Park,Nashville Zone,remote,outdoor,2028-07-14,,,,,Not yet scheduled,,,,,,,0.010752688172043012,,
7a5341ddb5fe801d686fd365a19d1bfb,Football (Soccer) - Group & Knockout Stages,ny_stadium,Etihad Park,New York Zone,remote,outdoor,2028-07-14,,,,,Not yet scheduled,,,,,,,0.051075268817204304,,
1dbe2b386ba91ca5678932d3628160bd,Football (Soccer) - Group & Knockout Stages,sd_stadium,Snapdragon Stadium,San Diego Zone,remote,outdoor,2028-07-11,,,,,Not yet scheduled,,,,,,,0.0,,
8cf72025e29f1a22194423056aebfd39,Football (Soccer) - Group & Knockout Stages,sd_stadium,Snapdragon Stadium,San Diego Zone,remote,outdoor,2028-07-11,,,,,Not yet scheduled,,,,,,,0.0,,
fd506769257853911911b76bbdf7ea86,Football (Soccer) - Group & Knockout Stages,sj_stadium,PayPal Park,San José Zone,remote,outdoor,2028-07-14,,,,,Not yet scheduled,,,,,,,0.0064516129032258064,,
44c8e1c4de75963ba9ffc8672b56241c,Football (Soccer) - Group & Knockout Stages,sj_stadium,PayPal Park,San José Zone,remote,outdoor,2028-07-14,,,,,Not yet scheduled,,,,,,,0.0064516129032258064,,
168db05bd93301e94cb9badaf8e9dbf2,Football (Soccer) - Group & Knockout Stages,nashville_stadium,GEODIS Park,Nashville Zone,remote,outdoor,2028-07-10,,,,,Not yet scheduled,,,,,,,0.010752688172043012,,
b902a0f3c92e9bf5c84ea57511fa2260,Football (Soccer) - Group & Knockout Stages,nashville_stadium,GEODIS Park,Nashville Zone,remote,outdoor,2028-07-16,,,,,Not yet scheduled,,,,,,,0.010752688172043012,,
6dca61c6567772d45c68f50f07ea7748,Football (Soccer) - Group & Knockout Stages,ny_stadium,Etihad Park,New York Zone,remote,outdoor,2028-07-16,,,,,Not yet scheduled,,,,,,,0.051075268817204304,,
2251a693ad534de87feabe39f9f0dbd8,Football (Soccer) - Group & Knockout Stages,stl_stadium,Energizer Park,St. Louis Zone,remote,outdoor,2028-07-17,,,,,Not yet scheduled,,,,,,,0.016129032258064516,,
c3f5881db8c4e1081aaa96983a5cc66e,Football (Soccer) - Group & Knockout Stages,ny_stadium,Etihad Park,New York Zone,remote,outdoor,2028-07-11,,,,,Not yet scheduled,,,,,,,0.051075268817204304,,
5e70a8da0c96ed06d1abf4071d962dee,Football (Soccer) - Group & Knockout Stages,sj_stadium,PayPal Park,San José Zone,remote,outdoor,2028-07-21,,,,,Not yet scheduled,,,,,,,0.0064516129032258064,,
781e7f753b91434d38326db9cee14c20,Football (Soccer) - Group & Knockout Stages,nashville_stadium,GEODIS Park,Nashville Zone,remote,outdoor,2028-07-20,,,,,Not yet scheduled,,,,,,,0.010752688172043012,,
924111afd8a66e170260764fbcfa61ad,Football (Soccer) - Group & Knockout Stages,columbus_stadium,ScottsMiracle-Gro Field,Columbus Zone,remote,outdoor,2028-07-10,,,,,Not yet scheduled,,,,,,,0.002688172043010753,,
eb33b8baeb054c28668659088b971bd6,Football (Soccer) - Group & Knockout Stages,columbus_stadium,ScottsMiracle-Gro Field,Columbus Zone,remote,outdoor,2028-07-10,,,,,Not yet scheduled,,,,,,,0.002688172043010753,,
90e5803f74c5bf09745a4a3df7b6ef49,Football (Soccer) - Group & Knockout Stages,ny_stadium,Etihad Park,New York Zone,remote,outdoor,2028-07-10,,,,,Not yet scheduled,,,,,,,0.051075268817204304,,
3e5c7774c8966b77da4616e232a34fb2,Football (Soccer) - Group & Knockout Stages,ny_stadium,Etihad Park,New York Zone,remote,outdoor,2028-07-10,,,,,Not yet scheduled,,,,,,,0.051075268817204304,,
ca325f23e9a1f67551484e63e6718eee,Football (Soccer) - Group & Knockout Stages,columbus_stadium,ScottsMiracle-Gro Field,Columbus Zone,remote,outdoor,2028-07-16,,,,,Not yet scheduled,,,,,,,0.002688172043010753,,
2830d1c73fb35c090dd35c5ec2b30e35,Football (Soccer) - Group & Knockout Stages,columbus_stadium,ScottsMiracle-Gro Field,Columbus Zone,remote,outdoor,2028-07-16,,,,,Not yet scheduled,,,,,,,0.002688172043010753,,
ac86d6c102f8970110b9fb77657ec775,Football (Soccer) - Group & Knockout Stages,ny_stadium,Etihad Park,New York Zone,remote,outdoor,2028-07-17,,,,,Not yet scheduled,,,,,,,0.051075268817204304,,
0c215da5a8d7a3056289bd1d2187cc82,Football (Soccer) - Group & Knockout Stages,ny_stadium,Etihad Park,New York Zone,remote,outdoor,2028-07-20,,,,,Not yet scheduled,,,,,,,0.051075268817204304,,
cddf4e1ecf8ffcb875af24d6977d8681,Football (Soccer) - Group & Knockout Stages,stl_stadium,Energizer Park,St. Louis Zone,remote,outdoor,2028-07-10,,,,,Not yet scheduled,,,,,,,0.016129032258064516,,
fdb8ddeba1c3d93a5a281fa052e7a32b,Football (Soccer) - Group & Knockout Stages,columbus_stadium,ScottsMiracle-Gro Field,Columbus Zone,remote,outdoor,2028-07-14,,,,,Not yet scheduled,,,,,,,0.002688172043010753,,
33dc7dc5f586cbbb8208b94cd6460214,Opening Ceremony - Celebration,la_coliseum,Los Angeles Memorial Coliseum,Ceremonies,la_metro,outdoor,2028-07-14,17:00,,,Evening,Not yet scheduled,,,,,,,0.021505376344086023,,
ba9a4aca952f0f173cf899c75948aabf,Football (Soccer) - Group & Knockout Stages,ny_stadium,Etihad Park,New York Zone,remote,outdoor,2028-07-13,,,,,Not yet scheduled,,,,,,,0.051075268817204304,,
8f57ddd36cc53e5518f64afec324d24a,Football (Soccer) - Group & Knockout Stages,ny_stadium,Etihad Park,New York Zone,remote,outdoor,2028-07-13,,,,,Not yet scheduled,,,,,,,0.051075268817204304,,
d0d2c9f867711a107c463ba564b68c37,Football (Soccer) - Group & Knockout Stages,sd_stadium,Snapdragon Stadium,San Diego Zone,remote,outdoor,2028-07-14,,,,,Not yet scheduled,,,,,,,0.0,,
4812473193f08d281e811b47476419d6,Football (Soccer) - Group & Knockout Stages,sd_stadium,Snapdragon Stadium,San Diego Zone,remote,outdoor,2028-07-14,,,,,Not yet scheduled,,,,,,,0.0,,
b2cadde804c24630b8bf25e52ae88c74,Football (Soccer) - Group & Knockout Stages,sj_stadium,PayPal Park,San José Zone,remote,outdoor,2028-07-17,,,,,Not yet scheduled,,,,,,,0.0064516129032258064,,
af75724d99382e2cfadd762c440bd8b4,Football (Soccer) - Group & Knockout Stages,sj_stadium,PayPal Park,San José Zone,remote,outdoor,2028-07-17,,,,,Not yet scheduled,,,,,,,0.0064516129032258064,,
e2c514abf5d9c61518c9d63d0c556307,Athletics (Race Walk),,TBD,TBD Zone,,,2028-07-27,07:30,11:35,gold,Morning,Not yet scheduled,,,,,,,,,
